customer_id,customer_name,gender,age,city,signup_date
C00001,Customer 00001,Male,21,Indore,2025-04-22
C00002,Customer 00002,Male,63,Indore,2024-04-07
C00003,Customer 00003,Male,48,Ujjain,2024-10-08
C00004,Customer 00004,Male,51,Ujjain,2025-09-21
C00005,Customer 00005,Female,59,Indore,2025-02-22
C00006,Customer 00006,Female,52,Indore,2024-08-10
C00007,Customer 00007,Male,56,Indore,2024-09-08
C00008,Customer 00008,Female,56,Indore,2024-03-20
C00009,Customer 00009,Male,50,Indore,2025-11-12
C00010,Customer 00010,Male,25,Bhopal,2025-02-16
C00011,Customer 00011,Male,49,Ujjain,2025-10-30
C00012,Customer 00012,Male,50,Indore,2025-01-27
C00013,Customer 00013,Female,25,Indore,2024-11-29
C00014,Customer 00014,Male,63,Indore,2024-11-23
C00015,Customer 00015,Female,31,Indore,2024-01-02
C00016,Customer 00016,Female,51,Indore,2024-07-21
C00017,Customer 00017,Male,25,Dewas,2024-09-14
C00018,Customer 00018,Female,59,Indore,2025-01-01
C00019,Customer 00019,Female,24,Indore,2024-05-25
C00020,Customer 00020,Male,30,Indore,2025-01-12
C00021,Customer 00021,Male,38,Indore,2025-03-16
C00022,Customer 00022,Male,64,Dewas,2025-03-30
C00023,Customer 00023,Male,49,Indore,2025-02-10
C00024,Customer 00024,Male,28,Indore,2024-01-19
C00025,Customer 00025,Female,31,Dewas,2025-03-08
C00026,Customer 00026,Female,28,Indore,2025-03-04
C00027,Customer 00027,Male,19,Indore,2024-09-08
C00028,Customer 00028,Male,51,Indore,2025-07-15
C00029,Customer 00029,Female,61,Indore,2025-10-10
C00030,Customer 00030,Male,64,Indore,2024-08-08
C00031,Customer 00031,Male,34,Indore,2024-04-22
C00032,Customer 00032,Male,31,Indore,2024-05-28
C00033,Customer 00033,Other,42,Indore,2025-07-13
C00034,Customer 00034,Male,65,Ujjain,2024-02-27
C00035,Customer 00035,Female,44,Indore,2024-07-15
C00036,Customer 00036,Female,25,Ujjain,2025-10-10
C00037,Customer 00037,Male,34,Indore,2025-12-07
C00038,Customer 00038,Female,22,Indore,2025-12-18
C00039,Customer 00039,Male,29,Indore,2024-01-18
C00040,Customer 00040,Female,55,Indore,2024-08-02
C00041,Customer 00041,Female,35,Indore,2025-12-18
C00042,Customer 00042,Female,43,Indore,2025-09-27
C00043,Customer 00043,Male,48,Dewas,2024-01-16
C00044,Customer 00044,Female,54,Bhopal,2025-11-07
C00045,Customer 00045,Male,23,Indore,2025-10-21
C00046,Customer 00046,Male,58,Indore,2025-02-02
C00047,Customer 00047,Male,32,Indore,2024-08-20
C00048,Customer 00048,Female,59,Indore,2024-01-25
C00049,Customer 00049,Female,43,Bhopal,2025-02-04
C00050,Customer 00050,Male,29,Indore,2024-12-30
C00051,Customer 00051,Female,58,Indore,2024-10-21
C00052,Customer 00052,Male,64,Indore,2025-03-12
C00053,Customer 00053,Female,31,Indore,2024-03-11
C00054,Customer 00054,Male,18,Indore,2025-12-12
C00055,Customer 00055,Female,34,Indore,2025-07-12
C00056,Customer 00056,Male,50,Indore,2024-01-25
C00057,Customer 00057,Female,46,Indore,2025-12-25
C00058,Customer 00058,Male,62,Indore,2025-01-08
C00059,Customer 00059,Male,48,Indore,2025-06-28
C00060,Customer 00060,Male,25,Bhopal,2025-04-02
C00061,Customer 00061,Female,47,Ujjain,2024-08-01
C00062,Customer 00062,Female,30,Ujjain,2024-07-29
C00063,Customer 00063,Male,33,Bhopal,2025-06-24
C00064,Customer 00064,Female,19,Indore,2024-02-08
C00065,Customer 00065,Female,62,Indore,2024-09-16
C00066,Customer 00066,Female,35,Indore,2025-11-07
C00067,Customer 00067,Female,52,Ujjain,2024-04-04
C00068,Customer 00068,Male,62,Indore,2025-01-24
C00069,Customer 00069,Male,36,Indore,2024-08-07
C00070,Customer 00070,Female,30,Ujjain,2024-09-24
C00071,Customer 00071,Female,21,Indore,2025-05-08
C00072,Customer 00072,Female,36,Indore,2025-09-21
C00073,Customer 00073,Male,42,Indore,2024-03-06
C00074,Customer 00074,Male,55,Indore,2025-01-21
C00075,Customer 00075,Female,48,Indore,2024-07-11
C00076,Customer 00076,Female,53,Indore,2024-11-15
C00077,Customer 00077,Female,21,Indore,2025-06-30
C00078,Customer 00078,Female,56,Indore,2024-06-23
C00079,Customer 00079,Female,24,Indore,2024-04-21
C00080,Customer 00080,Male,33,Indore,2024-11-03
C00081,Customer 00081,Male,65,Bhopal,2024-12-05
C00082,Customer 00082,Female,22,Indore,2024-03-20
C00083,Customer 00083,Female,64,Bhopal,2025-04-22
C00084,Customer 00084,Male,40,Indore,2024-04-20
C00085,Customer 00085,Male,53,Indore,2025-05-01
C00086,Customer 00086,Female,49,Indore,2025-03-28
C00087,Customer 00087,Male,41,Indore,2025-02-16
C00088,Customer 00088,Male,42,Indore,2025-08-26
C00089,Customer 00089,Female,62,Indore,2024-07-04
C00090,Customer 00090,Female,45,Indore,2025-07-06
C00091,Customer 00091,Female,36,Bhopal,2024-03-27
C00092,Customer 00092,Male,24,Indore,2024-08-11
C00093,Customer 00093,Female,61,Bhopal,2024-02-20
C00094,Customer 00094,Male,58,Indore,2024-05-05
C00095,Customer 00095,Male,34,Indore,2024-05-25
C00096,Customer 00096,Female,19,Indore,2024-02-10
C00097,Customer 00097,Female,33,Dewas,2024-12-20
C00098,Customer 00098,Female,56,Indore,2025-03-20
C00099,Customer 00099,Female,35,Indore,2024-12-28
C00100,Customer 00100,Female,56,Indore,2025-06-19
C00101,Customer 00101,Male,18,Indore,2024-10-10
C00102,Customer 00102,Male,20,Indore,2024-02-05
C00103,Customer 00103,Male,38,Indore,2024-10-03
C00104,Customer 00104,Male,47,Bhopal,2025-11-26
C00105,Customer 00105,Female,28,Ujjain,2024-11-20
C00106,Customer 00106,Male,39,Indore,2025-10-27
C00107,Customer 00107,Female,64,Indore,2024-06-30
C00108,Customer 00108,Female,42,Indore,2025-04-15
C00109,Customer 00109,Female,20,Indore,2025-02-20
C00110,Customer 00110,Female,47,Indore,2025-10-27
C00111,Customer 00111,Female,41,Indore,2024-05-29
C00112,Customer 00112,Male,62,Indore,2025-02-07
C00113,Customer 00113,Male,53,Indore,2025-05-28
C00114,Customer 00114,Female,40,Ujjain,2025-07-19
C00115,Customer 00115,Male,25,Indore,2025-03-16
C00116,Customer 00116,Male,21,Indore,2024-09-02
C00117,Customer 00117,Female,56,Indore,2024-02-15
C00118,Customer 00118,Male,60,Indore,2024-03-15
C00119,Customer 00119,Female,48,Indore,2024-05-28
C00120,Customer 00120,Female,46,Indore,2025-02-09
C00121,Customer 00121,Female,53,Indore,2024-01-03
C00122,Customer 00122,Male,30,Indore,2024-01-09
C00123,Customer 00123,Male,58,Indore,2025-05-28
C00124,Customer 00124,Female,26,Indore,2024-08-25
C00125,Customer 00125,Male,38,Indore,2025-06-23
C00126,Customer 00126,Female,20,Indore,2024-10-16
C00127,Customer 00127,Female,42,Indore,2024-06-29
C00128,Customer 00128,Female,42,Indore,2024-11-10
C00129,Customer 00129,Male,29,Indore,2024-09-22
C00130,Customer 00130,Male,46,Indore,2024-03-23
C00131,Customer 00131,Female,28,Dewas,2024-09-14
C00132,Customer 00132,Male,28,Indore,2025-07-13
C00133,Customer 00133,Male,43,Indore,2025-10-07
C00134,Customer 00134,Female,31,Indore,2024-07-17
C00135,Customer 00135,Female,33,Indore,2024-10-18
C00136,Customer 00136,Female,27,Indore,2025-10-09
C00137,Customer 00137,Female,48,Indore,2024-03-23
C00138,Customer 00138,Male,48,Indore,2024-09-22
C00139,Customer 00139,Female,53,Indore,2025-02-20
C00140,Customer 00140,Other,27,Indore,2024-01-19
C00141,Customer 00141,Male,43,Bhopal,2025-06-13
C00142,Customer 00142,Female,37,Indore,2025-01-05
C00143,Customer 00143,Female,61,Indore,2025-11-21
C00144,Customer 00144,Female,26,Indore,2024-01-23
C00145,Customer 00145,Female,32,Indore,2025-01-19
C00146,Customer 00146,Female,26,Indore,2025-09-10
C00147,Customer 00147,Male,24,Indore,2025-10-04
C00148,Customer 00148,Male,43,Indore,2025-06-05
C00149,Customer 00149,Female,41,Dewas,2025-01-13
C00150,Customer 00150,Female,29,Indore,2025-12-11
C00151,Customer 00151,Female,37,Indore,2024-03-30
C00152,Customer 00152,Female,31,Indore,2024-05-23
C00153,Customer 00153,Female,39,Indore,2025-09-12
C00154,Customer 00154,Female,33,Bhopal,2024-07-22
C00155,Customer 00155,Female,46,Indore,2025-07-09
C00156,Customer 00156,Female,49,Indore,2025-06-03
C00157,Customer 00157,Female,36,Indore,2025-01-26
C00158,Customer 00158,Female,52,Indore,2024-10-27
C00159,Customer 00159,Female,60,Indore,2025-05-19
C00160,Customer 00160,Male,49,Indore,2024-06-01
C00161,Customer 00161,Male,37,Indore,2025-06-12
C00162,Customer 00162,Male,57,Indore,2024-12-04
C00163,Customer 00163,Female,37,Indore,2025-05-26
C00164,Customer 00164,Male,25,Indore,2024-11-30
C00165,Customer 00165,Male,52,Indore,2025-05-23
C00166,Customer 00166,Female,59,Ujjain,2024-02-25
C00167,Customer 00167,Male,30,Bhopal,2025-07-09
C00168,Customer 00168,Female,58,Dewas,2025-07-04
C00169,Customer 00169,Male,23,Indore,2024-05-09
C00170,Customer 00170,Male,64,Indore,2024-04-07
C00171,Customer 00171,Female,33,Dewas,2025-02-25
C00172,Customer 00172,Male,22,Ujjain,2024-03-20
C00173,Customer 00173,Male,62,Indore,2024-10-14
C00174,Customer 00174,Female,51,Indore,2024-06-17
C00175,Customer 00175,Female,23,Indore,2024-03-19
C00176,Customer 00176,Male,50,Dewas,2024-03-11
C00177,Customer 00177,Female,32,Indore,2024-09-19
C00178,Customer 00178,Male,32,Indore,2025-12-12
C00179,Customer 00179,Male,31,Bhopal,2025-12-23
C00180,Customer 00180,Female,56,Indore,2025-06-13
C00181,Customer 00181,Female,22,Indore,2024-07-28
C00182,Customer 00182,Female,43,Indore,2024-04-26
C00183,Customer 00183,Female,65,Indore,2025-09-07
C00184,Customer 00184,Female,34,Indore,2024-03-17
C00185,Customer 00185,Female,60,Indore,2024-11-10
C00186,Customer 00186,Male,64,Indore,2024-01-11
C00187,Customer 00187,Female,33,Indore,2024-02-20
C00188,Customer 00188,Male,52,Indore,2024-01-07
C00189,Customer 00189,Male,55,Bhopal,2025-07-02
C00190,Customer 00190,Male,40,Dewas,2024-09-17
C00191,Customer 00191,Male,30,Indore,2025-07-27
C00192,Customer 00192,Female,50,Bhopal,2025-05-26
C00193,Customer 00193,Female,46,Indore,2024-07-18
C00194,Customer 00194,Female,63,Indore,2024-11-25
C00195,Customer 00195,Male,51,Indore,2024-03-30
C00196,Customer 00196,Male,51,Indore,2025-08-13
C00197,Customer 00197,Male,44,Indore,2024-02-24
C00198,Customer 00198,Male,32,Indore,2024-08-08
C00199,Customer 00199,Female,26,Dewas,2024-04-01
C00200,Customer 00200,Female,43,Indore,2025-08-08
C00201,Customer 00201,Female,20,Indore,2024-02-25
C00202,Customer 00202,Male,53,Indore,2024-06-27
C00203,Customer 00203,Female,64,Indore,2024-03-01
C00204,Customer 00204,Female,22,Indore,2024-04-26
C00205,Customer 00205,Female,37,Indore,2025-08-12
C00206,Customer 00206,Female,37,Indore,2024-08-23
C00207,Customer 00207,Male,22,Indore,2024-02-02
C00208,Customer 00208,Male,27,Ujjain,2025-07-20
C00209,Customer 00209,Male,33,Indore,2024-08-30
C00210,Customer 00210,Female,42,Indore,2024-03-14
C00211,Customer 00211,Male,61,Indore,2024-01-21
C00212,Customer 00212,Male,42,Indore,2025-12-13
C00213,Customer 00213,Male,47,Indore,2024-06-02
C00214,Customer 00214,Male,31,Indore,2024-09-10
C00215,Customer 00215,Female,39,Ujjain,2024-07-25
C00216,Customer 00216,Female,60,Indore,2024-05-28
C00217,Customer 00217,Male,45,Dewas,2025-11-25
C00218,Customer 00218,Male,47,Indore,2024-10-28
C00219,Customer 00219,Male,36,Indore,2024-10-23
C00220,Customer 00220,Male,55,Indore,2025-05-05
C00221,Customer 00221,Male,59,Indore,2024-02-13
C00222,Customer 00222,Male,37,Indore,2024-05-23
C00223,Customer 00223,Male,52,Indore,2024-08-31
C00224,Customer 00224,Female,39,Indore,2025-02-22
C00225,Customer 00225,Female,32,Indore,2025-05-31
C00226,Customer 00226,Male,28,Indore,2024-03-02
C00227,Customer 00227,Male,51,Bhopal,2025-06-21
C00228,Customer 00228,Female,41,Indore,2024-11-12
C00229,Customer 00229,Female,23,Indore,2025-03-10
C00230,Customer 00230,Female,34,Indore,2025-11-26
C00231,Customer 00231,Female,45,Bhopal,2025-01-15
C00232,Customer 00232,Male,48,Ujjain,2024-02-05
C00233,Customer 00233,Male,53,Indore,2025-06-25
C00234,Customer 00234,Female,26,Bhopal,2025-08-03
C00235,Customer 00235,Male,27,Indore,2024-08-19
C00236,Customer 00236,Female,38,Indore,2025-11-18
C00237,Customer 00237,Female,51,Indore,2024-02-02
C00238,Customer 00238,Female,48,Indore,2025-08-03
C00239,Customer 00239,Male,46,Indore,2024-12-17
C00240,Customer 00240,Female,60,Indore,2024-09-11
C00241,Customer 00241,Male,60,Indore,2024-02-19
C00242,Customer 00242,Female,28,Indore,2024-01-23
C00243,Customer 00243,Female,50,Indore,2024-09-10
C00244,Customer 00244,Male,63,Indore,2025-01-28
C00245,Customer 00245,Female,18,Indore,2025-11-06
C00246,Customer 00246,Female,38,Indore,2024-09-29
C00247,Customer 00247,Male,40,Indore,2025-11-23
C00248,Customer 00248,Male,26,Ujjain,2024-09-06
C00249,Customer 00249,Male,18,Indore,2024-08-24
C00250,Customer 00250,Male,38,Indore,2024-08-19
C00251,Customer 00251,Male,39,Indore,2025-03-03
C00252,Customer 00252,Female,21,Indore,2025-09-25
C00253,Customer 00253,Male,18,Indore,2024-08-29
C00254,Customer 00254,Male,27,Indore,2024-05-13
C00255,Customer 00255,Female,32,Indore,2024-03-11
C00256,Customer 00256,Male,53,Indore,2025-04-09
C00257,Customer 00257,Female,46,Indore,2025-02-24
C00258,Customer 00258,Male,63,Indore,2024-11-05
C00259,Customer 00259,Male,22,Indore,2024-10-05
C00260,Customer 00260,Female,46,Indore,2024-08-06
C00261,Customer 00261,Female,64,Indore,2025-11-27
C00262,Customer 00262,Female,64,Indore,2024-11-02
C00263,Customer 00263,Female,44,Indore,2024-11-09
C00264,Customer 00264,Female,42,Indore,2025-02-06
C00265,Customer 00265,Male,33,Indore,2025-12-29
C00266,Customer 00266,Male,33,Indore,2025-05-02
C00267,Customer 00267,Female,53,Indore,2025-02-08
C00268,Customer 00268,Female,42,Dewas,2025-01-13
C00269,Customer 00269,Other,58,Indore,2024-10-07
C00270,Customer 00270,Male,18,Indore,2025-09-28
C00271,Customer 00271,Male,22,Indore,2025-11-21
C00272,Customer 00272,Female,58,Indore,2024-11-22
C00273,Customer 00273,Male,37,Indore,2024-02-04
C00274,Customer 00274,Female,22,Ujjain,2024-03-10
C00275,Customer 00275,Female,53,Indore,2024-12-25
C00276,Customer 00276,Male,46,Indore,2025-11-20
C00277,Customer 00277,Female,65,Indore,2025-02-11
C00278,Customer 00278,Female,51,Indore,2025-07-14
C00279,Customer 00279,Male,65,Indore,2025-08-02
C00280,Customer 00280,Female,35,Ujjain,2025-06-02
C00281,Customer 00281,Female,19,Indore,2025-08-28
C00282,Customer 00282,Female,33,Indore,2025-01-18
C00283,Customer 00283,Male,46,Indore,2024-03-21
C00284,Customer 00284,Female,50,Indore,2025-03-13
C00285,Customer 00285,Male,33,Indore,2024-09-06
C00286,Customer 00286,Male,52,Bhopal,2024-02-07
C00287,Customer 00287,Female,64,Indore,2024-02-14
C00288,Customer 00288,Male,60,Indore,2024-12-24
C00289,Customer 00289,Male,59,Indore,2024-05-16
C00290,Customer 00290,Female,34,Indore,2025-04-05
C00291,Customer 00291,Female,21,Indore,2025-01-01
C00292,Customer 00292,Female,21,Indore,2024-10-31
C00293,Customer 00293,Female,42,Bhopal,2024-08-16
C00294,Customer 00294,Male,50,Indore,2024-07-01
C00295,Customer 00295,Male,31,Indore,2025-04-11
C00296,Customer 00296,Male,41,Bhopal,2024-07-22
C00297,Customer 00297,Female,28,Indore,2025-09-14
C00298,Customer 00298,Female,42,Indore,2024-03-08
C00299,Customer 00299,Female,45,Bhopal,2025-07-03
C00300,Customer 00300,Female,24,Indore,2025-12-10
C00301,Customer 00301,Male,53,Indore,2024-10-31
C00302,Customer 00302,Male,27,Indore,2025-08-26
C00303,Customer 00303,Male,53,Indore,2025-09-19
C00304,Customer 00304,Female,48,Indore,2024-04-04
C00305,Customer 00305,Male,36,Indore,2025-12-25
C00306,Customer 00306,Female,35,Indore,2024-09-02
C00307,Customer 00307,Male,23,Indore,2025-11-15
C00308,Customer 00308,Male,45,Indore,2024-03-19
C00309,Customer 00309,Male,24,Indore,2025-03-08
C00310,Customer 00310,Female,55,Indore,2024-10-06
C00311,Customer 00311,Female,29,Indore,2025-10-22
C00312,Customer 00312,Male,58,Indore,2025-01-03
C00313,Customer 00313,Male,51,Indore,2024-10-05
C00314,Customer 00314,Female,42,Indore,2024-12-16
C00315,Customer 00315,Male,34,Ujjain,2024-08-13
C00316,Customer 00316,Female,50,Dewas,2025-02-09
C00317,Customer 00317,Female,40,Indore,2025-03-21
C00318,Customer 00318,Male,26,Bhopal,2024-11-18
C00319,Customer 00319,Male,23,Indore,2025-09-21
C00320,Customer 00320,Other,19,Indore,2024-03-13
C00321,Customer 00321,Male,55,Indore,2025-06-01
C00322,Customer 00322,Male,26,Indore,2024-11-16
C00323,Customer 00323,Female,20,Indore,2024-01-22
C00324,Customer 00324,Female,33,Indore,
C00325,Customer 00325,Other,42,Indore,2025-12-08
C00326,Customer 00326,Female,41,Bhopal,2024-04-18
C00327,Customer 00327,Male,64,Dewas,2025-01-06
C00328,Customer 00328,Male,46,Indore,2025-11-27
C00329,Customer 00329,Female,61,Indore,2025-03-31
C00330,Customer 00330,Female,57,Indore,2025-07-20
C00331,Customer 00331,Male,43,Indore,2024-08-16
C00332,Customer 00332,Female,55,Dewas,2025-06-14
C00333,Customer 00333,Male,52,Bhopal,2024-12-29
C00334,Customer 00334,Male,40,Ujjain,2025-02-28
C00335,Customer 00335,Male,21,Indore,2024-08-03
C00336,Customer 00336,Male,59,Ujjain,2024-02-17
C00337,Customer 00337,Male,31,Indore,2025-04-09
C00338,Customer 00338,Male,64,Indore,2025-11-02
C00339,Customer 00339,Male,56,Indore,2024-09-29
C00340,Customer 00340,Female,24,Ujjain,2025-08-30
C00341,Customer 00341,Female,25,Ujjain,2024-01-30
C00342,Customer 00342,Female,59,Indore,2025-09-24
C00343,Customer 00343,Female,36,Indore,2024-07-08
C00344,Customer 00344,Male,19,Bhopal,2024-05-31
C00345,Customer 00345,Male,64,Indore,2025-01-10
C00346,Customer 00346,Female,18,Indore,2024-09-11
C00347,Customer 00347,Male,59,Indore,2025-12-03
C00348,Customer 00348,Female,55,Indore,2025-10-15
C00349,Customer 00349,Male,30,Bhopal,2024-02-03
C00350,Customer 00350,Female,59,Indore,2024-07-05
C00351,Customer 00351,Male,61,Indore,2025-03-24
C00352,Customer 00352,Female,41,Indore,2024-03-26
C00353,Customer 00353,Female,49,Indore,2025-11-03
C00354,Customer 00354,Other,47,Indore,2024-04-27
C00355,Customer 00355,Male,23,Ujjain,2025-09-14
C00356,Customer 00356,Female,55,Indore,2024-02-27
C00357,Customer 00357,Female,50,Bhopal,2024-01-18
C00358,Customer 00358,Female,61,Ujjain,2024-05-19
C00359,Customer 00359,Female,40,Indore,2025-04-02
C00360,Customer 00360,Female,27,Indore,2025-12-06
C00361,Customer 00361,Male,63,Indore,2025-10-03
C00362,Customer 00362,Female,32,Indore,2024-07-30
C00363,Customer 00363,Female,40,Indore,2025-04-30
C00364,Customer 00364,Female,53,Indore,2024-04-29
C00365,Customer 00365,Male,18,Indore,2025-07-07
C00366,Customer 00366,Male,25,Indore,2024-01-03
C00367,Customer 00367,Female,20,Indore,2024-08-16
C00368,Customer 00368,Female,31,Indore,2024-08-16
C00369,Customer 00369,Male,34,Indore,2024-12-08
C00370,Customer 00370,Female,51,Indore,2024-05-20
C00371,Customer 00371,Male,64,Indore,2024-02-26
C00372,Customer 00372,Male,23,Indore,2024-08-03
C00373,Customer 00373,Male,22,Ujjain,2025-10-04
C00374,Customer 00374,Male,63,Indore,2024-04-23
C00375,Customer 00375,Female,58,Indore,2025-12-03
C00376,Customer 00376,Male,57,Indore,2024-10-20
C00377,Customer 00377,Female,46,Indore,2024-01-28
C00378,Customer 00378,Other,52,Indore,2025-06-21
C00379,Customer 00379,Female,35,Indore,2025-08-18
C00380,Customer 00380,Female,57,Indore,2024-11-16
C00381,Customer 00381,Male,65,Indore,2025-12-14
C00382,Customer 00382,Female,47,Indore,2025-07-26
C00383,Customer 00383,Female,32,Indore,2025-11-27
C00384,Customer 00384,Male,32,Indore,2025-05-27
C00385,Customer 00385,Female,33,Dewas,2024-02-01
C00386,Customer 00386,Female,50,Indore,2025-02-14
C00387,Customer 00387,Female,27,Indore,2025-01-31
C00388,Customer 00388,Female,36,Indore,2024-01-17
C00389,Customer 00389,Female,54,Indore,2025-08-23
C00390,Customer 00390,Male,20,Indore,2024-02-21
C00391,Customer 00391,Female,53,Indore,2025-01-04
C00392,Customer 00392,Female,21,Indore,2024-06-12
C00393,Customer 00393,Male,28,Indore,2024-10-29
C00394,Customer 00394,Male,58,Indore,2025-03-25
C00395,Customer 00395,Male,50,Indore,2025-06-27
C00396,Customer 00396,Female,45,Indore,2025-12-10
C00397,Customer 00397,Other,49,Indore,2025-05-16
C00398,Customer 00398,Male,33,Indore,2024-12-16
C00399,Customer 00399,Female,26,Indore,2025-01-13
C00400,Customer 00400,Male,28,Indore,2025-03-14
C00401,Customer 00401,Female,23,Indore,2024-07-19
C00402,Customer 00402,Female,44,Indore,2024-04-16
C00403,Customer 00403,Female,29,Indore,2025-05-19
C00404,Customer 00404,Male,39,Indore,2025-01-18
C00405,Customer 00405,Male,57,Indore,2024-10-22
C00406,Customer 00406,Male,65,Indore,2024-01-28
C00407,Customer 00407,Male,54,Indore,2024-12-02
C00408,Customer 00408,Female,38,Ujjain,2024-10-13
C00409,Customer 00409,Female,50,Indore,2025-09-22
C00410,Customer 00410,Other,34,Indore,2024-12-08
C00411,Customer 00411,Other,46,Indore,2024-01-31
C00412,Customer 00412,Female,57,Indore,2025-10-27
C00413,Customer 00413,Female,27,Ujjain,2025-05-01
C00414,Customer 00414,Female,35,Indore,2025-09-10
C00415,Customer 00415,Female,64,Indore,2024-09-07
C00416,Customer 00416,Male,30,Indore,2024-12-28
C00417,Customer 00417,Male,44,Indore,2024-04-16
C00418,Customer 00418,Male,27,Indore,2025-05-20
C00419,Customer 00419,Female,49,Indore,2025-03-17
C00420,Customer 00420,Female,58,Indore,2024-04-26
C00421,Customer 00421,Male,62,Indore,2024-09-01
C00422,Customer 00422,Female,20,Indore,2024-03-19
C00423,Customer 00423,Female,39,Indore,2025-04-30
C00424,Customer 00424,Male,44,Indore,2024-01-23
C00425,Customer 00425,Male,20,Ujjain,2024-07-15
C00426,Customer 00426,Female,50,Indore,2024-12-26
C00427,Customer 00427,Female,19,Indore,2025-11-30
C00428,Customer 00428,Female,28,Indore,2025-03-02
C00429,Customer 00429,Female,63,Indore,2024-08-04
C00430,Customer 00430,Female,27,Dewas,2025-10-27
C00431,Customer 00431,Female,56,Indore,2025-12-07
C00432,Customer 00432,Female,50,Indore,2025-09-19
C00433,Customer 00433,Female,24,Indore,2024-07-14
C00434,Customer 00434,Male,32,Indore,2025-07-20
C00435,Customer 00435,Male,43,Indore,2025-11-17
C00436,Customer 00436,Male,28,Indore,2025-03-18
C00437,Customer 00437,Female,55,Indore,2025-04-03
C00438,Customer 00438,Female,44,Indore,2025-04-03
C00439,Customer 00439,Female,56,Indore,2025-04-28
C00440,Customer 00440,Male,24,Indore,2024-05-23
C00441,Customer 00441,Male,18,Indore,2024-11-09
C00442,Customer 00442,Male,27,Indore,2025-12-29
C00443,Customer 00443,Male,38,Indore,2024-09-13
C00444,Customer 00444,Female,32,Dewas,2025-09-30
C00445,Customer 00445,Male,47,Indore,2025-04-18
C00446,Customer 00446,Male,47,Dewas,2025-11-15
C00447,Customer 00447,Female,25,Indore,2025-08-28
C00448,Customer 00448,Male,41,Indore,2025-05-13
C00449,Customer 00449,Female,36,Indore,2024-08-06
C00450,Customer 00450,Female,20,Indore,2025-07-17
C00451,Customer 00451,Male,32,Indore,2025-06-14
C00452,Customer 00452,Female,53,Indore,2024-12-23
C00453,Customer 00453,Female,23,Indore,2024-08-24
C00454,Customer 00454,Female,59,Indore,2025-11-13
C00455,Customer 00455,Male,65,Indore,2024-10-01
C00456,Customer 00456,Female,35,Indore,2025-11-02
C00457,Customer 00457,Male,55,Indore,2025-07-30
C00458,Customer 00458,Male,36,Indore,2024-08-04
C00459,Customer 00459,Male,47,Indore,2025-07-12
C00460,Customer 00460,Other,30,Bhopal,2025-01-31
C00461,Customer 00461,Male,56,Indore,2024-03-14
C00462,Customer 00462,Male,29,Dewas,2025-11-06
C00463,Customer 00463,Female,51,Dewas,2025-12-10
C00464,Customer 00464,Male,29,Indore,2024-11-23
C00465,Customer 00465,Male,61,Indore,2025-02-11
C00466,Customer 00466,Male,41,Bhopal,2024-05-27
C00467,Customer 00467,Male,21,Bhopal,2024-03-26
C00468,Customer 00468,Male,53,Indore,2025-06-04
C00469,Customer 00469,Male,65,Indore,2025-05-17
C00470,Customer 00470,Female,31,Indore,2024-08-19
C00471,Customer 00471,Male,34,Indore,2025-05-12
C00472,Customer 00472,Male,20,Indore,2025-02-26
C00473,Customer 00473,Female,55,Bhopal,2025-04-11
C00474,Customer 00474,Male,40,Indore,2024-09-03
C00475,Customer 00475,Female,30,Ujjain,2025-01-04
C00476,Customer 00476,Male,26,Indore,2025-05-27
C00477,Customer 00477,Male,38,Indore,2024-04-14
C00478,Customer 00478,Male,58,Bhopal,2024-08-21
C00479,Customer 00479,Male,25,Indore,2025-04-02
C00480,Customer 00480,Male,34,Indore,2024-09-13
C00481,Customer 00481,Male,33,Indore,2025-04-19
C00482,Customer 00482,Male,33,Indore,2025-08-15
C00483,Customer 00483,Male,45,Indore,2025-09-26
C00484,Customer 00484,Male,33,Indore,2024-06-20
C00485,Customer 00485,Male,63,Indore,2024-09-29
C00486,Customer 00486,Male,63,Indore,2024-07-12
C00487,Customer 00487,Female,31,Indore,2024-04-21
C00488,Customer 00488,Female,63,Indore,2024-01-23
C00489,Customer 00489,Male,61,Indore,2024-11-10
C00490,Customer 00490,Female,55,Indore,2024-07-20
C00491,Customer 00491,Female,37,Indore,2025-05-15
C00492,Customer 00492,Male,62,Indore,2025-09-09
C00493,Customer 00493,Female,65,Indore,2025-08-28
C00494,Customer 00494,Female,58,Indore,2024-01-25
C00495,Customer 00495,Male,51,Indore,2025-10-18
C00496,Customer 00496,Male,46,Indore,2025-05-22
C00497,Customer 00497,Female,20,Indore,2024-12-31
C00498,Customer 00498,Female,27,Indore,2025-06-14
C00499,Customer 00499,Male,37,Bhopal,2025-12-22
C00500,Customer 00500,Male,19,Ujjain,2025-08-16
C00501,Customer 00501,Male,44,Indore,2024-02-15
C00502,Customer 00502,Male,49,Indore,2024-02-04
C00503,Customer 00503,Female,27,Bhopal,2024-07-20
C00504,Customer 00504,Male,57,Indore,2025-06-18
C00505,Customer 00505,Male,34,Indore,2024-12-30
C00506,Customer 00506,Female,50,Indore,2025-04-14
C00507,Customer 00507,Male,23,Bhopal,2024-10-26
C00508,Customer 00508,Male,56,Indore,2025-02-19
C00509,Customer 00509,Female,64,Indore,2024-12-11
C00510,Customer 00510,Female,35,Indore,2024-12-14
C00511,Customer 00511,Female,26,Bhopal,2025-11-29
C00512,Customer 00512,Female,25,Indore,2024-07-08
C00513,Customer 00513,Male,42,Indore,2025-02-06
C00514,Customer 00514,Male,48,Indore,2024-12-14
C00515,Customer 00515,Female,59,Indore,2025-01-07
C00516,Customer 00516,Male,21,Indore,2025-09-30
C00517,Customer 00517,Male,37,Indore,2025-05-19
C00518,Customer 00518,Male,45,Indore,2024-10-17
C00519,Customer 00519,Male,57,Indore,2024-04-20
C00520,Customer 00520,Male,18,Indore,2025-07-08
C00521,Customer 00521,Male,57,Indore,2025-05-17
C00522,Customer 00522,Male,61,Indore,2024-10-27
C00523,Customer 00523,Male,40,Indore,2025-10-07
C00524,Customer 00524,Female,64,Indore,2024-01-13
C00525,Customer 00525,Female,30,Indore,2025-06-06
C00526,Customer 00526,Female,33,Indore,2024-04-11
C00527,Customer 00527,Female,43,Indore,2024-07-15
C00528,Customer 00528,Male,48,Indore,2025-01-25
C00529,Customer 00529,Male,18,Indore,2024-02-24
C00530,Customer 00530,Female,34,Indore,2024-07-01
C00531,Customer 00531,Female,33,Bhopal,2024-01-19
C00532,Customer 00532,Female,54,Indore,2024-12-28
C00533,Customer 00533,Male,27,Indore,2025-04-17
C00534,Customer 00534,Male,55,Indore,2024-01-09
C00535,Customer 00535,Male,61,Indore,2025-10-21
C00536,Customer 00536,Male,48,Indore,2024-01-25
C00537,Customer 00537,Female,27,Indore,2024-11-01
C00538,Customer 00538,Female,51,Ujjain,2025-08-06
C00539,Customer 00539,Male,23,Indore,2025-03-09
C00540,Customer 00540,Other,45,Indore,2025-02-25
C00541,Customer 00541,Female,45,Indore,2024-02-26
C00542,Customer 00542,Male,30,Indore,2025-06-17
C00543,Customer 00543,Male,58,Indore,2025-07-01
C00544,Customer 00544,Male,29,Indore,2024-06-27
C00545,Customer 00545,Male,57,Indore,2024-03-08
C00546,Customer 00546,Male,19,Indore,2025-05-10
C00547,Customer 00547,Male,25,Indore,2024-01-01
C00548,Customer 00548,Male,59,Indore,2024-02-17
C00549,Customer 00549,Male,26,Bhopal,2025-02-20
C00550,Customer 00550,Female,25,Indore,2025-10-25
C00551,Customer 00551,Male,20,Indore,2024-07-15
C00552,Customer 00552,Female,26,Indore,2025-07-23
C00553,Customer 00553,Male,30,Indore,2024-02-17
C00554,Customer 00554,Other,26,Indore,2024-12-20
C00555,Customer 00555,Male,48,Indore,2024-08-21
C00556,Customer 00556,Male,42,Indore,2025-03-12
C00557,Customer 00557,Female,61,Indore,2025-11-30
C00558,Customer 00558,Female,62,Indore,2025-09-17
C00559,Customer 00559,Female,25,Indore,2024-03-30
C00560,Customer 00560,Male,64,Indore,2025-01-03
C00561,Customer 00561,Male,48,Indore,2024-06-17
C00562,Customer 00562,Female,62,Bhopal,2024-12-28
C00563,Customer 00563,Female,62,Indore,2024-06-25
C00564,Customer 00564,Female,48,Indore,2025-05-14
C00565,Customer 00565,Female,34,Indore,2025-12-04
C00566,Customer 00566,Male,64,Indore,2024-05-12
C00567,Customer 00567,Female,36,Indore,2024-06-20
C00568,Customer 00568,Male,20,Dewas,2025-06-13
C00569,Customer 00569,Male,63,Indore,2025-03-16
C00570,Customer 00570,Male,47,Dewas,2024-04-21
C00571,Customer 00571,Female,27,Indore,2024-02-09
C00572,Customer 00572,Male,46,Indore,2024-04-11
C00573,Customer 00573,Male,57,Indore,2025-01-03
C00574,Customer 00574,Female,35,Indore,2024-06-22
C00575,Customer 00575,Male,29,Dewas,2024-12-06
C00576,Customer 00576,Female,40,Indore,2024-07-14
C00577,Customer 00577,Male,28,Bhopal,2025-08-06
C00578,Customer 00578,Male,26,Indore,2024-06-30
C00579,Customer 00579,Female,41,Indore,2024-11-18
C00580,Customer 00580,Male,42,Indore,2024-04-22
C00581,Customer 00581,Male,42,Indore,2025-11-05
C00582,Customer 00582,Male,64,Indore,2025-07-04
C00583,Customer 00583,Male,26,Indore,2024-08-22
C00584,Customer 00584,Other,29,Bhopal,2025-05-19
C00585,Customer 00585,Male,28,Indore,2024-03-11
C00586,Customer 00586,Female,55,Indore,2024-08-06
C00587,Customer 00587,Male,45,Indore,2025-05-31
C00588,Customer 00588,Female,25,Indore,2024-06-13
C00589,Customer 00589,Female,27,Indore,2025-05-27
C00590,Customer 00590,Female,42,Bhopal,2025-01-15
C00591,Customer 00591,Male,64,Indore,2024-07-02
C00592,Customer 00592,Male,53,Indore,2025-01-03
C00593,Customer 00593,Male,60,Indore,2025-03-23
C00594,Customer 00594,Female,26,Bhopal,2024-01-08
C00595,Customer 00595,Female,58,Indore,2025-09-11
C00596,Customer 00596,Female,25,Bhopal,2025-01-16
C00597,Customer 00597,Male,20,Indore,2025-01-16
C00598,Customer 00598,Female,35,Indore,2025-03-23
C00599,Customer 00599,Female,63,Indore,2025-11-27
C00600,Customer 00600,Male,52,Indore,2024-06-02
C00601,Customer 00601,Male,34,Indore,2024-02-03
C00602,Customer 00602,Female,53,Indore,2025-05-11
C00603,Customer 00603,Female,45,Indore,2024-01-22
C00604,Customer 00604,Female,32,Ujjain,2025-01-14
C00605,Customer 00605,Male,36,Indore,2024-05-27
C00606,Customer 00606,Female,39,Bhopal,2025-10-24
C00607,Customer 00607,Male,23,Indore,2025-08-01
C00608,Customer 00608,Male,64,Indore,2025-08-12
C00609,Customer 00609,Male,24,Ujjain,2025-07-04
C00610,Customer 00610,Female,61,Indore,2025-11-07
C00611,Customer 00611,Female,65,Indore,2024-04-08
C00612,Customer 00612,Female,26,Indore,2025-10-02
C00613,Customer 00613,Male,37,Dewas,2025-06-14
C00614,Customer 00614,Female,54,Indore,2024-09-27
C00615,Customer 00615,Male,28,Indore,2024-01-01
C00616,Customer 00616,Female,19,Indore,2024-10-13
C00617,Customer 00617,Male,39,Indore,2024-06-28
C00618,Customer 00618,Male,65,Dewas,2024-09-12
C00619,Customer 00619,Male,53,Indore,2024-06-22
C00620,Customer 00620,Male,22,Indore,2024-02-19
C00621,Customer 00621,Female,24,Indore,2025-06-15
C00622,Customer 00622,Female,23,Indore,2025-09-08
C00623,Customer 00623,Male,39,Indore,2024-07-08
C00624,Customer 00624,Female,27,Indore,2024-02-12
C00625,Customer 00625,Male,63,Indore,2025-05-31
C00626,Customer 00626,Female,57,Indore,2024-03-06
C00627,Customer 00627,Female,63,Indore,2025-01-30
C00628,Customer 00628,Female,63,Indore,2024-09-07
C00629,Customer 00629,Male,37,Indore,2024-05-07
C00630,Customer 00630,Female,45,Indore,2025-11-27
C00631,Customer 00631,Female,40,Indore,2024-07-06
C00632,Customer 00632,Male,52,Indore,2024-07-01
C00633,Customer 00633,Male,18,Bhopal,2025-08-05
C00634,Customer 00634,Female,46,Indore,2025-07-31
C00635,Customer 00635,Female,26,Indore,2025-10-28
C00636,Customer 00636,Female,26,Indore,2025-02-15
C00637,Customer 00637,Female,39,Indore,2024-03-19
C00638,Customer 00638,Female,19,Indore,2024-01-19
C00639,Customer 00639,Male,33,Indore,2025-04-22
C00640,Customer 00640,Male,57,Indore,2024-02-14
C00641,Customer 00641,Male,23,Indore,2024-08-09
C00642,Customer 00642,Female,30,Indore,2024-05-08
C00643,Customer 00643,Male,50,Indore,2025-09-09
C00644,Customer 00644,Female,36,Indore,2025-09-24
C00645,Customer 00645,Female,32,Indore,2024-08-17
C00646,Customer 00646,Female,50,Indore,2024-08-14
C00647,Customer 00647,Male,27,Indore,2025-01-31
C00648,Customer 00648,Female,18,Indore,2024-10-01
C00649,Customer 00649,Male,29,Indore,2024-05-17
C00650,Customer 00650,Female,60,Indore,2024-06-21
C00651,Customer 00651,Male,46,Indore,2024-11-22
C00652,Customer 00652,Male,34,Ujjain,2024-08-02
C00653,Customer 00653,Female,21,Indore,2024-08-15
C00654,Customer 00654,Male,46,Indore,2024-04-16
C00655,Customer 00655,Male,24,Bhopal,2024-06-07
C00656,Customer 00656,Female,61,Dewas,2024-05-15
C00657,Customer 00657,Female,30,Indore,2024-01-30
C00658,Customer 00658,Female,22,Indore,2024-04-07
C00659,Customer 00659,Female,23,Indore,2025-08-31
C00660,Customer 00660,Female,51,Ujjain,2025-06-06
C00661,Customer 00661,Male,24,Indore,2024-12-07
C00662,Customer 00662,Male,63,Indore,2024-06-16
C00663,Customer 00663,Male,45,Dewas,2024-07-29
C00664,Customer 00664,Female,63,Indore,2025-11-14
C00665,Customer 00665,Female,27,Indore,2025-09-23
C00666,Customer 00666,Male,21,Indore,2024-07-03
C00667,Customer 00667,Male,20,Indore,2025-03-07
C00668,Customer 00668,Female,42,Indore,2025-02-27
C00669,Customer 00669,Male,40,Indore,2024-02-08
C00670,Customer 00670,Female,44,Indore,2025-01-21
C00671,Customer 00671,Female,31,Dewas,2025-03-26
C00672,Customer 00672,Female,55,Indore,2024-04-24
C00673,Customer 00673,Male,49,Indore,2025-02-04
C00674,Customer 00674,Female,40,Indore,2024-10-30
C00675,Customer 00675,Female,64,Indore,2025-08-25
C00676,Customer 00676,Female,57,Indore,2024-11-04
C00677,Customer 00677,Female,54,Indore,2025-07-26
C00678,Customer 00678,Female,20,Indore,2024-04-12
C00679,Customer 00679,Female,52,Indore,2025-12-27
C00680,Customer 00680,Male,30,Indore,2024-04-11
C00681,Customer 00681,Female,51,Dewas,2025-10-16
C00682,Customer 00682,Female,41,Indore,2024-03-30
C00683,Customer 00683,Male,18,Indore,2024-04-27
C00684,Customer 00684,Female,29,Indore,2024-05-18
C00685,Customer 00685,Female,25,Bhopal,2024-10-29
C00686,Customer 00686,Female,36,Indore,2025-10-09
C00687,Customer 00687,Male,26,Indore,2025-05-31
C00688,Customer 00688,Male,45,Ujjain,2024-07-27
C00689,Customer 00689,Other,31,Ujjain,2024-03-27
C00690,Customer 00690,Female,44,Dewas,2024-11-14
C00691,Customer 00691,Male,35,Indore,2025-09-24
C00692,Customer 00692,Female,59,Dewas,2024-09-01
C00693,Customer 00693,Female,58,Indore,2024-03-30
C00694,Customer 00694,Female,23,Indore,2025-04-22
C00695,Customer 00695,Female,50,Indore,2025-10-13
C00696,Customer 00696,Male,54,Indore,2024-04-21
C00697,Customer 00697,Male,59,Indore,2025-01-28
C00698,Customer 00698,Male,42,Indore,2024-08-27
C00699,Customer 00699,Female,30,Indore,2024-09-28
C00700,Customer 00700,Male,40,Indore,2024-05-22
C00701,Customer 00701,Male,53,Indore,2025-12-19
C00702,Customer 00702,Male,50,Indore,2024-04-28
C00703,Customer 00703,Female,38,Indore,2025-08-18
C00704,Customer 00704,Female,51,Indore,2024-09-07
C00705,Customer 00705,Male,53,Indore,2024-10-04
C00706,Customer 00706,Male,34,Indore,2024-06-11
C00707,Customer 00707,Female,27,Indore,2025-10-15
C00708,Customer 00708,Male,40,Indore,2024-12-15
C00709,Customer 00709,Male,61,Indore,2024-01-31
C00710,Customer 00710,Male,19,Indore,2025-04-02
C00711,Customer 00711,Male,52,Indore,2024-03-31
C00712,Customer 00712,Male,31,Indore,2024-05-07
C00713,Customer 00713,Male,64,Bhopal,2025-07-01
C00714,Customer 00714,Male,62,Indore,2025-12-25
C00715,Customer 00715,Female,58,Indore,2025-05-23
C00716,Customer 00716,Male,19,Ujjain,2024-08-24
C00717,Customer 00717,Female,36,Dewas,2025-06-16
C00718,Customer 00718,Female,33,Indore,2025-08-30
C00719,Customer 00719,Male,60,Indore,2024-02-20
C00720,Customer 00720,Female,61,Indore,2025-04-13
C00721,Customer 00721,Male,42,Indore,2025-01-22
C00722,Customer 00722,Female,18,Indore,2024-03-02
C00723,Customer 00723,Male,19,Indore,2024-12-08
C00724,Customer 00724,Male,65,Bhopal,2024-06-01
C00725,Customer 00725,Male,44,Bhopal,2025-10-15
C00726,Customer 00726,Other,19,Ujjain,2024-02-10
C00727,Customer 00727,Female,47,Indore,2025-04-30
C00728,Customer 00728,Female,27,Indore,2025-11-08
C00729,Customer 00729,Male,36,Indore,2025-12-02
C00730,Customer 00730,Female,59,Indore,2025-07-10
C00731,Customer 00731,Male,33,Indore,2025-12-20
C00732,Customer 00732,Female,30,Indore,2025-01-16
C00733,Customer 00733,Male,65,Ujjain,2024-04-05
C00734,Customer 00734,Male,25,Ujjain,2024-10-19
C00735,Customer 00735,Male,48,Indore,2024-08-22
C00736,Customer 00736,Male,62,Indore,2024-12-06
C00737,Customer 00737,Female,42,Indore,2025-12-19
C00738,Customer 00738,Male,56,Dewas,2025-06-21
C00739,Customer 00739,Female,38,Indore,2024-12-15
C00740,Customer 00740,Male,55,Bhopal,2024-07-25
C00741,Customer 00741,Female,58,Indore,2025-05-05
C00742,Customer 00742,Male,46,Bhopal,2025-01-15
C00743,Customer 00743,Male,23,Indore,2024-05-20
C00744,Customer 00744,Female,35,Dewas,2025-08-21
C00745,Customer 00745,Male,61,Dewas,2025-09-01
C00746,Customer 00746,Male,52,Indore,2024-01-23
C00747,Customer 00747,Female,44,Indore,2024-12-29
C00748,Customer 00748,Female,22,Dewas,2024-05-27
C00749,Customer 00749,Male,24,Indore,2025-07-19
C00750,Customer 00750,Male,27,Indore,2025-07-04
C00751,Customer 00751,Female,27,Dewas,2025-05-19
C00752,Customer 00752,Male,45,Indore,2024-08-05
C00753,Customer 00753,Male,53,Indore,2025-04-26
C00754,Customer 00754,Male,27,Indore,2025-02-19
C00755,Customer 00755,Female,52,Indore,2024-11-20
C00756,Customer 00756,Female,52,Indore,2025-05-03
C00757,Customer 00757,Male,54,Ujjain,2025-02-11
C00758,Customer 00758,Male,65,Indore,2024-05-23
C00759,Customer 00759,Male,37,Bhopal,2024-07-29
C00760,Customer 00760,Female,30,Indore,2025-10-27
C00761,Customer 00761,Male,28,Indore,2024-09-15
C00762,Customer 00762,Male,62,Dewas,2024-08-14
C00763,Customer 00763,Female,36,Indore,2025-08-16
C00764,Customer 00764,Male,45,Indore,2025-01-06
C00765,Customer 00765,Female,55,Bhopal,2025-01-25
C00766,Customer 00766,Male,62,Dewas,2024-03-28
C00767,Customer 00767,Male,21,Indore,2025-02-03
C00768,Customer 00768,Male,54,Indore,2024-11-04
C00769,Customer 00769,Female,36,Indore,2024-01-04
C00770,Customer 00770,Female,54,Bhopal,2024-06-21
C00771,Customer 00771,Female,31,Indore,2025-06-27
C00772,Customer 00772,Male,48,Indore,2024-08-13
C00773,Customer 00773,Female,45,Indore,2024-12-04
C00774,Customer 00774,Male,53,Dewas,2024-07-24
C00775,Customer 00775,Male,61,Indore,2024-04-11
C00776,Customer 00776,Female,55,Bhopal,2024-02-27
C00777,Customer 00777,Male,36,Bhopal,2024-05-29
C00778,Customer 00778,Male,59,Ujjain,2024-09-08
C00779,Customer 00779,Male,18,Indore,2025-04-23
C00780,Customer 00780,Male,40,Indore,2025-07-09
C00781,Customer 00781,Male,45,Indore,2025-03-03
C00782,Customer 00782,Female,65,Indore,2025-06-25
C00783,Customer 00783,Male,21,Indore,2025-06-07
C00784,Customer 00784,Female,58,Indore,2025-05-05
C00785,Customer 00785,Female,35,Indore,2025-06-09
C00786,Customer 00786,Male,64,Indore,2024-10-18
C00787,Customer 00787,Male,56,Indore,2024-02-14
C00788,Customer 00788,Male,42,Indore,2024-07-18
C00789,Customer 00789,Female,35,Indore,2024-01-24
C00790,Customer 00790,Male,23,Indore,2025-09-22
C00791,Customer 00791,Female,36,Indore,2025-01-21
C00792,Customer 00792,Male,29,Indore,2025-08-12
C00793,Customer 00793,Female,42,Ujjain,2025-03-10
C00794,Customer 00794,Male,52,Indore,2024-08-29
C00795,Customer 00795,Male,18,Indore,2024-07-21
C00796,Customer 00796,Female,22,Indore,2024-08-24
C00797,Customer 00797,Female,18,Bhopal,2024-10-20
C00798,Customer 00798,Male,25,Indore,2024-12-13
C00799,Customer 00799,Female,56,Indore,2024-03-27
C00800,Customer 00800,Male,64,Indore,2024-07-28
C00801,Customer 00801,Female,60,Indore,2025-08-31
C00802,Customer 00802,Female,35,Indore,2024-01-02
C00803,Customer 00803,Male,63,Dewas,2024-08-16
C00804,Customer 00804,Male,26,Indore,2025-02-13
C00805,Customer 00805,Male,22,Dewas,
C00806,Customer 00806,Female,21,Indore,2025-04-12
C00807,Customer 00807,Female,61,Indore,2025-04-02
C00808,Customer 00808,Male,46,Indore,2025-07-07
C00809,Customer 00809,Male,18,Indore,2024-07-31
C00810,Customer 00810,Female,47,Indore,2025-01-20
C00811,Customer 00811,Other,62,Dewas,2025-02-15
C00812,Customer 00812,Female,18,Bhopal,2025-05-29
C00813,Customer 00813,Male,20,Indore,2025-06-11
C00814,Customer 00814,Male,39,Indore,2025-01-22
C00815,Customer 00815,Male,25,Indore,2024-10-05
C00816,Customer 00816,Female,35,Indore,2024-04-11
C00817,Customer 00817,Male,42,Indore,2025-08-11
C00818,Customer 00818,Female,65,Indore,2025-01-24
C00819,Customer 00819,Male,37,Indore,2024-07-20
C00820,Customer 00820,Female,48,Indore,2025-07-20
C00821,Customer 00821,Female,47,Dewas,2025-12-21
C00822,Customer 00822,Female,33,Indore,2025-01-26
C00823,Customer 00823,Male,19,Indore,2024-12-19
C00824,Customer 00824,Male,34,Dewas,2025-08-15
C00825,Customer 00825,Male,27,Indore,2024-08-22
C00826,Customer 00826,Female,24,Indore,2024-04-23
C00827,Customer 00827,Female,59,Indore,2024-03-07
C00828,Customer 00828,Female,26,Dewas,2024-02-09
C00829,Customer 00829,Female,34,Indore,2024-04-12
C00830,Customer 00830,Female,26,Indore,2025-02-14
C00831,Customer 00831,Male,26,Bhopal,2024-10-21
C00832,Customer 00832,Female,54,Indore,2025-07-18
C00833,Customer 00833,Male,41,Ujjain,2025-07-17
C00834,Customer 00834,Male,56,Indore,2024-02-06
C00835,Customer 00835,Female,28,Dewas,2024-03-07
C00836,Customer 00836,Male,25,Indore,2025-02-06
C00837,Customer 00837,Male,42,Dewas,2025-11-04
C00838,Customer 00838,Female,63,Bhopal,2024-07-24
C00839,Customer 00839,Male,19,Dewas,2024-12-06
C00840,Customer 00840,Female,27,Indore,2024-02-21
C00841,Customer 00841,Male,41,Indore,2025-03-01
C00842,Customer 00842,Male,65,Indore,2024-07-27
C00843,Customer 00843,Male,33,Indore,2025-05-28
C00844,Customer 00844,Male,36,Ujjain,2025-10-02
C00845,Customer 00845,Female,48,Indore,2024-06-26
C00846,Customer 00846,Male,28,Indore,2025-11-06
C00847,Customer 00847,Female,23,Indore,2024-01-22
C00848,Customer 00848,Male,23,Indore,2025-01-03
C00849,Customer 00849,Female,49,Indore,2024-03-22
C00850,Customer 00850,Female,56,Indore,2024-06-12
C00851,Customer 00851,Female,65,Indore,2025-01-11
C00852,Customer 00852,Male,30,Indore,2024-01-03
C00853,Customer 00853,Male,20,Ujjain,2025-11-14
C00854,Customer 00854,Male,58,Indore,2024-04-27
C00855,Customer 00855,Female,52,Indore,2025-10-17
C00856,Customer 00856,Male,55,Indore,2025-01-29
C00857,Customer 00857,Male,34,Indore,2024-09-22
C00858,Customer 00858,Female,20,Indore,2025-03-10
C00859,Customer 00859,Male,51,Indore,2025-11-12
C00860,Customer 00860,Female,29,Indore,2025-12-25
C00861,Customer 00861,Male,41,Indore,2024-08-14
C00862,Customer 00862,Male,23,Indore,2025-01-10
C00863,Customer 00863,Female,59,Indore,2024-09-18
C00864,Customer 00864,Male,28,Ujjain,2024-12-31
C00865,Customer 00865,Female,65,Indore,2025-03-03
C00866,Customer 00866,Male,44,Indore,2024-01-08
C00867,Customer 00867,Male,65,Ujjain,2024-02-10
C00868,Customer 00868,Female,41,Ujjain,2024-09-13
C00869,Customer 00869,Female,35,Indore,2025-10-04
C00870,Customer 00870,Female,44,Indore,2025-07-17
C00871,Customer 00871,Male,58,Indore,2024-04-11
C00872,Customer 00872,Female,38,Indore,2024-08-06
C00873,Customer 00873,Male,51,Indore,2024-08-31
C00874,Customer 00874,Male,50,Indore,2024-10-29
C00875,Customer 00875,Female,65,Ujjain,2025-01-04
C00876,Customer 00876,Male,35,Indore,2024-10-01
C00877,Customer 00877,Female,20,Indore,2024-03-10
C00878,Customer 00878,Male,41,Indore,2024-02-16
C00879,Customer 00879,Male,18,Indore,2024-04-26
C00880,Customer 00880,Female,23,Indore,2025-08-12
C00881,Customer 00881,Female,36,Indore,2025-05-31
C00882,Customer 00882,Female,39,Ujjain,2024-09-10
C00883,Customer 00883,Female,60,Bhopal,2025-09-10
C00884,Customer 00884,Female,25,Indore,2024-06-21
C00885,Customer 00885,Female,22,Dewas,2025-03-04
C00886,Customer 00886,Female,26,Indore,2024-02-05
C00887,Customer 00887,Male,64,Indore,2025-02-10
C00888,Customer 00888,Male,38,Indore,2025-02-19
C00889,Customer 00889,Male,45,Indore,2025-11-15
C00890,Customer 00890,Other,63,Indore,2025-02-15
C00891,Customer 00891,Female,21,Indore,2025-05-02
C00892,Customer 00892,Male,41,Bhopal,2025-11-22
C00893,Customer 00893,Female,25,Indore,2024-11-16
C00894,Customer 00894,Female,34,Indore,2024-03-13
C00895,Customer 00895,Male,51,Indore,2025-07-22
C00896,Customer 00896,Female,37,Indore,2025-07-31
C00897,Customer 00897,Female,33,Indore,2025-10-05
C00898,Customer 00898,Male,27,Bhopal,2025-02-16
C00899,Customer 00899,Female,51,Indore,2024-05-03
C00900,Customer 00900,Male,60,Indore,2025-01-19
C00901,Customer 00901,Female,27,Indore,2025-08-26
C00902,Customer 00902,Female,47,Indore,2025-10-14
C00903,Customer 00903,Female,47,Indore,2024-08-19
C00904,Customer 00904,Male,42,Indore,2025-08-04
C00905,Customer 00905,Female,63,Indore,2025-03-08
C00906,Customer 00906,Female,60,Indore,2025-05-05
C00907,Customer 00907,Male,58,Indore,2025-11-17
C00908,Customer 00908,Female,24,Indore,2024-03-26
C00909,Customer 00909,Male,64,Indore,2024-01-30
C00910,Customer 00910,Female,37,Indore,2025-10-28
C00911,Customer 00911,Male,34,Indore,2024-07-18
C00912,Customer 00912,Male,20,Bhopal,2024-06-04
C00913,Customer 00913,Male,64,Indore,2025-06-15
C00914,Customer 00914,Female,63,Dewas,2025-12-15
C00915,Customer 00915,Male,57,Dewas,2024-05-31
C00916,Customer 00916,Female,53,Ujjain,2024-03-17
C00917,Customer 00917,Male,43,Ujjain,2024-11-23
C00918,Customer 00918,Male,27,Indore,2024-06-20
C00919,Customer 00919,Female,51,Indore,2025-02-08
C00920,Customer 00920,Female,31,Indore,2025-02-09
C00921,Customer 00921,Male,25,Indore,2025-11-28
C00922,Customer 00922,Female,44,Indore,2024-12-27
C00923,Customer 00923,Female,27,Indore,2024-05-07
C00924,Customer 00924,Female,32,Indore,2025-06-06
C00925,Customer 00925,Male,54,Indore,2024-12-01
C00926,Customer 00926,Male,39,Bhopal,2025-11-23
C00927,Customer 00927,Female,62,Dewas,2024-09-21
C00928,Customer 00928,Male,48,Indore,2024-07-13
C00929,Customer 00929,Female,19,Indore,2024-04-09
C00930,Customer 00930,Female,62,Indore,2025-07-17
C00931,Customer 00931,Female,48,Indore,2025-01-05
C00932,Customer 00932,Female,31,Dewas,2025-03-03
C00933,Customer 00933,Other,27,Indore,2025-08-09
C00934,Customer 00934,Male,47,Indore,2024-05-12
C00935,Customer 00935,Female,53,Indore,2024-09-12
C00936,Customer 00936,Male,64,Indore,2025-03-25
C00937,Customer 00937,Male,57,Indore,2025-12-21
C00938,Customer 00938,Female,32,Indore,2025-02-07
C00939,Customer 00939,Female,31,Bhopal,2025-10-16
C00940,Customer 00940,Other,48,Indore,2025-08-02
C00941,Customer 00941,Female,46,Indore,2024-02-23
C00942,Customer 00942,Male,44,Indore,2025-02-10
C00943,Customer 00943,Male,38,Indore,2025-01-19
C00944,Customer 00944,Female,26,Dewas,2024-08-29
C00945,Customer 00945,Male,37,Indore,2024-02-16
C00946,Customer 00946,Male,52,Bhopal,2024-04-24
C00947,Customer 00947,Male,32,Ujjain,2025-12-08
C00948,Customer 00948,Male,41,Ujjain,2024-05-09
C00949,Customer 00949,Male,33,Indore,2025-07-10
C00950,Customer 00950,Male,53,Indore,2024-06-03
C00951,Customer 00951,Male,28,Indore,2025-05-09
C00952,Customer 00952,Male,25,Indore,2024-03-22
C00953,Customer 00953,Other,20,Indore,2025-10-30
C00954,Customer 00954,Male,36,Indore,2024-01-25
C00955,Customer 00955,Male,63,Indore,2024-11-29
C00956,Customer 00956,Female,58,Bhopal,2024-06-30
C00957,Customer 00957,Male,20,Indore,2025-03-07
C00958,Customer 00958,Female,53,Indore,2024-06-22
C00959,Customer 00959,Female,42,Indore,2024-02-10
C00960,Customer 00960,Male,53,Indore,2025-03-20
C00961,Customer 00961,Male,28,Indore,2025-01-29
C00962,Customer 00962,Female,33,Indore,2024-10-14
C00963,Customer 00963,Female,34,Indore,2025-07-14
C00964,Customer 00964,Male,59,Indore,2024-09-18
C00965,Customer 00965,Female,41,Indore,2024-02-26
C00966,Customer 00966,Male,34,Indore,2024-01-06
C00967,Customer 00967,Other,65,Indore,2025-07-12
C00968,Customer 00968,Male,37,Indore,2025-07-28
C00969,Customer 00969,Female,39,Indore,2025-08-01
C00970,Customer 00970,Female,23,Indore,2025-11-25
C00971,Customer 00971,Female,24,Ujjain,2024-06-10
C00972,Customer 00972,Female,31,Ujjain,2024-10-23
C00973,Customer 00973,Male,28,Indore,2025-09-08
C00974,Customer 00974,Male,29,Indore,2024-02-26
C00975,Customer 00975,Male,63,Indore,2025-06-11
C00976,Customer 00976,Male,22,Dewas,2024-02-28
C00977,Customer 00977,Female,22,Indore,2024-06-14
C00978,Customer 00978,Male,37,Indore,2025-06-29
C00979,Customer 00979,Male,32,Dewas,2024-02-15
C00980,Customer 00980,Female,43,Indore,2024-02-16
C00981,Customer 00981,Female,50,Indore,2025-01-24
C00982,Customer 00982,Female,47,Indore,2024-09-08
C00983,Customer 00983,Other,41,Indore,2024-06-14
C00984,Customer 00984,Male,40,Bhopal,2025-01-02
C00985,Customer 00985,Male,26,Indore,2025-01-13
C00986,Customer 00986,Female,20,Indore,2024-11-12
C00987,Customer 00987,Female,53,Indore,2024-05-11
C00988,Customer 00988,Male,65,Indore,2025-01-23
C00989,Customer 00989,Female,24,Indore,2025-08-04
C00990,Customer 00990,Male,39,Indore,2025-07-25
C00991,Customer 00991,Male,31,Indore,2025-12-17
C00992,Customer 00992,Female,65,Indore,2024-12-13
C00993,Customer 00993,Female,46,Indore,2025-09-09
C00994,Customer 00994,Female,33,Indore,2025-05-11
C00995,Customer 00995,Male,65,Indore,2025-11-26
C00996,Customer 00996,Female,51,Indore,2025-05-25
C00997,Customer 00997,Male,27,Indore,2025-06-02
C00998,Customer 00998,Male,24,Indore,2025-03-27
C00999,Customer 00999,Female,42,Indore,2025-06-26
C01000,Customer 01000,Female,44,Indore,2024-08-03
C01001,Customer 01001,Female,32,Indore,2025-04-14
C01002,Customer 01002,Female,49,Indore,2024-10-30
C01003,Customer 01003,Female,45,Indore,2024-10-24
C01004,Customer 01004,Female,26,Indore,2024-12-11
C01005,Customer 01005,Male,24,Indore,2024-10-12
C01006,Customer 01006,Male,33,Indore,2024-05-05
C01007,Customer 01007,Male,43,Bhopal,2024-02-20
C01008,Customer 01008,Male,52,Dewas,2025-02-22
C01009,Customer 01009,Female,34,Indore,2025-12-02
C01010,Customer 01010,Male,40,Ujjain,2024-02-20
C01011,Customer 01011,Male,25,Indore,2025-04-15
C01012,Customer 01012,Male,19,Indore,2025-01-10
C01013,Customer 01013,Female,48,Indore,2024-12-30
C01014,Customer 01014,Male,49,Bhopal,2024-08-19
C01015,Customer 01015,Female,46,Indore,2025-11-20
C01016,Customer 01016,Male,20,Indore,2025-10-31
C01017,Customer 01017,Male,25,Indore,2025-10-20
C01018,Customer 01018,Female,19,Ujjain,2025-04-24
C01019,Customer 01019,Female,48,Indore,2024-11-01
C01020,Customer 01020,Male,54,Indore,2025-03-13
C01021,Customer 01021,Female,37,Indore,2024-09-07
C01022,Customer 01022,Female,46,Indore,2024-12-07
C01023,Customer 01023,Male,34,Ujjain,2024-05-11
C01024,Customer 01024,Female,27,Indore,2025-06-07
C01025,Customer 01025,Female,58,Ujjain,2025-10-16
C01026,Customer 01026,Female,39,Indore,2025-05-20
C01027,Customer 01027,Female,23,Indore,2025-02-02
C01028,Customer 01028,Female,60,Indore,2024-04-27
C01029,Customer 01029,Female,51,Indore,2024-03-01
C01030,Customer 01030,Female,48,Indore,2024-06-29
C01031,Customer 01031,Female,29,Indore,2024-11-08
C01032,Customer 01032,Female,29,Indore,2024-09-21
C01033,Customer 01033,Female,33,Indore,2024-01-29
C01034,Customer 01034,Female,42,Indore,2024-09-19
C01035,Customer 01035,Male,39,Indore,2025-12-12
C01036,Customer 01036,Female,44,Indore,2025-09-08
C01037,Customer 01037,Female,41,Indore,2025-08-13
C01038,Customer 01038,Male,29,Indore,2025-10-17
C01039,Customer 01039,Female,35,Indore,2025-12-11
C01040,Customer 01040,Male,62,Indore,2025-09-09
C01041,Customer 01041,Male,64,Indore,2024-12-04
C01042,Customer 01042,Female,33,Ujjain,2025-02-25
C01043,Customer 01043,Male,21,Indore,2024-03-29
C01044,Customer 01044,Female,29,Indore,2024-11-27
C01045,Customer 01045,Female,50,Indore,2025-03-06
C01046,Customer 01046,Female,39,Indore,2024-05-31
C01047,Customer 01047,Male,35,Indore,2025-12-08
C01048,Customer 01048,Male,65,Indore,2024-05-05
C01049,Customer 01049,Female,50,Indore,2024-02-12
C01050,Customer 01050,Other,44,Indore,2025-02-24
C01051,Customer 01051,Female,59,Indore,2025-11-15
C01052,Customer 01052,Male,36,Indore,2025-05-04
C01053,Customer 01053,Female,65,Indore,2025-07-19
C01054,Customer 01054,Female,31,Ujjain,2024-09-09
C01055,Customer 01055,Female,42,Indore,2025-12-08
C01056,Customer 01056,Male,51,Indore,2025-04-28
C01057,Customer 01057,Female,41,Dewas,2024-10-19
C01058,Customer 01058,Female,55,Indore,2024-08-04
C01059,Customer 01059,Female,40,Indore,2024-06-17
C01060,Customer 01060,Male,22,Indore,2025-10-01
C01061,Customer 01061,Female,61,Ujjain,2025-01-19
C01062,Customer 01062,Female,53,Indore,2024-01-16
C01063,Customer 01063,Male,41,Indore,2024-02-06
C01064,Customer 01064,Female,53,Ujjain,2025-02-24
C01065,Customer 01065,Female,22,Indore,2024-10-22
C01066,Customer 01066,Male,56,Indore,2025-03-10
C01067,Customer 01067,Male,23,Indore,2024-11-15
C01068,Customer 01068,Female,62,Indore,2025-09-17
C01069,Customer 01069,Male,53,Bhopal,2025-06-17
C01070,Customer 01070,Female,62,Indore,2024-10-25
C01071,Customer 01071,Male,21,Dewas,2025-07-27
C01072,Customer 01072,Female,27,Bhopal,2025-11-24
C01073,Customer 01073,Male,18,Indore,2024-01-16
C01074,Customer 01074,Female,38,Indore,2025-01-29
C01075,Customer 01075,Female,57,Indore,2024-10-03
C01076,Customer 01076,Female,56,Indore,2025-10-10
C01077,Customer 01077,Female,54,Indore,2024-10-09
C01078,Customer 01078,Male,20,Ujjain,2025-09-30
C01079,Customer 01079,Female,64,Indore,2024-03-26
C01080,Customer 01080,Male,48,Ujjain,2024-07-25
C01081,Customer 01081,Male,44,Indore,2025-10-24
C01082,Customer 01082,Male,34,Bhopal,2025-07-16
C01083,Customer 01083,Male,40,Bhopal,2025-04-21
C01084,Customer 01084,Female,30,Indore,2025-08-14
C01085,Customer 01085,Female,64,Dewas,2024-05-10
C01086,Customer 01086,Male,44,Indore,2025-02-03
C01087,Customer 01087,Male,37,Indore,2024-05-15
C01088,Customer 01088,Other,63,Indore,2024-12-11
C01089,Customer 01089,Male,30,Indore,2024-06-18
C01090,Customer 01090,Male,61,Indore,2024-06-11
C01091,Customer 01091,Male,41,Indore,2024-07-17
C01092,Customer 01092,Female,58,Indore,2024-02-17
C01093,Customer 01093,Female,20,Indore,2025-05-08
C01094,Customer 01094,Male,60,Indore,2024-04-12
C01095,Customer 01095,Male,27,Ujjain,2025-07-01
C01096,Customer 01096,Female,18,Indore,2024-01-06
C01097,Customer 01097,Female,30,Indore,2025-12-11
C01098,Customer 01098,Male,31,Indore,2024-01-12
C01099,Customer 01099,Female,50,Ujjain,2024-04-12
C01100,Customer 01100,Male,19,Dewas,2025-11-29
C01101,Customer 01101,Male,19,Indore,2025-11-20
C01102,Customer 01102,Female,56,Indore,2025-03-02
C01103,Customer 01103,Male,58,Indore,2024-06-19
C01104,Customer 01104,Female,48,Indore,2025-11-19
C01105,Customer 01105,Male,21,Indore,2024-03-29
C01106,Customer 01106,Male,51,Indore,2025-12-16
C01107,Customer 01107,Other,36,Ujjain,2025-03-14
C01108,Customer 01108,Male,54,Indore,2024-12-12
C01109,Customer 01109,Female,26,Indore,2024-07-29
C01110,Customer 01110,Male,41,Indore,2025-12-25
C01111,Customer 01111,Male,30,Indore,2025-03-09
C01112,Customer 01112,Male,61,Indore,2025-06-16
C01113,Customer 01113,Female,47,Indore,2025-08-22
C01114,Customer 01114,Male,36,Indore,2025-06-08
C01115,Customer 01115,Female,58,Indore,2025-03-01
C01116,Customer 01116,Male,27,Dewas,2024-04-29
C01117,Customer 01117,Female,59,Indore,2024-06-26
C01118,Customer 01118,Male,61,Indore,2024-05-08
C01119,Customer 01119,Female,31,Indore,2025-07-16
C01120,Customer 01120,Female,57,Indore,2025-02-21
C01121,Customer 01121,Female,65,Indore,2025-07-07
C01122,Customer 01122,Female,37,Indore,2024-11-13
C01123,Customer 01123,Female,21,Indore,2025-08-29
C01124,Customer 01124,Female,55,Indore,2024-08-29
C01125,Customer 01125,Male,61,Indore,2024-12-21
C01126,Customer 01126,Male,56,Indore,2025-07-26
C01127,Customer 01127,Female,22,Indore,2025-03-13
C01128,Customer 01128,Female,59,Indore,2025-04-02
C01129,Customer 01129,Female,49,Indore,2025-03-17
C01130,Customer 01130,Male,23,Indore,2024-08-15
C01131,Customer 01131,Male,31,Dewas,2025-02-11
C01132,Customer 01132,Male,23,Indore,2024-10-03
C01133,Customer 01133,Female,31,Indore,2024-01-18
C01134,Customer 01134,Male,29,Indore,2024-11-06
C01135,Customer 01135,Male,44,Indore,2024-11-19
C01136,Customer 01136,Male,43,Indore,2024-02-16
C01137,Customer 01137,Male,29,Indore,2025-06-13
C01138,Customer 01138,Female,25,Ujjain,2025-12-13
C01139,Customer 01139,Male,27,Indore,2025-05-14
C01140,Customer 01140,Female,33,Indore,2024-07-10
C01141,Customer 01141,Male,43,Indore,2024-02-18
C01142,Customer 01142,Male,25,Ujjain,2024-04-03
C01143,Customer 01143,Male,58,Indore,2024-06-15
C01144,Customer 01144,Male,62,Indore,2025-05-08
C01145,Customer 01145,Male,46,Indore,2024-09-10
C01146,Customer 01146,Male,37,Indore,2024-02-26
C01147,Customer 01147,Female,34,Indore,2024-01-06
C01148,Customer 01148,Male,36,Indore,2024-08-25
C01149,Customer 01149,Female,34,Indore,2024-08-11
C01150,Customer 01150,Female,56,Indore,2025-08-12
C01151,Customer 01151,Female,18,Dewas,2024-01-20
C01152,Customer 01152,Male,46,Ujjain,2024-07-22
C01153,Customer 01153,Male,31,Indore,2024-05-21
C01154,Customer 01154,Male,34,Indore,2025-01-10
C01155,Customer 01155,Male,30,Indore,2025-02-10
C01156,Customer 01156,Other,46,Indore,2024-03-20
C01157,Customer 01157,Male,51,Indore,2024-07-28
C01158,Customer 01158,Male,44,Indore,2024-11-07
C01159,Customer 01159,Female,63,Indore,2025-01-11
C01160,Customer 01160,Female,50,Indore,2024-02-09
C01161,Customer 01161,Female,46,Indore,2024-12-18
C01162,Customer 01162,Male,54,Indore,2025-03-28
C01163,Customer 01163,Male,56,Dewas,2025-02-26
C01164,Customer 01164,Female,36,Indore,2025-12-14
C01165,Customer 01165,Male,63,Bhopal,2024-03-26
C01166,Customer 01166,Male,41,Indore,2025-07-08
C01167,Customer 01167,Male,31,Indore,2024-08-23
C01168,Customer 01168,Male,64,Indore,2025-02-18
C01169,Customer 01169,Male,54,Indore,2025-08-04
C01170,Customer 01170,Male,22,Indore,2024-12-21
C01171,Customer 01171,Female,41,Indore,2025-10-04
C01172,Customer 01172,Female,51,Indore,2025-10-05
C01173,Customer 01173,Female,48,Bhopal,2024-09-04
C01174,Customer 01174,Male,47,Dewas,2025-10-28
C01175,Customer 01175,Male,26,Indore,2025-08-23
C01176,Customer 01176,Male,44,Indore,2024-08-16
C01177,Customer 01177,Female,45,Dewas,2025-06-22
C01178,Customer 01178,Female,59,Indore,2024-12-26
C01179,Customer 01179,Male,43,Indore,2024-06-23
C01180,Customer 01180,Female,35,Indore,2025-01-08
C01181,Customer 01181,Male,53,Indore,2024-03-01
C01182,Customer 01182,Female,25,Indore,2024-06-18
C01183,Customer 01183,Female,35,Indore,2025-05-21
C01184,Customer 01184,Female,37,Indore,2025-02-17
C01185,Customer 01185,Female,49,Indore,2024-04-25
C01186,Customer 01186,Female,46,Indore,2024-06-23
C01187,Customer 01187,Male,65,Indore,2025-02-27
C01188,Customer 01188,Female,35,Indore,2024-05-07
C01189,Customer 01189,Male,24,Indore,2025-05-03
C01190,Customer 01190,Female,18,Indore,2024-01-05
C01191,Customer 01191,Female,45,Indore,2024-11-21
C01192,Customer 01192,Female,50,Indore,2025-11-28
C01193,Customer 01193,Male,21,Indore,2024-06-20
C01194,Customer 01194,Female,37,Indore,2024-07-17
C01195,Customer 01195,Female,53,Indore,2024-08-18
C01196,Customer 01196,Female,48,Indore,2025-09-18
C01197,Customer 01197,Male,55,Indore,2024-11-28
C01198,Customer 01198,Male,45,Indore,2025-04-10
C01199,Customer 01199,Male,20,Indore,2025-02-27
C01200,Customer 01200,Male,23,Indore,2024-11-08
C01201,Customer 01201,Female,62,Indore,2025-06-06
C01202,Customer 01202,Male,40,Ujjain,2025-02-27
C01203,Customer 01203,Female,24,Indore,2025-09-07
C01204,Customer 01204,Male,53,Indore,2024-06-23
C01205,Customer 01205,Male,18,Indore,2025-01-08
C01206,Customer 01206,Female,23,Indore,2025-09-23
C01207,Customer 01207,Female,41,Indore,2024-08-24
C01208,Customer 01208,Male,54,Indore,2025-03-18
C01209,Customer 01209,Female,62,Indore,2024-02-07
C01210,Customer 01210,Female,53,Ujjain,2025-06-22
C01211,Customer 01211,Male,41,Indore,2025-09-26
C01212,Customer 01212,Other,55,Indore,2024-06-04
C01213,Customer 01213,Female,62,Indore,2025-12-29
C01214,Customer 01214,Female,46,Indore,2024-07-12
C01215,Customer 01215,Male,54,Indore,2024-06-09
C01216,Customer 01216,Female,62,Indore,2025-10-01
C01217,Customer 01217,Male,49,Indore,2025-11-20
C01218,Customer 01218,Male,42,Indore,2024-05-05
C01219,Customer 01219,Male,27,Indore,2025-11-16
C01220,Customer 01220,Male,52,Indore,2025-06-30
C01221,Customer 01221,Female,42,Indore,2024-08-26
C01222,Customer 01222,Female,44,Dewas,2024-02-10
C01223,Customer 01223,Female,62,Indore,2024-07-04
C01224,Customer 01224,Male,49,Indore,2025-04-05
C01225,Customer 01225,Male,29,Indore,2025-11-25
C01226,Customer 01226,Male,21,Indore,2025-01-23
C01227,Customer 01227,Other,59,Bhopal,2024-09-17
C01228,Customer 01228,Male,43,Indore,2025-02-09
C01229,Customer 01229,Female,20,Indore,2025-06-29
C01230,Customer 01230,Female,34,Indore,2025-03-24
C01231,Customer 01231,Male,26,Indore,2025-11-29
C01232,Customer 01232,Female,46,Indore,2025-02-04
C01233,Customer 01233,Male,18,Indore,2024-11-02
C01234,Customer 01234,Female,35,Indore,2024-05-16
C01235,Customer 01235,Female,58,Indore,2024-07-20
C01236,Customer 01236,Male,37,Indore,2025-10-16
C01237,Customer 01237,Male,58,Indore,2025-09-12
C01238,Customer 01238,Female,51,Indore,2024-06-05
C01239,Customer 01239,Female,45,Indore,2024-09-11
C01240,Customer 01240,Male,65,Indore,2024-06-29
C01241,Customer 01241,Female,52,Dewas,2025-02-12
C01242,Customer 01242,Female,33,Indore,2024-01-28
C01243,Customer 01243,Female,38,Indore,2025-10-24
C01244,Customer 01244,Male,30,Indore,2025-09-03
C01245,Customer 01245,Female,52,Indore,2025-05-29
C01246,Customer 01246,Female,59,Indore,2025-06-28
C01247,Customer 01247,Male,49,Indore,2024-07-17
C01248,Customer 01248,Male,55,Indore,2024-03-09
C01249,Customer 01249,Female,23,Indore,2025-08-24
C01250,Customer 01250,Male,55,Indore,2024-01-17
C01251,Customer 01251,Female,55,Indore,2025-06-29
C01252,Customer 01252,Male,30,Indore,2024-02-29
C01253,Customer 01253,Male,63,Indore,2024-07-02
C01254,Customer 01254,Female,56,Indore,2024-12-30
C01255,Customer 01255,Male,30,Indore,2025-03-09
C01256,Customer 01256,Female,64,Bhopal,2024-07-17
C01257,Customer 01257,Male,29,Indore,2024-08-19
C01258,Customer 01258,Female,50,Indore,2025-12-23
C01259,Customer 01259,Male,45,Dewas,2025-01-02
C01260,Customer 01260,Male,20,Indore,2025-03-05
C01261,Customer 01261,Female,35,Indore,2025-07-17
C01262,Customer 01262,Male,43,Indore,2024-04-28
C01263,Customer 01263,Female,57,Indore,2024-11-25
C01264,Customer 01264,Male,19,Indore,2024-08-02
C01265,Customer 01265,Female,21,Ujjain,2024-11-17
C01266,Customer 01266,Male,45,Indore,2024-05-28
C01267,Customer 01267,Female,45,Indore,2025-02-11
C01268,Customer 01268,Male,42,Indore,2025-11-18
C01269,Customer 01269,Male,43,Indore,2025-01-11
C01270,Customer 01270,Male,62,Indore,2024-11-15
C01271,Customer 01271,Male,64,Indore,2024-01-05
C01272,Customer 01272,Female,19,Indore,2025-02-05
C01273,Customer 01273,Male,59,Indore,2025-09-19
C01274,Customer 01274,Female,51,Indore,2024-07-21
C01275,Customer 01275,Male,47,Indore,2024-02-06
C01276,Customer 01276,Male,38,Indore,2024-02-23
C01277,Customer 01277,Female,61,Indore,2024-10-14
C01278,Customer 01278,Female,54,Indore,2024-10-10
C01279,Customer 01279,Male,61,Indore,2025-08-20
C01280,Customer 01280,Male,40,Indore,2024-02-14
C01281,Customer 01281,Male,50,Indore,2024-10-10
C01282,Customer 01282,Female,19,Indore,2025-08-04
C01283,Customer 01283,Female,44,Indore,2024-02-11
C01284,Customer 01284,Male,65,Indore,2025-02-20
C01285,Customer 01285,Female,39,Indore,2024-09-28
C01286,Customer 01286,Female,51,Indore,2024-05-20
C01287,Customer 01287,Female,33,Indore,2025-07-24
C01288,Customer 01288,Female,37,Indore,2024-02-16
C01289,Customer 01289,Male,43,Indore,2024-06-15
C01290,Customer 01290,Male,33,Indore,2025-09-13
C01291,Customer 01291,Male,23,Indore,2024-05-05
C01292,Customer 01292,Male,62,Indore,
C01293,Customer 01293,Female,61,Indore,2025-09-12
C01294,Customer 01294,Female,40,Indore,2025-11-07
C01295,Customer 01295,Male,59,Indore,2025-01-04
C01296,Customer 01296,Male,54,Indore,2025-08-10
C01297,Customer 01297,Male,25,Bhopal,
C01298,Customer 01298,Female,23,Indore,2025-11-28
C01299,Customer 01299,Male,54,Indore,2024-10-02
C01300,Customer 01300,Female,39,Indore,2025-08-13
C01301,Customer 01301,Male,23,Indore,2024-03-05
C01302,Customer 01302,Male,49,Indore,2025-09-18
C01303,Customer 01303,Other,34,Indore,2024-07-20
C01304,Customer 01304,Female,55,Indore,2024-05-21
C01305,Customer 01305,Male,34,Indore,2024-04-07
C01306,Customer 01306,Female,54,Indore,2024-08-04
C01307,Customer 01307,Female,40,Indore,2025-08-08
C01308,Customer 01308,Female,30,Bhopal,2024-10-19
C01309,Customer 01309,Male,49,Indore,2025-05-22
C01310,Customer 01310,Female,39,Indore,2024-05-13
C01311,Customer 01311,Male,24,Dewas,2024-09-18
C01312,Customer 01312,Female,39,Ujjain,2024-10-10
C01313,Customer 01313,Male,38,Indore,2024-04-11
C01314,Customer 01314,Male,23,Indore,2025-01-11
C01315,Customer 01315,Male,31,Indore,2024-07-24
C01316,Customer 01316,Female,33,Indore,2025-10-14
C01317,Customer 01317,Male,20,Indore,2024-01-13
C01318,Customer 01318,Female,26,Indore,2024-05-02
C01319,Customer 01319,Female,64,Indore,2024-01-10
C01320,Customer 01320,Male,38,Indore,2025-08-14
C01321,Customer 01321,Female,47,Indore,2024-06-15
C01322,Customer 01322,Male,47,Indore,2025-09-02
C01323,Customer 01323,Female,59,Indore,2025-12-19
C01324,Customer 01324,Male,59,Indore,2024-05-30
C01325,Customer 01325,Female,49,Indore,2024-02-06
C01326,Customer 01326,Female,40,Indore,
C01327,Customer 01327,Female,20,Bhopal,2025-03-19
C01328,Customer 01328,Female,18,Indore,2024-12-07
C01329,Customer 01329,Male,20,Dewas,2024-01-05
C01330,Customer 01330,Female,54,Indore,2024-08-13
C01331,Customer 01331,Female,24,Ujjain,2025-06-22
C01332,Customer 01332,Female,20,Indore,2024-05-03
C01333,Customer 01333,Male,53,Indore,2025-02-06
C01334,Customer 01334,Female,20,Indore,2024-02-04
C01335,Customer 01335,Female,21,Indore,2024-08-24
C01336,Customer 01336,Female,48,Indore,2025-04-12
C01337,Customer 01337,Male,19,Indore,2025-05-13
C01338,Customer 01338,Female,31,Indore,2025-05-26
C01339,Customer 01339,Male,54,Ujjain,2024-11-12
C01340,Customer 01340,Female,48,Indore,2024-10-29
C01341,Customer 01341,Male,19,Indore,2024-04-11
C01342,Customer 01342,Female,48,Indore,2025-08-11
C01343,Customer 01343,Other,64,Indore,2024-11-07
C01344,Customer 01344,Male,60,Indore,2024-03-22
C01345,Customer 01345,Female,39,Dewas,2025-10-19
C01346,Customer 01346,Male,27,Indore,2024-07-11
C01347,Customer 01347,Female,47,Indore,2024-08-11
C01348,Customer 01348,Female,50,Indore,2024-02-22
C01349,Customer 01349,Female,36,Indore,2024-12-10
C01350,Customer 01350,Female,63,Indore,2024-03-25
C01351,Customer 01351,Female,42,Indore,2025-10-02
C01352,Customer 01352,Male,63,Indore,2024-07-29
C01353,Customer 01353,Male,18,Bhopal,2024-07-01
C01354,Customer 01354,Female,49,Indore,2024-09-28
C01355,Customer 01355,Female,42,Indore,2025-05-20
C01356,Customer 01356,Female,58,Indore,2024-08-14
C01357,Customer 01357,Female,34,Indore,
C01358,Customer 01358,Male,31,Indore,2024-04-02
C01359,Customer 01359,Female,62,Indore,2024-11-25
C01360,Customer 01360,Male,30,Indore,2024-07-08
C01361,Customer 01361,Female,55,Indore,2025-08-20
C01362,Customer 01362,Male,56,Bhopal,2024-10-19
C01363,Customer 01363,Male,19,Indore,2024-09-17
C01364,Customer 01364,Male,49,Indore,2025-12-10
C01365,Customer 01365,Male,49,Indore,2024-11-18
C01366,Customer 01366,Female,57,Indore,2024-01-10
C01367,Customer 01367,Male,23,Indore,2024-03-28
C01368,Customer 01368,Male,42,Indore,2024-12-05
C01369,Customer 01369,Male,20,Indore,2024-11-13
C01370,Customer 01370,Male,35,Indore,2025-07-02
C01371,Customer 01371,Male,55,Indore,2024-08-10
C01372,Customer 01372,Male,60,Indore,2025-11-17
C01373,Customer 01373,Female,20,Indore,2024-07-27
C01374,Customer 01374,Female,65,Indore,2024-02-18
C01375,Customer 01375,Female,22,Indore,2025-06-19
C01376,Customer 01376,Male,41,Indore,2025-09-09
C01377,Customer 01377,Male,51,Bhopal,2024-09-19
C01378,Customer 01378,Female,64,Indore,2024-07-24
C01379,Customer 01379,Female,65,Indore,2025-11-11
C01380,Customer 01380,Male,56,Indore,2025-05-11
C01381,Customer 01381,Male,65,Indore,2025-10-31
C01382,Customer 01382,Male,41,Indore,2025-04-09
C01383,Customer 01383,Male,53,Indore,2025-09-26
C01384,Customer 01384,Male,45,Indore,2024-01-20
C01385,Customer 01385,Female,65,Indore,2025-07-21
C01386,Customer 01386,Female,51,Indore,2024-04-17
C01387,Customer 01387,Female,33,Bhopal,2024-05-19
C01388,Customer 01388,Female,53,Dewas,2024-03-31
C01389,Customer 01389,Female,24,Indore,2024-09-27
C01390,Customer 01390,Female,35,Indore,2024-11-24
C01391,Customer 01391,Female,23,Ujjain,2024-07-28
C01392,Customer 01392,Male,45,Indore,2025-11-18
C01393,Customer 01393,Male,56,Ujjain,2025-07-26
C01394,Customer 01394,Male,51,Indore,2025-03-30
C01395,Customer 01395,Female,58,Indore,2024-10-10
C01396,Customer 01396,Female,46,Indore,2024-12-31
C01397,Customer 01397,Male,21,Indore,2025-04-28
C01398,Customer 01398,Female,31,Indore,2024-01-03
C01399,Customer 01399,Male,22,Indore,2024-06-12
C01400,Customer 01400,Female,42,Indore,2025-01-22
C01401,Customer 01401,Male,56,Indore,2024-01-09
C01402,Customer 01402,Male,25,Indore,2024-12-31
C01403,Customer 01403,Male,32,Indore,2024-01-12
C01404,Customer 01404,Male,36,Indore,2024-03-14
C01405,Customer 01405,Male,28,Indore,2024-08-25
C01406,Customer 01406,Male,37,Bhopal,2024-04-17
C01407,Customer 01407,Female,53,Indore,2025-06-08
C01408,Customer 01408,Female,35,Indore,2024-08-21
C01409,Customer 01409,Male,31,Indore,2025-03-14
C01410,Customer 01410,Female,55,Indore,2025-04-25
C01411,Customer 01411,Female,42,Dewas,2024-04-01
C01412,Customer 01412,Male,33,Indore,2024-07-16
C01413,Customer 01413,Male,35,Indore,2024-04-25
C01414,Customer 01414,Male,18,Indore,2025-10-04
C01415,Customer 01415,Male,57,Indore,2024-12-30
C01416,Customer 01416,Female,18,Indore,2024-06-01
C01417,Customer 01417,Male,18,Indore,2025-09-24
C01418,Customer 01418,Female,38,Indore,2024-04-17
C01419,Customer 01419,Female,42,Indore,2025-06-11
C01420,Customer 01420,Male,44,Indore,2024-02-25
C01421,Customer 01421,Female,27,Indore,2025-03-27
C01422,Customer 01422,Male,29,Indore,2025-01-26
C01423,Customer 01423,Female,45,Indore,2025-09-06
C01424,Customer 01424,Male,49,Indore,2024-07-26
C01425,Customer 01425,Female,50,Indore,2025-05-24
C01426,Customer 01426,Female,25,Dewas,2025-10-24
C01427,Customer 01427,Male,59,Indore,2025-07-08
C01428,Customer 01428,Female,43,Indore,2024-10-26
C01429,Customer 01429,Female,59,Indore,2025-09-21
C01430,Customer 01430,Female,58,Bhopal,2024-10-05
C01431,Customer 01431,Female,19,Indore,2024-05-23
C01432,Customer 01432,Female,52,Indore,2024-07-22
C01433,Customer 01433,Male,51,Ujjain,2024-08-16
C01434,Customer 01434,Male,23,Indore,2024-09-21
C01435,Customer 01435,Female,48,Indore,2025-04-10
C01436,Customer 01436,Male,40,Indore,2024-05-16
C01437,Customer 01437,Female,29,Indore,2024-08-27
C01438,Customer 01438,Female,45,Indore,2025-11-28
C01439,Customer 01439,Male,32,Indore,2025-03-24
C01440,Customer 01440,Male,36,Indore,2024-11-10
C01441,Customer 01441,Female,29,Dewas,2024-05-30
C01442,Customer 01442,Male,65,Indore,2024-11-20
C01443,Customer 01443,Female,19,Indore,2025-02-06
C01444,Customer 01444,Male,28,Indore,2024-12-18
C01445,Customer 01445,Female,61,Indore,2024-04-19
C01446,Customer 01446,Male,54,Indore,2025-04-10
C01447,Customer 01447,Female,55,Indore,2024-02-09
C01448,Customer 01448,Male,42,Indore,2025-10-15
C01449,Customer 01449,Female,60,Indore,2024-12-05
C01450,Customer 01450,Male,38,Bhopal,2025-01-06
C01451,Customer 01451,Female,59,Indore,2025-06-08
C01452,Customer 01452,Female,53,Indore,2025-05-21
C01453,Customer 01453,Male,26,Indore,2024-02-22
C01454,Customer 01454,Male,29,Dewas,2024-03-20
C01455,Customer 01455,Male,27,Indore,2024-12-16
C01456,Customer 01456,Female,63,Ujjain,2025-07-04
C01457,Customer 01457,Female,22,Indore,2024-12-05
C01458,Customer 01458,Female,50,Dewas,2024-04-30
C01459,Customer 01459,Male,22,Indore,2024-03-05
C01460,Customer 01460,Male,33,Indore,2025-03-15
C01461,Customer 01461,Female,54,Dewas,2024-10-22
C01462,Customer 01462,Male,54,Indore,2024-07-23
C01463,Customer 01463,Other,46,Dewas,2025-10-08
C01464,Customer 01464,Male,35,Indore,2025-07-10
C01465,Customer 01465,Female,46,Indore,2024-10-04
C01466,Customer 01466,Male,23,Indore,2024-05-14
C01467,Customer 01467,Male,35,Indore,2025-01-12
C01468,Customer 01468,Female,49,Indore,2024-02-21
C01469,Customer 01469,Female,59,Indore,2025-08-02
C01470,Customer 01470,Other,64,Ujjain,2025-12-10
C01471,Customer 01471,Male,48,Ujjain,2024-03-07
C01472,Customer 01472,Male,28,Indore,2024-01-03
C01473,Customer 01473,Female,43,Indore,2025-07-23
C01474,Customer 01474,Female,45,Indore,2025-03-26
C01475,Customer 01475,Male,44,Indore,2025-05-24
C01476,Customer 01476,Male,36,Indore,2025-03-13
C01477,Customer 01477,Male,62,Indore,2025-06-11
C01478,Customer 01478,Female,44,Indore,2024-04-11
C01479,Customer 01479,Male,37,Indore,2025-03-12
C01480,Customer 01480,Male,20,Indore,2024-01-21
C01481,Customer 01481,Male,33,Indore,2025-01-21
C01482,Customer 01482,Male,56,Indore,2025-06-16
C01483,Customer 01483,Male,61,Indore,2024-04-01
C01484,Customer 01484,Female,46,Indore,2024-05-12
C01485,Customer 01485,Male,32,Indore,2025-05-19
C01486,Customer 01486,Female,47,Indore,2025-03-28
C01487,Customer 01487,Male,57,Indore,2025-11-17
C01488,Customer 01488,Female,18,Indore,2025-12-25
C01489,Customer 01489,Female,46,Indore,2024-05-27
C01490,Customer 01490,Female,47,Indore,2024-08-19
C01491,Customer 01491,Female,57,Indore,2024-06-13
C01492,Customer 01492,Male,63,Indore,2024-11-09
C01493,Customer 01493,Male,49,Indore,2025-10-18
C01494,Customer 01494,Female,27,Indore,2024-10-24
C01495,Customer 01495,Other,44,Indore,2024-08-10
C01496,Customer 01496,Female,25,Indore,2024-12-18
C01497,Customer 01497,Female,53,Indore,2025-02-19
C01498,Customer 01498,Female,59,Indore,2024-03-02
C01499,Customer 01499,Male,52,Indore,2025-08-30
C01500,Customer 01500,Male,53,Indore,2025-09-15
C01501,Customer 01501,Female,65,Indore,2025-01-10
C01502,Customer 01502,Female,53,Indore,2025-08-21
C01503,Customer 01503,Male,42,Indore,2025-02-08
C01504,Customer 01504,Female,37,Indore,2024-09-11
C01505,Customer 01505,Male,62,Indore,2025-03-26
C01506,Customer 01506,Female,34,Indore,2025-01-24
C01507,Customer 01507,Male,40,Indore,2025-09-16
C01508,Customer 01508,Male,42,Indore,2024-12-13
C01509,Customer 01509,Female,65,Indore,2025-05-16
C01510,Customer 01510,Male,48,Indore,2024-11-17
C01511,Customer 01511,Female,23,Dewas,2025-06-27
C01512,Customer 01512,Female,52,Indore,2024-03-04
C01513,Customer 01513,Female,21,Indore,2024-06-02
C01514,Customer 01514,Male,57,Bhopal,2025-05-31
C01515,Customer 01515,Male,37,Indore,2025-01-29
C01516,Customer 01516,Male,58,Indore,2024-11-25
C01517,Customer 01517,Other,18,Dewas,2025-04-07
C01518,Customer 01518,Female,62,Indore,2025-12-22
C01519,Customer 01519,Female,43,Indore,2024-04-01
C01520,Customer 01520,Female,51,Indore,2024-08-09
C01521,Customer 01521,Female,27,Indore,2024-07-08
C01522,Customer 01522,Female,40,Indore,2025-07-25
C01523,Customer 01523,Male,41,Indore,2024-07-23
C01524,Customer 01524,Female,30,Indore,2024-07-30
C01525,Customer 01525,Male,46,Indore,2024-03-29
C01526,Customer 01526,Female,63,Indore,2024-12-28
C01527,Customer 01527,Female,44,Indore,2025-01-05
C01528,Customer 01528,Female,48,Indore,2024-11-27
C01529,Customer 01529,Male,60,Indore,2025-12-08
C01530,Customer 01530,Male,27,Ujjain,2025-03-01
C01531,Customer 01531,Male,48,Indore,2025-03-30
C01532,Customer 01532,Male,56,Indore,2025-11-25
C01533,Customer 01533,Male,27,Indore,2025-02-25
C01534,Customer 01534,Female,41,Indore,2024-06-19
C01535,Customer 01535,Female,50,Indore,2025-12-10
C01536,Customer 01536,Male,31,Indore,2024-09-05
C01537,Customer 01537,Male,52,Indore,2024-06-29
C01538,Customer 01538,Male,62,Indore,2025-04-19
C01539,Customer 01539,Female,51,Indore,2025-04-27
C01540,Customer 01540,Female,34,Indore,2025-01-18
C01541,Customer 01541,Female,38,Bhopal,2025-02-07
C01542,Customer 01542,Male,49,Indore,2024-06-09
C01543,Customer 01543,Other,20,Dewas,2024-09-04
C01544,Customer 01544,Female,32,Indore,2024-11-14
C01545,Customer 01545,Male,25,Indore,2025-11-30
C01546,Customer 01546,Female,49,Bhopal,2025-06-14
C01547,Customer 01547,Male,55,Indore,2024-04-22
C01548,Customer 01548,Female,43,Indore,2025-07-16
C01549,Customer 01549,Male,47,Indore,2024-12-09
C01550,Customer 01550,Female,26,Indore,2024-05-02
C01551,Customer 01551,Female,49,Indore,2024-11-14
C01552,Customer 01552,Female,28,Dewas,2025-07-27
C01553,Customer 01553,Female,39,Indore,2025-04-22
C01554,Customer 01554,Male,51,Indore,2025-02-16
C01555,Customer 01555,Male,58,Indore,2025-08-08
C01556,Customer 01556,Male,35,Dewas,2024-09-01
C01557,Customer 01557,Male,36,Indore,2025-06-27
C01558,Customer 01558,Female,35,Indore,2025-04-01
C01559,Customer 01559,Male,54,Indore,2024-06-01
C01560,Customer 01560,Female,35,Indore,2025-10-17
C01561,Customer 01561,Female,29,Indore,2024-01-15
C01562,Customer 01562,Female,21,Indore,2025-03-18
C01563,Customer 01563,Male,64,Bhopal,2024-10-30
C01564,Customer 01564,Female,60,Indore,2024-09-01
C01565,Customer 01565,Female,44,Indore,2025-07-20
C01566,Customer 01566,Male,22,Indore,2025-07-07
C01567,Customer 01567,Female,23,Indore,2025-03-30
C01568,Customer 01568,Female,30,Indore,2024-12-24
C01569,Customer 01569,Male,40,Bhopal,2024-02-21
C01570,Customer 01570,Female,59,Indore,2024-01-11
C01571,Customer 01571,Male,42,Indore,2025-08-22
C01572,Customer 01572,Male,63,Indore,2024-08-14
C01573,Customer 01573,Male,21,Ujjain,2024-04-23
C01574,Customer 01574,Male,49,Indore,2025-06-20
C01575,Customer 01575,Male,61,Indore,2025-08-26
C01576,Customer 01576,Male,32,Indore,2024-03-27
C01577,Customer 01577,Female,43,Indore,2025-08-15
C01578,Customer 01578,Female,59,Indore,2024-09-06
C01579,Customer 01579,Female,28,Indore,2024-09-06
C01580,Customer 01580,Male,26,Indore,2025-02-24
C01581,Customer 01581,Male,28,Ujjain,2024-07-28
C01582,Customer 01582,Female,19,Dewas,2025-06-04
C01583,Customer 01583,Male,62,Indore,2025-09-02
C01584,Customer 01584,Male,44,Bhopal,2025-07-01
C01585,Customer 01585,Female,43,Indore,2024-02-26
C01586,Customer 01586,Male,25,Indore,2024-03-03
C01587,Customer 01587,Female,38,Indore,2024-12-03
C01588,Customer 01588,Female,38,Indore,2025-12-25
C01589,Customer 01589,Male,25,Indore,2025-06-15
C01590,Customer 01590,Male,18,Indore,2024-01-06
C01591,Customer 01591,Female,55,Indore,2025-08-07
C01592,Customer 01592,Male,30,Indore,2025-09-10
C01593,Customer 01593,Male,26,Indore,2025-08-27
C01594,Customer 01594,Other,45,Indore,2025-05-25
C01595,Customer 01595,Male,23,Indore,2025-04-05
C01596,Customer 01596,Female,64,Indore,2024-12-21
C01597,Customer 01597,Other,40,Indore,2024-08-06
C01598,Customer 01598,Male,65,Indore,2025-01-01
C01599,Customer 01599,Male,53,Indore,2025-07-14
C01600,Customer 01600,Male,34,Indore,2024-12-29
C01601,Customer 01601,Male,26,Ujjain,2025-01-24
C01602,Customer 01602,Male,29,Indore,2024-10-21
C01603,Customer 01603,Female,39,Indore,2025-05-19
C01604,Customer 01604,Male,29,Dewas,2024-10-14
C01605,Customer 01605,Female,23,Ujjain,2024-06-25
C01606,Customer 01606,Other,61,Indore,2024-10-25
C01607,Customer 01607,Female,26,Indore,2025-09-11
C01608,Customer 01608,Female,54,Dewas,2024-10-10
C01609,Customer 01609,Male,20,Indore,2025-07-30
C01610,Customer 01610,Female,51,Indore,2024-02-23
C01611,Customer 01611,Female,25,Indore,2024-11-15
C01612,Customer 01612,Male,27,Indore,2025-04-23
C01613,Customer 01613,Male,64,Indore,2025-06-25
C01614,Customer 01614,Female,58,Dewas,2025-12-22
C01615,Customer 01615,Male,59,Indore,2024-08-08
C01616,Customer 01616,Male,60,Indore,2025-11-12
C01617,Customer 01617,Male,26,Indore,2024-12-08
C01618,Customer 01618,Male,31,Dewas,2024-08-01
C01619,Customer 01619,Female,54,Indore,2024-11-17
C01620,Customer 01620,Female,44,Indore,2025-08-03
C01621,Customer 01621,Female,58,Indore,2024-01-15
C01622,Customer 01622,Male,49,Indore,2025-04-24
C01623,Customer 01623,Male,21,Indore,2024-05-13
C01624,Customer 01624,Male,19,Indore,2025-12-18
C01625,Customer 01625,Male,50,Indore,2024-01-24
C01626,Customer 01626,Male,38,Indore,2025-01-11
C01627,Customer 01627,Female,18,Ujjain,2025-08-19
C01628,Customer 01628,Male,61,Indore,2024-05-21
C01629,Customer 01629,Female,28,Indore,2025-10-13
C01630,Customer 01630,Male,18,Indore,2025-03-14
C01631,Customer 01631,Male,63,Indore,2024-11-19
C01632,Customer 01632,Male,28,Indore,2024-05-01
C01633,Customer 01633,Female,24,Indore,2024-10-26
C01634,Customer 01634,Female,19,Indore,2024-12-06
C01635,Customer 01635,Female,32,Ujjain,2024-06-27
C01636,Customer 01636,Male,25,Indore,2024-07-26
C01637,Customer 01637,Male,64,Indore,2024-06-14
C01638,Customer 01638,Female,43,Bhopal,2024-02-10
C01639,Customer 01639,Male,57,Indore,2025-09-25
C01640,Customer 01640,Female,59,Indore,2025-07-09
C01641,Customer 01641,Male,52,Indore,2024-03-15
C01642,Customer 01642,Male,63,Indore,2025-04-24
C01643,Customer 01643,Male,58,Indore,2024-12-13
C01644,Customer 01644,Male,58,Indore,2024-09-28
C01645,Customer 01645,Female,38,Indore,2024-06-14
C01646,Customer 01646,Male,55,Indore,2024-03-26
C01647,Customer 01647,Male,25,Indore,2025-10-10
C01648,Customer 01648,Male,60,Bhopal,2025-07-04
C01649,Customer 01649,Male,49,Indore,2025-08-21
C01650,Customer 01650,Female,25,Indore,2024-06-03
C01651,Customer 01651,Female,61,Dewas,2025-11-02
C01652,Customer 01652,Female,27,Indore,2025-07-29
C01653,Customer 01653,Female,40,Indore,2024-08-10
C01654,Customer 01654,Male,21,Indore,2025-02-20
C01655,Customer 01655,Female,65,Indore,2024-12-27
C01656,Customer 01656,Male,55,Indore,2024-12-11
C01657,Customer 01657,Male,47,Bhopal,2024-05-25
C01658,Customer 01658,Female,58,Indore,2025-12-16
C01659,Customer 01659,Male,40,Indore,2024-03-07
C01660,Customer 01660,Female,22,Indore,2025-05-31
C01661,Customer 01661,Male,38,Indore,2024-02-28
C01662,Customer 01662,Female,23,Indore,2025-08-10
C01663,Customer 01663,Female,34,Dewas,2024-01-16
C01664,Customer 01664,Female,42,Indore,2025-08-09
C01665,Customer 01665,Female,41,Indore,2025-04-30
C01666,Customer 01666,Female,39,Bhopal,2024-06-24
C01667,Customer 01667,Male,30,Indore,2024-11-17
C01668,Customer 01668,Female,34,Bhopal,2025-04-05
C01669,Customer 01669,Male,31,Indore,2024-05-15
C01670,Customer 01670,Female,51,Indore,2025-03-03
C01671,Customer 01671,Female,43,Indore,2025-11-10
C01672,Customer 01672,Female,36,Dewas,2025-06-25
C01673,Customer 01673,Male,43,Indore,2024-11-17
C01674,Customer 01674,Male,20,Indore,2024-12-01
C01675,Customer 01675,Female,19,Indore,2025-05-27
C01676,Customer 01676,Male,45,Indore,2024-06-19
C01677,Customer 01677,Male,19,Dewas,2024-05-08
C01678,Customer 01678,Male,39,Indore,2025-11-10
C01679,Customer 01679,Female,24,Dewas,2025-02-21
C01680,Customer 01680,Female,21,Indore,2025-01-31
C01681,Customer 01681,Male,55,Indore,2024-03-01
C01682,Customer 01682,Male,56,Indore,2024-04-26
C01683,Customer 01683,Male,37,Indore,2025-09-26
C01684,Customer 01684,Female,23,Dewas,2025-04-17
C01685,Customer 01685,Female,26,Indore,2025-01-31
C01686,Customer 01686,Male,48,Indore,2025-11-28
C01687,Customer 01687,Male,43,Indore,2025-08-19
C01688,Customer 01688,Male,53,Ujjain,2024-08-05
C01689,Customer 01689,Female,43,Indore,2025-10-16
C01690,Customer 01690,Female,45,Indore,2025-04-21
C01691,Customer 01691,Male,22,Indore,2025-08-24
C01692,Customer 01692,Male,27,Indore,2024-09-24
C01693,Customer 01693,Male,35,Indore,2024-03-16
C01694,Customer 01694,Female,32,Indore,2024-03-09
C01695,Customer 01695,Male,50,Indore,2025-03-20
C01696,Customer 01696,Female,22,Indore,2024-10-24
C01697,Customer 01697,Female,54,Indore,2025-04-18
C01698,Customer 01698,Male,57,Dewas,2024-06-08
C01699,Customer 01699,Male,39,Indore,2024-01-08
C01700,Customer 01700,Male,39,Indore,2025-04-29
C01701,Customer 01701,Female,39,Indore,2024-03-28
C01702,Customer 01702,Female,32,Indore,2024-05-20
C01703,Customer 01703,Female,34,Bhopal,2025-06-24
C01704,Customer 01704,Female,62,Indore,2025-06-08
C01705,Customer 01705,Male,45,Indore,2025-07-28
C01706,Customer 01706,Female,39,Indore,2024-12-08
C01707,Customer 01707,Female,38,Indore,2025-11-17
C01708,Customer 01708,Male,59,Indore,2024-08-03
C01709,Customer 01709,Female,34,Indore,2025-05-20
C01710,Customer 01710,Female,22,Indore,2025-08-21
C01711,Customer 01711,Female,35,Indore,2024-03-14
C01712,Customer 01712,Female,34,Indore,2025-08-03
C01713,Customer 01713,Female,21,Indore,2024-03-09
C01714,Customer 01714,Female,24,Dewas,2024-08-10
C01715,Customer 01715,Male,42,Indore,2025-01-20
C01716,Customer 01716,Male,54,Indore,2024-10-11
C01717,Customer 01717,Female,57,Indore,2024-05-01
C01718,Customer 01718,Male,57,Indore,2025-03-16
C01719,Customer 01719,Male,60,Indore,2025-04-01
C01720,Customer 01720,Male,26,Indore,2024-06-12
C01721,Customer 01721,Male,36,Indore,2024-09-19
C01722,Customer 01722,Female,26,Indore,2024-04-01
C01723,Customer 01723,Female,40,Indore,2024-12-01
C01724,Customer 01724,Male,48,Ujjain,2025-08-08
C01725,Customer 01725,Male,49,Indore,2024-11-09
C01726,Customer 01726,Male,48,Dewas,2025-08-24
C01727,Customer 01727,Female,34,Indore,2025-04-10
C01728,Customer 01728,Female,65,Indore,2025-10-02
C01729,Customer 01729,Male,56,Indore,2025-02-04
C01730,Customer 01730,Female,39,Ujjain,2025-07-14
C01731,Customer 01731,Female,52,Indore,2025-08-20
C01732,Customer 01732,Female,47,Bhopal,2025-04-29
C01733,Customer 01733,Female,57,Indore,2025-10-17
C01734,Customer 01734,Male,54,Indore,2025-10-08
C01735,Customer 01735,Female,43,Bhopal,2025-09-18
C01736,Customer 01736,Male,23,Bhopal,2024-10-03
C01737,Customer 01737,Female,51,Indore,2024-03-06
C01738,Customer 01738,Female,49,Ujjain,2025-11-29
C01739,Customer 01739,Female,42,Indore,2024-07-19
C01740,Customer 01740,Female,30,Ujjain,2025-04-12
C01741,Customer 01741,Male,55,Ujjain,2025-03-09
C01742,Customer 01742,Female,55,Ujjain,2024-05-17
C01743,Customer 01743,Other,19,Ujjain,2024-02-21
C01744,Customer 01744,Female,22,Indore,2025-12-25
C01745,Customer 01745,Male,28,Indore,2025-03-27
C01746,Customer 01746,Male,28,Indore,2024-06-06
C01747,Customer 01747,Male,41,Indore,2024-07-24
C01748,Customer 01748,Female,31,Indore,2024-12-07
C01749,Customer 01749,Female,62,Indore,
C01750,Customer 01750,Male,47,Indore,2024-05-15
C01751,Customer 01751,Female,57,Indore,2024-03-15
C01752,Customer 01752,Female,64,Dewas,2025-03-24
C01753,Customer 01753,Female,61,Indore,2024-03-09
C01754,Customer 01754,Female,52,Indore,2025-07-14
C01755,Customer 01755,Female,38,Indore,2024-07-20
C01756,Customer 01756,Female,22,Indore,2025-07-27
C01757,Customer 01757,Male,55,Indore,2024-06-15
C01758,Customer 01758,Female,19,Indore,2025-12-17
C01759,Customer 01759,Female,57,Indore,2025-10-22
C01760,Customer 01760,Female,54,Indore,2024-04-30
C01761,Customer 01761,Female,51,Indore,2024-04-06
C01762,Customer 01762,Female,28,Indore,2025-01-11
C01763,Customer 01763,Male,53,Indore,2025-05-05
C01764,Customer 01764,Male,28,Indore,2024-02-22
C01765,Customer 01765,Male,26,Indore,2024-01-09
C01766,Customer 01766,Male,23,Indore,2024-11-26
C01767,Customer 01767,Female,51,Indore,2024-09-07
C01768,Customer 01768,Other,64,Indore,2024-12-25
C01769,Customer 01769,Male,54,Indore,2024-12-14
C01770,Customer 01770,Male,49,Indore,2024-05-03
C01771,Customer 01771,Female,29,Indore,2025-09-25
C01772,Customer 01772,Male,62,Dewas,2024-07-17
C01773,Customer 01773,Female,49,Indore,2025-02-14
C01774,Customer 01774,Female,34,Indore,2025-01-14
C01775,Customer 01775,Female,21,Indore,2025-05-19
C01776,Customer 01776,Male,59,Indore,2024-04-04
C01777,Customer 01777,Male,50,Indore,2024-01-30
C01778,Customer 01778,Female,60,Indore,2024-04-01
C01779,Customer 01779,Female,65,Indore,2025-08-18
C01780,Customer 01780,Male,60,Indore,2024-01-15
C01781,Customer 01781,Female,26,Ujjain,2025-10-16
C01782,Customer 01782,Male,51,Indore,2025-04-04
C01783,Customer 01783,Female,56,Ujjain,2025-12-21
C01784,Customer 01784,Male,47,Dewas,2024-01-23
C01785,Customer 01785,Female,37,Indore,2024-11-21
C01786,Customer 01786,Male,56,Indore,2025-10-17
C01787,Customer 01787,Male,40,Indore,2024-03-27
C01788,Customer 01788,Male,58,Bhopal,2024-07-11
C01789,Customer 01789,Male,61,Indore,2025-11-15
C01790,Customer 01790,Female,52,Bhopal,2024-09-19
C01791,Customer 01791,Other,40,Indore,2025-03-04
C01792,Customer 01792,Male,65,Ujjain,2024-12-25
C01793,Customer 01793,Male,56,Indore,2025-07-15
C01794,Customer 01794,Female,40,Dewas,2025-03-08
C01795,Customer 01795,Female,54,Indore,2025-07-13
C01796,Customer 01796,Female,40,Indore,2025-05-22
C01797,Customer 01797,Male,56,Indore,2024-02-18
C01798,Customer 01798,Male,45,Indore,2024-06-16
C01799,Customer 01799,Female,36,Indore,2025-11-09
C01800,Customer 01800,Male,65,Indore,2025-03-16
C01801,Customer 01801,Female,47,Indore,2025-08-16
C01802,Customer 01802,Male,38,Indore,2025-07-28
C01803,Customer 01803,Female,41,Indore,2024-08-15
C01804,Customer 01804,Male,38,Indore,2024-08-01
C01805,Customer 01805,Female,43,Indore,2025-10-03
C01806,Customer 01806,Male,53,Indore,2024-06-02
C01807,Customer 01807,Female,43,Indore,2025-08-30
C01808,Customer 01808,Male,50,Indore,2025-02-10
C01809,Customer 01809,Female,53,Ujjain,2024-01-18
C01810,Customer 01810,Female,21,Indore,2025-04-11
C01811,Customer 01811,Female,26,Dewas,2024-12-09
C01812,Customer 01812,Female,25,Indore,2024-11-19
C01813,Customer 01813,Female,19,Indore,2024-09-02
C01814,Customer 01814,Female,46,Indore,2024-02-29
C01815,Customer 01815,Male,40,Indore,2025-05-08
C01816,Customer 01816,Female,23,Indore,2025-10-03
C01817,Customer 01817,Male,60,Indore,2024-02-18
C01818,Customer 01818,Male,53,Indore,2025-11-08
C01819,Customer 01819,Male,63,Ujjain,2025-11-10
C01820,Customer 01820,Male,38,Indore,2024-09-09
C01821,Customer 01821,Female,39,Dewas,2025-01-17
C01822,Customer 01822,Female,26,Indore,2024-11-04
C01823,Customer 01823,Female,51,Indore,2025-07-29
C01824,Customer 01824,Female,43,Indore,2025-06-28
C01825,Customer 01825,Male,18,Indore,2024-02-27
C01826,Customer 01826,Male,53,Indore,2024-03-04
C01827,Customer 01827,Male,61,Indore,2024-05-04
C01828,Customer 01828,Male,22,Indore,2024-03-01
C01829,Customer 01829,Male,58,Indore,2025-01-14
C01830,Customer 01830,Male,39,Indore,2024-05-17
C01831,Customer 01831,Female,21,Indore,2024-03-06
C01832,Customer 01832,Female,65,Bhopal,2024-06-27
C01833,Customer 01833,Other,19,Indore,2024-06-19
C01834,Customer 01834,Female,33,Indore,2025-09-23
C01835,Customer 01835,Female,33,Indore,2024-12-09
C01836,Customer 01836,Male,39,Indore,2025-12-04
C01837,Customer 01837,Female,60,Indore,2024-07-05
C01838,Customer 01838,Female,18,Indore,2024-08-14
C01839,Customer 01839,Male,32,Indore,2024-09-22
C01840,Customer 01840,Male,41,Indore,2024-07-10
C01841,Customer 01841,Female,21,Indore,2025-08-28
C01842,Customer 01842,Male,35,Dewas,2024-05-05
C01843,Customer 01843,Female,34,Indore,2025-04-18
C01844,Customer 01844,Female,24,Indore,2024-04-08
C01845,Customer 01845,Male,62,Indore,2024-12-09
C01846,Customer 01846,Male,27,Indore,2024-08-30
C01847,Customer 01847,Male,18,Indore,2024-01-20
C01848,Customer 01848,Male,19,Ujjain,2025-09-20
C01849,Customer 01849,Male,39,Ujjain,2024-12-24
C01850,Customer 01850,Female,49,Indore,2025-03-08
C01851,Customer 01851,Male,46,Indore,2025-09-02
C01852,Customer 01852,Female,52,Indore,2025-05-01
C01853,Customer 01853,Male,34,Indore,2024-11-25
C01854,Customer 01854,Female,29,Indore,2025-10-28
C01855,Customer 01855,Male,41,Indore,2024-11-02
C01856,Customer 01856,Male,47,Indore,2024-07-03
C01857,Customer 01857,Female,61,Indore,2024-11-30
C01858,Customer 01858,Female,47,Indore,2025-05-20
C01859,Customer 01859,Male,37,Indore,2025-04-07
C01860,Customer 01860,Female,59,Indore,2024-01-03
C01861,Customer 01861,Male,24,Dewas,2025-10-30
C01862,Customer 01862,Male,59,Indore,2024-06-23
C01863,Customer 01863,Male,55,Indore,2025-08-03
C01864,Customer 01864,Male,24,Indore,2025-06-16
C01865,Customer 01865,Female,47,Indore,2024-10-24
C01866,Customer 01866,Male,29,Indore,2024-04-27
C01867,Customer 01867,Male,48,Indore,2025-10-03
C01868,Customer 01868,Female,35,Ujjain,2024-07-24
C01869,Customer 01869,Female,63,Indore,2025-12-09
C01870,Customer 01870,Male,60,Dewas,2024-05-14
C01871,Customer 01871,Female,19,Bhopal,2024-07-21
C01872,Customer 01872,Male,50,Indore,2024-02-04
C01873,Customer 01873,Female,28,Indore,2024-01-30
C01874,Customer 01874,Female,51,Indore,2025-03-03
C01875,Customer 01875,Female,33,Indore,2024-09-13
C01876,Customer 01876,Male,52,Indore,2025-01-15
C01877,Customer 01877,Male,50,Indore,2024-06-30
C01878,Customer 01878,Male,38,Indore,2024-07-26
C01879,Customer 01879,Male,37,Bhopal,2025-10-02
C01880,Customer 01880,Male,25,Indore,2025-07-28
C01881,Customer 01881,Female,43,Bhopal,2025-03-14
C01882,Customer 01882,Male,50,Indore,2024-12-07
C01883,Customer 01883,Male,43,Indore,2025-08-11
C01884,Customer 01884,Female,54,Indore,2025-01-12
C01885,Customer 01885,Male,47,Indore,2025-02-14
C01886,Customer 01886,Female,48,Indore,2025-06-10
C01887,Customer 01887,Male,50,Indore,2025-01-17
C01888,Customer 01888,Male,28,Indore,2025-04-09
C01889,Customer 01889,Male,58,Ujjain,2025-01-27
C01890,Customer 01890,Male,22,Indore,2025-07-24
C01891,Customer 01891,Female,19,Indore,2024-05-30
C01892,Customer 01892,Male,30,Indore,2025-09-11
C01893,Customer 01893,Female,35,Indore,2025-01-03
C01894,Customer 01894,Male,43,Indore,2024-04-16
C01895,Customer 01895,Male,42,Bhopal,2024-05-18
C01896,Customer 01896,Female,61,Indore,2024-10-06
C01897,Customer 01897,Male,31,Indore,2024-03-12
C01898,Customer 01898,Female,22,Indore,2025-09-14
C01899,Customer 01899,Female,59,Indore,2025-05-19
C01900,Customer 01900,Female,19,Indore,2024-04-15
C01901,Customer 01901,Female,21,Indore,2025-05-15
C01902,Customer 01902,Male,29,Indore,2024-06-07
C01903,Customer 01903,Male,28,Indore,2024-05-29
C01904,Customer 01904,Male,21,Indore,2024-01-14
C01905,Customer 01905,Female,60,Indore,2024-01-05
C01906,Customer 01906,Other,26,Indore,2025-09-30
C01907,Customer 01907,Male,27,Bhopal,2024-09-29
C01908,Customer 01908,Female,44,Indore,2024-12-03
C01909,Customer 01909,Male,23,Indore,2024-07-29
C01910,Customer 01910,Female,32,Indore,2024-11-22
C01911,Customer 01911,Male,59,Indore,2025-12-29
C01912,Customer 01912,Female,48,Indore,2025-04-10
C01913,Customer 01913,Female,39,Indore,2024-03-19
C01914,Customer 01914,Male,23,Indore,2025-08-27
C01915,Customer 01915,Male,50,Indore,2024-06-25
C01916,Customer 01916,Male,46,Indore,2024-05-11
C01917,Customer 01917,Male,38,Ujjain,2024-10-18
C01918,Customer 01918,Male,47,Ujjain,2025-11-21
C01919,Customer 01919,Female,38,Indore,2025-01-12
C01920,Customer 01920,Female,53,Ujjain,2025-02-19
C01921,Customer 01921,Female,39,Bhopal,
C01922,Customer 01922,Male,63,Indore,2025-01-11
C01923,Customer 01923,Female,37,Indore,2025-04-29
C01924,Customer 01924,Female,39,Indore,2024-05-25
C01925,Customer 01925,Male,57,Ujjain,2025-10-16
C01926,Customer 01926,Female,28,Indore,2025-06-15
C01927,Customer 01927,Female,64,Dewas,2025-07-23
C01928,Customer 01928,Male,48,Indore,2024-10-22
C01929,Customer 01929,Male,57,Indore,2025-07-31
C01930,Customer 01930,Male,30,Indore,2024-12-10
C01931,Customer 01931,Male,35,Indore,2025-01-31
C01932,Customer 01932,Female,39,Ujjain,2025-04-19
C01933,Customer 01933,Female,34,Indore,2025-06-08
C01934,Customer 01934,Female,55,Indore,
C01935,Customer 01935,Male,42,Indore,2024-02-15
C01936,Customer 01936,Male,49,Indore,2025-08-27
C01937,Customer 01937,Female,32,Indore,2025-03-03
C01938,Customer 01938,Female,30,Bhopal,2024-08-10
C01939,Customer 01939,Male,43,Indore,2024-01-23
C01940,Customer 01940,Female,28,Indore,2024-03-07
C01941,Customer 01941,Female,30,Ujjain,2025-09-17
C01942,Customer 01942,Male,50,Bhopal,2025-04-27
C01943,Customer 01943,Male,54,Indore,2024-07-24
C01944,Customer 01944,Female,55,Indore,2025-07-31
C01945,Customer 01945,Male,18,Indore,2025-07-15
C01946,Customer 01946,Male,56,Indore,2025-10-14
C01947,Customer 01947,Male,44,Indore,2024-09-14
C01948,Customer 01948,Male,53,Indore,2025-06-29
C01949,Customer 01949,Female,49,Indore,2024-09-09
C01950,Customer 01950,Female,58,Ujjain,2025-08-03
C01951,Customer 01951,Male,32,Dewas,2024-07-07
C01952,Customer 01952,Female,48,Indore,2024-06-01
C01953,Customer 01953,Female,23,Indore,2025-12-15
C01954,Customer 01954,Female,42,Indore,2024-03-17
C01955,Customer 01955,Male,35,Indore,2025-12-03
C01956,Customer 01956,Male,39,Indore,2025-06-23
C01957,Customer 01957,Other,48,Indore,2025-12-25
C01958,Customer 01958,Female,53,Indore,2025-01-03
C01959,Customer 01959,Male,26,Indore,2025-07-21
C01960,Customer 01960,Male,63,Indore,2025-09-15
C01961,Customer 01961,Male,20,Indore,2024-06-02
C01962,Customer 01962,Female,50,Indore,2024-06-03
C01963,Customer 01963,Female,44,Bhopal,2024-09-27
C01964,Customer 01964,Male,60,Indore,2025-07-15
C01965,Customer 01965,Male,18,Indore,2025-05-23
C01966,Customer 01966,Female,61,Indore,2025-01-24
C01967,Customer 01967,Female,26,Indore,2024-03-08
C01968,Customer 01968,Male,22,Indore,2024-05-11
C01969,Customer 01969,Female,32,Ujjain,2025-10-31
C01970,Customer 01970,Female,26,Dewas,2024-09-21
C01971,Customer 01971,Male,62,Indore,2025-11-12
C01972,Customer 01972,Female,45,Indore,2024-08-07
C01973,Customer 01973,Male,30,Indore,2025-07-05
C01974,Customer 01974,Female,41,Indore,2024-10-15
C01975,Customer 01975,Female,62,Indore,2024-03-19
C01976,Customer 01976,Female,27,Indore,2025-07-25
C01977,Customer 01977,Female,59,Dewas,2024-11-15
C01978,Customer 01978,Male,39,Indore,2024-11-13
C01979,Customer 01979,Female,56,Indore,2025-05-01
C01980,Customer 01980,Female,39,Indore,2025-01-25
C01981,Customer 01981,Male,54,Indore,2025-08-10
C01982,Customer 01982,Female,56,Ujjain,2024-02-08
C01983,Customer 01983,Female,37,Indore,2024-07-17
C01984,Customer 01984,Male,27,Indore,2024-04-14
C01985,Customer 01985,Female,27,Indore,2025-08-04
C01986,Customer 01986,Female,43,Indore,2025-05-21
C01987,Customer 01987,Male,42,Indore,2025-07-23
C01988,Customer 01988,Other,45,Indore,2024-11-24
C01989,Customer 01989,Male,30,Indore,2025-11-21
C01990,Customer 01990,Male,32,Indore,2024-11-03
C01991,Customer 01991,Male,23,Indore,2024-08-09
C01992,Customer 01992,Female,29,Bhopal,2025-10-17
C01993,Customer 01993,Female,36,Indore,2024-01-27
C01994,Customer 01994,Male,49,Indore,2025-11-03
C01995,Customer 01995,Male,28,Ujjain,2024-05-30
C01996,Customer 01996,Female,55,Dewas,2024-06-21
C01997,Customer 01997,Male,50,Indore,2025-12-23
C01998,Customer 01998,Female,19,Indore,2024-01-22
C01999,Customer 01999,Female,32,Ujjain,2025-06-28
C02000,Customer 02000,Female,53,Bhopal,2025-09-12
C02001,Customer 02001,Female,22,Indore,2025-01-28
C02002,Customer 02002,Male,32,Ujjain,2024-02-16
C02003,Customer 02003,Other,60,Indore,2025-08-30
C02004,Customer 02004,Female,27,Indore,2024-05-04
C02005,Customer 02005,Female,34,Indore,2024-11-30
C02006,Customer 02006,Male,51,Indore,2024-10-21
C02007,Customer 02007,Female,41,Indore,
C02008,Customer 02008,Male,27,Indore,2025-08-16
C02009,Customer 02009,Male,47,Indore,2025-07-23
C02010,Customer 02010,Male,20,Indore,2025-06-21
C02011,Customer 02011,Female,54,Ujjain,2024-10-23
C02012,Customer 02012,Female,20,Indore,2024-02-13
C02013,Customer 02013,Female,57,Indore,2025-08-19
C02014,Customer 02014,Female,22,Indore,2024-01-22
C02015,Customer 02015,Male,45,Indore,2024-08-13
C02016,Customer 02016,Female,61,Bhopal,2025-07-02
C02017,Customer 02017,Male,31,Indore,2025-01-08
C02018,Customer 02018,Female,56,Indore,2025-09-04
C02019,Customer 02019,Female,28,Indore,2025-10-15
C02020,Customer 02020,Female,25,Indore,2024-01-04
C02021,Customer 02021,Female,54,Indore,2024-01-24
C02022,Customer 02022,Male,25,Indore,2025-12-03
C02023,Customer 02023,Male,29,Ujjain,2024-11-17
C02024,Customer 02024,Female,32,Indore,2025-06-22
C02025,Customer 02025,Male,36,Indore,2025-01-06
C02026,Customer 02026,Male,65,Indore,2025-08-15
C02027,Customer 02027,Male,63,Indore,2025-09-24
C02028,Customer 02028,Female,45,Indore,2024-12-30
C02029,Customer 02029,Male,24,Dewas,2024-03-09
C02030,Customer 02030,Male,57,Indore,2025-04-16
C02031,Customer 02031,Female,24,Indore,2025-05-19
C02032,Customer 02032,Female,47,Indore,2024-11-08
C02033,Customer 02033,Male,35,Indore,2024-03-12
C02034,Customer 02034,Male,41,Indore,2024-09-02
C02035,Customer 02035,Male,23,Indore,2024-03-13
C02036,Customer 02036,Male,21,Indore,2025-06-11
C02037,Customer 02037,Male,20,Indore,2025-11-21
C02038,Customer 02038,Female,64,Indore,2024-02-09
C02039,Customer 02039,Female,23,Indore,2024-02-08
C02040,Customer 02040,Female,43,Dewas,2024-02-25
C02041,Customer 02041,Male,61,Indore,2025-07-19
C02042,Customer 02042,Female,55,Indore,2024-06-20
C02043,Customer 02043,Male,28,Indore,2024-10-28
C02044,Customer 02044,Female,46,Indore,2025-05-04
C02045,Customer 02045,Female,37,Indore,2025-03-07
C02046,Customer 02046,Male,27,Indore,2025-12-01
C02047,Customer 02047,Female,43,Indore,2025-07-08
C02048,Customer 02048,Male,65,Indore,2024-01-04
C02049,Customer 02049,Female,44,Indore,2024-09-17
C02050,Customer 02050,Male,31,Indore,2025-07-23
C02051,Customer 02051,Male,53,Indore,2025-07-02
C02052,Customer 02052,Female,29,Indore,2025-02-13
C02053,Customer 02053,Male,40,Indore,2024-09-21
C02054,Customer 02054,Female,38,Indore,2024-01-15
C02055,Customer 02055,Male,25,Indore,2024-03-28
C02056,Customer 02056,Female,56,Indore,2024-04-08
C02057,Customer 02057,Female,26,Indore,2025-09-08
C02058,Customer 02058,Female,41,Indore,2024-08-04
C02059,Customer 02059,Male,48,Indore,2025-02-13
C02060,Customer 02060,Male,42,Indore,2024-07-09
C02061,Customer 02061,Male,34,Indore,2024-08-02
C02062,Customer 02062,Male,59,Indore,2025-12-10
C02063,Customer 02063,Female,46,Indore,2025-09-08
C02064,Customer 02064,Female,20,Indore,2024-01-27
C02065,Customer 02065,Female,38,Indore,2024-06-30
C02066,Customer 02066,Female,25,Indore,2025-08-17
C02067,Customer 02067,Female,31,Bhopal,2024-06-07
C02068,Customer 02068,Female,56,Indore,2024-08-17
C02069,Customer 02069,Male,33,Indore,2024-08-22
C02070,Customer 02070,Female,35,Indore,2025-01-20
C02071,Customer 02071,Female,48,Indore,2025-06-13
C02072,Customer 02072,Female,28,Indore,2024-10-10
C02073,Customer 02073,Male,55,Indore,2024-03-11
C02074,Customer 02074,Male,37,Indore,2025-05-18
C02075,Customer 02075,Male,63,Indore,2024-08-02
C02076,Customer 02076,Female,62,Indore,2024-04-26
C02077,Customer 02077,Female,21,Indore,2024-04-09
C02078,Customer 02078,Male,37,Indore,2025-08-22
C02079,Customer 02079,Female,48,Indore,2025-10-26
C02080,Customer 02080,Male,37,Indore,2024-10-21
C02081,Customer 02081,Male,28,Indore,2024-06-25
C02082,Customer 02082,Male,18,Indore,2024-05-11
C02083,Customer 02083,Female,61,Indore,2025-09-25
C02084,Customer 02084,Female,35,Indore,2025-12-23
C02085,Customer 02085,Male,56,Indore,2025-08-02
C02086,Customer 02086,Female,61,Indore,2024-02-26
C02087,Customer 02087,Male,50,Indore,2024-01-13
C02088,Customer 02088,Female,53,Indore,
C02089,Customer 02089,Female,35,Ujjain,2025-07-28
C02090,Customer 02090,Female,64,Indore,2025-05-24
C02091,Customer 02091,Male,48,Indore,2024-06-01
C02092,Customer 02092,Female,52,Indore,2024-01-23
C02093,Customer 02093,Female,56,Indore,2024-01-30
C02094,Customer 02094,Male,55,Indore,2025-01-03
C02095,Customer 02095,Female,32,Indore,2025-12-01
C02096,Customer 02096,Male,64,Indore,2025-01-25
C02097,Customer 02097,Female,23,Indore,2024-11-05
C02098,Customer 02098,Male,25,Indore,2025-09-12
C02099,Customer 02099,Female,57,Indore,2025-02-04
C02100,Customer 02100,Female,39,Indore,2024-12-18
C02101,Customer 02101,Male,18,Indore,2025-07-25
C02102,Customer 02102,Male,30,Indore,2024-03-06
C02103,Customer 02103,Male,41,Indore,2024-06-14
C02104,Customer 02104,Male,38,Dewas,2025-05-06
C02105,Customer 02105,Male,62,Indore,2025-10-14
C02106,Customer 02106,Female,60,Indore,2025-07-17
C02107,Customer 02107,Male,21,Indore,2024-06-28
C02108,Customer 02108,Male,24,Indore,2025-06-27
C02109,Customer 02109,Female,29,Indore,2025-12-26
C02110,Customer 02110,Male,30,Indore,2024-01-17
C02111,Customer 02111,Female,61,Indore,2024-05-05
C02112,Customer 02112,Female,33,Indore,2024-03-22
C02113,Customer 02113,Female,23,Dewas,2024-02-09
C02114,Customer 02114,Female,31,Indore,2025-09-07
C02115,Customer 02115,Female,65,Bhopal,
C02116,Customer 02116,Male,48,Indore,2024-06-30
C02117,Customer 02117,Male,53,Bhopal,2025-03-13
C02118,Customer 02118,Male,54,Indore,2025-10-29
C02119,Customer 02119,Female,58,Indore,2025-11-20
C02120,Customer 02120,Male,52,Indore,2025-06-13
C02121,Customer 02121,Female,27,Indore,2025-10-14
C02122,Customer 02122,Other,34,Dewas,2024-06-09
C02123,Customer 02123,Female,59,Indore,2025-12-26
C02124,Customer 02124,Female,47,Indore,2025-07-10
C02125,Customer 02125,Male,61,Dewas,2024-07-05
C02126,Customer 02126,Female,24,Dewas,2024-12-19
C02127,Customer 02127,Female,35,Indore,2025-01-09
C02128,Customer 02128,Male,36,Indore,2025-04-11
C02129,Customer 02129,Male,32,Indore,2024-08-28
C02130,Customer 02130,Female,56,Indore,2024-11-29
C02131,Customer 02131,Female,61,Ujjain,2024-02-17
C02132,Customer 02132,Female,39,Indore,2024-04-20
C02133,Customer 02133,Female,56,Indore,2025-08-17
C02134,Customer 02134,Female,59,Ujjain,2024-04-13
C02135,Customer 02135,Female,47,Indore,2025-04-07
C02136,Customer 02136,Male,37,Dewas,2024-03-14
C02137,Customer 02137,Male,49,Indore,2025-07-20
C02138,Customer 02138,Male,59,Dewas,2024-11-12
C02139,Customer 02139,Female,42,Indore,2024-01-02
C02140,Customer 02140,Female,40,Indore,2025-01-06
C02141,Customer 02141,Female,22,Indore,2025-04-13
C02142,Customer 02142,Male,58,Indore,2024-01-10
C02143,Customer 02143,Female,47,Indore,2025-08-10
C02144,Customer 02144,Female,65,Indore,2025-02-26
C02145,Customer 02145,Female,56,Indore,2024-09-14
C02146,Customer 02146,Female,44,Indore,2025-09-24
C02147,Customer 02147,Male,59,Indore,2025-12-27
C02148,Customer 02148,Female,54,Indore,2025-04-20
C02149,Customer 02149,Male,24,Indore,2024-09-01
C02150,Customer 02150,Male,22,Indore,2024-12-02
C02151,Customer 02151,Male,32,Indore,2025-11-22
C02152,Customer 02152,Female,59,Dewas,2025-05-02
C02153,Customer 02153,Female,25,Indore,2024-03-13
C02154,Customer 02154,Female,26,Indore,2025-12-21
C02155,Customer 02155,Female,28,Indore,2025-11-15
C02156,Customer 02156,Female,39,Indore,2024-01-05
C02157,Customer 02157,Female,51,Indore,2025-04-06
C02158,Customer 02158,Male,52,Indore,2024-12-31
C02159,Customer 02159,Male,30,Indore,2025-05-09
C02160,Customer 02160,Male,28,Indore,2024-08-04
C02161,Customer 02161,Male,49,Indore,2024-08-01
C02162,Customer 02162,Male,59,Indore,2024-11-20
C02163,Customer 02163,Male,32,Indore,2024-11-05
C02164,Customer 02164,Male,55,Indore,2024-02-07
C02165,Customer 02165,Female,18,Ujjain,2024-03-01
C02166,Customer 02166,Male,63,Indore,2024-04-04
C02167,Customer 02167,Male,41,Ujjain,2024-08-20
C02168,Customer 02168,Male,60,Indore,2025-07-01
C02169,Customer 02169,Female,57,Dewas,2025-05-27
C02170,Customer 02170,Male,39,Indore,2024-05-29
C02171,Customer 02171,Male,20,Indore,2025-04-15
C02172,Customer 02172,Female,31,Indore,2024-08-02
C02173,Customer 02173,Male,19,Indore,2025-02-02
C02174,Customer 02174,Male,49,Indore,2025-07-11
C02175,Customer 02175,Male,65,Ujjain,2025-07-30
C02176,Customer 02176,Male,55,Indore,2024-01-06
C02177,Customer 02177,Male,50,Indore,2024-03-21
C02178,Customer 02178,Male,63,Bhopal,2024-07-07
C02179,Customer 02179,Female,59,Bhopal,2025-10-24
C02180,Customer 02180,Female,23,Indore,2025-10-21
C02181,Customer 02181,Female,58,Dewas,2024-01-28
C02182,Customer 02182,Male,56,Indore,2025-11-07
C02183,Customer 02183,Female,42,Indore,2024-05-14
C02184,Customer 02184,Male,51,Indore,2024-10-31
C02185,Customer 02185,Male,28,Indore,2025-05-09
C02186,Customer 02186,Female,63,Indore,2025-12-24
C02187,Customer 02187,Male,54,Indore,2024-10-06
C02188,Customer 02188,Male,58,Indore,2024-03-20
C02189,Customer 02189,Female,24,Indore,2025-01-25
C02190,Customer 02190,Female,63,Indore,2024-01-15
C02191,Customer 02191,Male,65,Indore,2025-08-21
C02192,Customer 02192,Female,39,Indore,2024-08-10
C02193,Customer 02193,Other,65,Indore,2025-08-25
C02194,Customer 02194,Male,56,Indore,2024-09-22
C02195,Customer 02195,Male,27,Dewas,2024-11-15
C02196,Customer 02196,Male,38,Bhopal,2024-04-15
C02197,Customer 02197,Male,23,Indore,2024-09-09
C02198,Customer 02198,Male,18,Indore,2024-07-17
C02199,Customer 02199,Female,51,Ujjain,2024-02-25
C02200,Customer 02200,Female,31,Indore,2025-02-10
C02201,Customer 02201,Female,53,Indore,2025-03-13
C02202,Customer 02202,Male,44,Indore,2025-04-01
C02203,Customer 02203,Female,26,Indore,2025-04-21
C02204,Customer 02204,Female,23,Indore,2024-12-12
C02205,Customer 02205,Female,48,Indore,2025-04-30
C02206,Customer 02206,Male,34,Indore,2024-12-28
C02207,Customer 02207,Female,60,Indore,2025-12-30
C02208,Customer 02208,Male,53,Dewas,2024-07-30
C02209,Customer 02209,Male,38,Indore,2025-12-01
C02210,Customer 02210,Male,44,Indore,2025-09-05
C02211,Customer 02211,Female,58,Indore,2025-03-12
C02212,Customer 02212,Female,45,Indore,2024-05-22
C02213,Customer 02213,Male,33,Indore,2024-10-11
C02214,Customer 02214,Male,52,Indore,2024-03-10
C02215,Customer 02215,Male,53,Indore,2025-07-30
C02216,Customer 02216,Male,52,Indore,2025-12-10
C02217,Customer 02217,Male,62,Indore,2025-06-11
C02218,Customer 02218,Male,36,Bhopal,2024-11-05
C02219,Customer 02219,Female,38,Bhopal,2024-09-19
C02220,Customer 02220,Male,50,Indore,2024-02-29
C02221,Customer 02221,Male,40,Bhopal,2025-06-05
C02222,Customer 02222,Male,23,Indore,2024-11-04
C02223,Customer 02223,Female,49,Bhopal,2025-06-03
C02224,Customer 02224,Female,39,Indore,2025-01-16
C02225,Customer 02225,Female,20,Indore,2024-12-06
C02226,Customer 02226,Male,52,Indore,2025-08-24
C02227,Customer 02227,Female,33,Bhopal,2025-07-02
C02228,Customer 02228,Male,59,Indore,2024-03-24
C02229,Customer 02229,Female,42,Indore,2024-08-21
C02230,Customer 02230,Female,34,Bhopal,2024-08-27
C02231,Customer 02231,Female,56,Indore,2024-04-13
C02232,Customer 02232,Female,30,Indore,2025-12-23
C02233,Customer 02233,Female,45,Indore,2024-08-12
C02234,Customer 02234,Male,28,Dewas,2024-10-05
C02235,Customer 02235,Female,27,Bhopal,2025-01-27
C02236,Customer 02236,Male,56,Bhopal,2025-11-08
C02237,Customer 02237,Female,41,Indore,2025-03-04
C02238,Customer 02238,Male,55,Indore,2025-02-05
C02239,Customer 02239,Male,41,Indore,2024-02-15
C02240,Customer 02240,Male,50,Indore,2025-05-28
C02241,Customer 02241,Male,34,Indore,2024-06-24
C02242,Customer 02242,Male,61,Indore,2025-09-21
C02243,Customer 02243,Female,53,Indore,2024-12-31
C02244,Customer 02244,Male,52,Ujjain,2024-06-21
C02245,Customer 02245,Male,23,Indore,2024-10-30
C02246,Customer 02246,Female,33,Indore,2024-05-31
C02247,Customer 02247,Male,62,Indore,2024-12-16
C02248,Customer 02248,Female,45,Indore,2025-12-05
C02249,Customer 02249,Female,58,Indore,2024-04-01
C02250,Customer 02250,Female,49,Indore,2024-06-09
C02251,Customer 02251,Female,43,Bhopal,2024-04-15
C02252,Customer 02252,Male,28,Indore,2024-04-12
C02253,Customer 02253,Female,42,Indore,2024-05-11
C02254,Customer 02254,Male,48,Indore,2024-10-15
C02255,Customer 02255,Male,38,Indore,2025-04-02
C02256,Customer 02256,Female,62,Indore,2024-04-10
C02257,Customer 02257,Male,20,Dewas,2024-01-21
C02258,Customer 02258,Female,29,Indore,2024-09-05
C02259,Customer 02259,Female,57,Dewas,2024-07-10
C02260,Customer 02260,Female,63,Indore,2025-08-07
C02261,Customer 02261,Female,58,Indore,2024-11-08
C02262,Customer 02262,Male,42,Indore,2024-06-16
C02263,Customer 02263,Male,34,Indore,2025-07-27
C02264,Customer 02264,Female,55,Indore,2024-06-19
C02265,Customer 02265,Male,53,Indore,2025-09-24
C02266,Customer 02266,Female,53,Indore,2024-08-03
C02267,Customer 02267,Female,36,Indore,2025-05-23
C02268,Customer 02268,Female,61,Ujjain,2024-06-22
C02269,Customer 02269,Male,19,Dewas,2025-06-19
C02270,Customer 02270,Male,34,Indore,2025-02-11
C02271,Customer 02271,Male,47,Indore,2025-05-15
C02272,Customer 02272,Male,64,Ujjain,2024-05-17
C02273,Customer 02273,Female,27,Indore,2024-04-08
C02274,Customer 02274,Male,52,Indore,2024-02-26
C02275,Customer 02275,Male,53,Indore,2024-09-03
C02276,Customer 02276,Male,50,Indore,2025-11-14
C02277,Customer 02277,Female,18,Indore,2025-12-13
C02278,Customer 02278,Female,35,Indore,2024-04-16
C02279,Customer 02279,Male,21,Bhopal,2024-02-17
C02280,Customer 02280,Male,64,Indore,2024-10-12
C02281,Customer 02281,Male,44,Dewas,2024-02-15
C02282,Customer 02282,Male,42,Indore,2025-01-30
C02283,Customer 02283,Female,45,Indore,2024-04-29
C02284,Customer 02284,Female,39,Indore,2024-02-29
C02285,Customer 02285,Male,59,Bhopal,2024-05-26
C02286,Customer 02286,Male,42,Indore,2025-09-07
C02287,Customer 02287,Other,34,Indore,2025-08-02
C02288,Customer 02288,Male,61,Indore,2025-05-11
C02289,Customer 02289,Female,29,Indore,2025-11-04
C02290,Customer 02290,Male,33,Indore,2025-12-27
C02291,Customer 02291,Male,54,Indore,2024-04-27
C02292,Customer 02292,Male,33,Ujjain,2024-08-24
C02293,Customer 02293,Female,34,Indore,2024-08-05
C02294,Customer 02294,Female,48,Indore,2024-05-03
C02295,Customer 02295,Male,32,Ujjain,2025-09-20
C02296,Customer 02296,Male,30,Indore,2024-09-19
C02297,Customer 02297,Male,57,Dewas,2024-06-18
C02298,Customer 02298,Male,44,Indore,2025-12-08
C02299,Customer 02299,Male,38,Dewas,2025-01-26
C02300,Customer 02300,Male,19,Indore,2024-05-29
C02301,Customer 02301,Female,25,Indore,2024-09-02
C02302,Customer 02302,Male,59,Indore,2025-05-15
C02303,Customer 02303,Male,24,Indore,2024-07-09
C02304,Customer 02304,Female,27,Indore,2024-06-22
C02305,Customer 02305,Male,21,Dewas,2025-08-15
C02306,Customer 02306,Female,60,Indore,2024-06-20
C02307,Customer 02307,Male,58,Bhopal,2025-11-06
C02308,Customer 02308,Female,53,Indore,2025-09-14
C02309,Customer 02309,Female,52,Indore,2025-12-19
C02310,Customer 02310,Female,60,Indore,2024-12-03
C02311,Customer 02311,Other,20,Indore,2025-02-14
C02312,Customer 02312,Male,35,Indore,2024-03-10
C02313,Customer 02313,Female,63,Dewas,2024-04-07
C02314,Customer 02314,Male,60,Indore,2025-05-31
C02315,Customer 02315,Male,41,Indore,2024-07-03
C02316,Customer 02316,Male,49,Indore,2025-12-16
C02317,Customer 02317,Female,51,Indore,2025-02-16
C02318,Customer 02318,Male,19,Dewas,2025-01-12
C02319,Customer 02319,Female,19,Indore,2024-01-12
C02320,Customer 02320,Female,27,Indore,2025-02-12
C02321,Customer 02321,Female,40,Indore,2025-02-21
C02322,Customer 02322,Female,32,Indore,2024-11-26
C02323,Customer 02323,Male,29,Indore,2024-10-06
C02324,Customer 02324,Male,60,Indore,2024-04-24
C02325,Customer 02325,Male,34,Dewas,2024-07-28
C02326,Customer 02326,Male,35,Indore,2025-03-22
C02327,Customer 02327,Male,31,Indore,2025-01-28
C02328,Customer 02328,Male,34,Indore,2025-10-06
C02329,Customer 02329,Male,32,Indore,2024-06-29
C02330,Customer 02330,Female,29,Indore,2025-04-09
C02331,Customer 02331,Female,33,Indore,2024-01-28
C02332,Customer 02332,Male,49,Indore,2024-07-11
C02333,Customer 02333,Female,40,Indore,2024-09-12
C02334,Customer 02334,Male,55,Indore,2025-09-14
C02335,Customer 02335,Male,51,Indore,2025-02-27
C02336,Customer 02336,Female,51,Indore,2025-12-06
C02337,Customer 02337,Male,33,Bhopal,2025-09-27
C02338,Customer 02338,Male,51,Indore,2024-03-31
C02339,Customer 02339,Other,57,Indore,2025-10-09
C02340,Customer 02340,Female,24,Bhopal,2024-05-24
C02341,Customer 02341,Female,50,Indore,2025-03-27
C02342,Customer 02342,Female,21,Indore,2025-03-03
C02343,Customer 02343,Female,60,Indore,2024-08-29
C02344,Customer 02344,Male,24,Indore,2025-04-30
C02345,Customer 02345,Male,35,Bhopal,2024-01-31
C02346,Customer 02346,Male,21,Bhopal,2024-02-29
C02347,Customer 02347,Male,28,Ujjain,2025-08-23
C02348,Customer 02348,Female,60,Bhopal,2025-04-20
C02349,Customer 02349,Male,37,Indore,2024-04-10
C02350,Customer 02350,Female,28,Indore,2025-09-24
C02351,Customer 02351,Female,32,Indore,2025-08-11
C02352,Customer 02352,Female,63,Indore,2024-09-29
C02353,Customer 02353,Female,34,Indore,2025-04-22
C02354,Customer 02354,Female,51,Dewas,2024-02-27
C02355,Customer 02355,Male,65,Bhopal,2025-05-19
C02356,Customer 02356,Female,29,Indore,2025-01-21
C02357,Customer 02357,Male,59,Indore,2025-04-05
C02358,Customer 02358,Female,45,Indore,2025-08-30
C02359,Customer 02359,Male,65,Indore,2024-02-14
C02360,Customer 02360,Female,52,Indore,2024-10-17
C02361,Customer 02361,Female,25,Indore,2024-09-14
C02362,Customer 02362,Male,44,Dewas,2024-09-02
C02363,Customer 02363,Male,39,Indore,
C02364,Customer 02364,Other,41,Indore,2025-02-16
C02365,Customer 02365,Male,19,Indore,2024-05-07
C02366,Customer 02366,Female,48,Indore,2025-12-14
C02367,Customer 02367,Female,39,Indore,2024-10-02
C02368,Customer 02368,Male,18,Dewas,2025-02-21
C02369,Customer 02369,Male,31,Bhopal,2024-07-25
C02370,Customer 02370,Male,42,Indore,2025-07-05
C02371,Customer 02371,Female,53,Ujjain,2024-12-30
C02372,Customer 02372,Male,53,Indore,2024-12-11
C02373,Customer 02373,Female,58,Bhopal,2025-07-21
C02374,Customer 02374,Male,20,Indore,2024-06-08
C02375,Customer 02375,Female,22,Indore,2024-04-05
C02376,Customer 02376,Female,18,Indore,2025-02-28
C02377,Customer 02377,Other,36,Indore,2024-04-25
C02378,Customer 02378,Male,50,Indore,2024-07-30
C02379,Customer 02379,Female,59,Indore,2025-08-21
C02380,Customer 02380,Female,47,Indore,2024-11-02
C02381,Customer 02381,Female,29,Indore,2024-09-24
C02382,Customer 02382,Female,27,Indore,2024-02-13
C02383,Customer 02383,Male,51,Indore,2025-08-17
C02384,Customer 02384,Male,33,Indore,2025-04-02
C02385,Customer 02385,Female,57,Indore,2025-12-23
C02386,Customer 02386,Male,63,Indore,2025-04-16
C02387,Customer 02387,Female,46,Indore,2024-01-09
C02388,Customer 02388,Female,32,Indore,2025-10-30
C02389,Customer 02389,Male,65,Indore,2024-07-07
C02390,Customer 02390,Female,28,Indore,2025-01-15
C02391,Customer 02391,Male,61,Indore,2025-10-04
C02392,Customer 02392,Female,51,Indore,2025-12-27
C02393,Customer 02393,Female,53,Indore,2024-04-24
C02394,Customer 02394,Female,47,Indore,2025-05-16
C02395,Customer 02395,Male,52,Indore,2025-09-26
C02396,Customer 02396,Male,26,Indore,2025-01-22
C02397,Customer 02397,Female,35,Indore,2025-03-14
C02398,Customer 02398,Female,36,Indore,2024-11-14
C02399,Customer 02399,Female,56,Indore,2025-12-04
C02400,Customer 02400,Male,21,Indore,2025-03-19
C02401,Customer 02401,Male,23,Indore,2025-10-21
C02402,Customer 02402,Male,50,Bhopal,2024-01-28
C02403,Customer 02403,Female,49,Indore,2025-09-27
C02404,Customer 02404,Male,33,Indore,2025-02-01
C02405,Customer 02405,Male,28,Indore,2024-03-17
C02406,Customer 02406,Female,39,Indore,2025-08-09
C02407,Customer 02407,Male,53,Indore,2024-12-23
C02408,Customer 02408,Other,40,Indore,2024-07-04
C02409,Customer 02409,Female,43,Indore,2025-07-04
C02410,Customer 02410,Female,48,Dewas,2024-08-21
C02411,Customer 02411,Male,46,Indore,2024-09-04
C02412,Customer 02412,Male,22,Indore,2025-02-02
C02413,Customer 02413,Female,55,Indore,2024-11-24
C02414,Customer 02414,Female,42,Indore,2025-10-04
C02415,Customer 02415,Female,51,Indore,2024-01-05
C02416,Customer 02416,Male,29,Indore,2024-12-13
C02417,Customer 02417,Female,39,Indore,2025-02-02
C02418,Customer 02418,Female,26,Indore,2024-09-15
C02419,Customer 02419,Female,37,Indore,2025-02-22
C02420,Customer 02420,Female,46,Indore,2025-01-25
C02421,Customer 02421,Female,61,Indore,2025-08-12
C02422,Customer 02422,Female,46,Bhopal,2024-04-24
C02423,Customer 02423,Male,62,Ujjain,2024-01-04
C02424,Customer 02424,Male,44,Indore,2025-10-04
C02425,Customer 02425,Male,34,Indore,2024-05-07
C02426,Customer 02426,Male,22,Indore,2024-01-09
C02427,Customer 02427,Male,62,Indore,2024-11-19
C02428,Customer 02428,Male,30,Indore,2024-04-27
C02429,Customer 02429,Male,59,Indore,2025-04-11
C02430,Customer 02430,Male,32,Indore,2025-11-30
C02431,Customer 02431,Female,32,Indore,2025-10-12
C02432,Customer 02432,Female,35,Indore,2025-04-07
C02433,Customer 02433,Male,19,Indore,2024-05-04
C02434,Customer 02434,Female,40,Indore,2024-08-10
C02435,Customer 02435,Female,60,Indore,2024-11-23
C02436,Customer 02436,Male,30,Indore,2024-09-15
C02437,Customer 02437,Male,60,Indore,2024-03-07
C02438,Customer 02438,Female,21,Indore,2025-08-19
C02439,Customer 02439,Female,64,Indore,2024-03-02
C02440,Customer 02440,Female,42,Indore,2025-06-09
C02441,Customer 02441,Male,28,Indore,2025-09-25
C02442,Customer 02442,Male,65,Indore,2024-10-05
C02443,Customer 02443,Male,59,Ujjain,2024-05-02
C02444,Customer 02444,Male,29,Indore,2025-08-11
C02445,Customer 02445,Male,30,Indore,2024-09-28
C02446,Customer 02446,Male,26,Indore,2025-05-16
C02447,Customer 02447,Female,62,Bhopal,2025-10-19
C02448,Customer 02448,Female,55,Indore,2024-09-25
C02449,Customer 02449,Male,23,Indore,2025-07-21
C02450,Customer 02450,Female,60,Indore,2024-08-05
C02451,Customer 02451,Male,60,Indore,2025-11-15
C02452,Customer 02452,Male,27,Indore,2025-07-05
C02453,Customer 02453,Male,40,Indore,2024-06-07
C02454,Customer 02454,Female,32,Indore,2024-12-25
C02455,Customer 02455,Female,62,Indore,2025-04-09
C02456,Customer 02456,Female,40,Indore,2025-06-27
C02457,Customer 02457,Male,57,Indore,2024-09-04
C02458,Customer 02458,Female,54,Indore,2025-10-02
C02459,Customer 02459,Male,51,Indore,2024-10-17
C02460,Customer 02460,Female,33,Indore,2024-02-05
C02461,Customer 02461,Female,62,Indore,2024-03-06
C02462,Customer 02462,Male,58,Indore,2025-03-02
C02463,Customer 02463,Female,64,Bhopal,
C02464,Customer 02464,Female,49,Dewas,2025-07-08
C02465,Customer 02465,Male,55,Indore,2024-04-30
C02466,Customer 02466,Female,57,Indore,2024-07-10
C02467,Customer 02467,Male,63,Ujjain,2025-04-20
C02468,Customer 02468,Female,22,Indore,2024-12-19
C02469,Customer 02469,Female,34,Indore,2025-06-26
C02470,Customer 02470,Female,39,Indore,2024-12-22
C02471,Customer 02471,Female,56,Indore,2025-06-14
C02472,Customer 02472,Female,58,Ujjain,2025-04-24
C02473,Customer 02473,Male,65,Ujjain,2024-03-13
C02474,Customer 02474,Female,35,Indore,2025-01-25
C02475,Customer 02475,Male,45,Indore,2024-03-16
C02476,Customer 02476,Male,30,Indore,2024-07-06
C02477,Customer 02477,Male,59,Indore,2025-11-21
C02478,Customer 02478,Male,18,Indore,2024-12-03
C02479,Customer 02479,Female,36,Bhopal,2025-04-20
C02480,Customer 02480,Male,51,Indore,2024-11-01
C02481,Customer 02481,Female,21,Indore,2025-10-10
C02482,Customer 02482,Male,60,Indore,2024-06-10
C02483,Customer 02483,Male,20,Bhopal,2024-02-16
C02484,Customer 02484,Female,58,Indore,2024-01-24
C02485,Customer 02485,Male,27,Indore,2024-12-01
C02486,Customer 02486,Male,45,Indore,2024-10-10
C02487,Customer 02487,Female,51,Indore,2024-06-22
C02488,Customer 02488,Male,56,Indore,2024-11-02
C02489,Customer 02489,Female,64,Ujjain,2024-08-17
C02490,Customer 02490,Male,36,Indore,2025-12-03
C02491,Customer 02491,Male,59,Indore,2024-04-27
C02492,Customer 02492,Female,63,Indore,2024-02-22
C02493,Customer 02493,Male,53,Indore,2024-07-10
C02494,Customer 02494,Male,60,Indore,2025-07-25
C02495,Customer 02495,Male,20,Indore,2025-06-06
C02496,Customer 02496,Male,40,Bhopal,2024-05-20
C02497,Customer 02497,Female,34,Indore,2025-10-16
C02498,Customer 02498,Male,24,Indore,2024-04-22
C02499,Customer 02499,Female,43,Indore,2024-09-20
C02500,Customer 02500,Female,60,Indore,2025-05-05
C02501,Customer 02501,Male,35,Indore,2024-12-09
C02502,Customer 02502,Female,63,Indore,2025-06-06
C02503,Customer 02503,Male,63,Indore,2024-04-08
C02504,Customer 02504,Female,23,Indore,2025-04-17
C02505,Customer 02505,Male,48,Ujjain,2024-01-23
C02506,Customer 02506,Female,46,Dewas,2024-08-26
C02507,Customer 02507,Male,26,Indore,2025-09-12
C02508,Customer 02508,Male,52,Indore,2024-09-19
C02509,Customer 02509,Female,34,Indore,2024-11-20
C02510,Customer 02510,Female,29,Ujjain,2025-11-02
C02511,Customer 02511,Male,53,Indore,2025-11-14
C02512,Customer 02512,Male,65,Indore,2025-01-21
C02513,Customer 02513,Female,41,Indore,2025-08-28
C02514,Customer 02514,Female,27,Indore,2024-05-01
C02515,Customer 02515,Female,47,Indore,2024-10-26
C02516,Customer 02516,Female,46,Indore,2025-12-09
C02517,Customer 02517,Female,56,Indore,2025-07-16
C02518,Customer 02518,Female,27,Indore,2024-11-12
C02519,Customer 02519,Male,56,Indore,2024-01-20
C02520,Customer 02520,Male,45,Indore,2025-06-25
C02521,Customer 02521,Female,35,Indore,2024-10-26
C02522,Customer 02522,Female,58,Indore,2025-04-14
C02523,Customer 02523,Male,34,Indore,2024-03-26
C02524,Customer 02524,Male,28,Ujjain,2025-10-30
C02525,Customer 02525,Female,18,Indore,2025-02-08
C02526,Customer 02526,Female,34,Indore,2025-11-23
C02527,Customer 02527,Male,53,Indore,2024-04-21
C02528,Customer 02528,Male,53,Indore,2024-05-18
C02529,Customer 02529,Male,63,Indore,2024-01-10
C02530,Customer 02530,Male,26,Ujjain,2024-10-17
C02531,Customer 02531,Male,62,Indore,2025-01-13
C02532,Customer 02532,Male,45,Indore,2024-08-25
C02533,Customer 02533,Female,65,Indore,2025-10-05
C02534,Customer 02534,Male,50,Indore,2024-11-25
C02535,Customer 02535,Female,20,Bhopal,2024-07-03
C02536,Customer 02536,Female,25,Indore,2025-12-20
C02537,Customer 02537,Male,23,Indore,2025-02-28
C02538,Customer 02538,Female,23,Indore,2024-11-18
C02539,Customer 02539,Male,46,Indore,2025-04-26
C02540,Customer 02540,Female,54,Indore,2025-08-23
C02541,Customer 02541,Male,29,Indore,2024-12-23
C02542,Customer 02542,Female,26,Indore,2024-12-27
C02543,Customer 02543,Female,58,Indore,2024-02-05
C02544,Customer 02544,Male,36,Dewas,2025-05-30
C02545,Customer 02545,Male,34,Indore,2024-11-25
C02546,Customer 02546,Female,65,Indore,2024-09-25
C02547,Customer 02547,Female,61,Indore,2024-03-10
C02548,Customer 02548,Male,49,Indore,2025-06-02
C02549,Customer 02549,Female,52,Indore,2025-10-29
C02550,Customer 02550,Male,31,Indore,2025-01-12
C02551,Customer 02551,Female,33,Dewas,2024-10-19
C02552,Customer 02552,Male,38,Ujjain,2024-10-12
C02553,Customer 02553,Female,29,Dewas,2024-12-25
C02554,Customer 02554,Male,41,Indore,
C02555,Customer 02555,Male,51,Indore,2025-06-07
C02556,Customer 02556,Male,25,Bhopal,
C02557,Customer 02557,Male,61,Indore,2025-09-15
C02558,Customer 02558,Female,38,Indore,2025-06-25
C02559,Customer 02559,Male,65,Indore,2024-02-05
C02560,Customer 02560,Female,25,Indore,2025-05-02
C02561,Customer 02561,Male,45,Indore,2025-01-13
C02562,Customer 02562,Male,33,Ujjain,2024-12-09
C02563,Customer 02563,Male,27,Indore,2024-08-17
C02564,Customer 02564,Male,32,Indore,2025-09-09
C02565,Customer 02565,Male,21,Indore,2025-07-28
C02566,Customer 02566,Male,43,Indore,2025-01-31
C02567,Customer 02567,Male,32,Indore,2025-02-24
C02568,Customer 02568,Male,53,Indore,2025-07-09
C02569,Customer 02569,Female,49,Indore,2025-10-22
C02570,Customer 02570,Female,60,Indore,2025-02-05
C02571,Customer 02571,Male,55,Indore,2025-05-02
C02572,Customer 02572,Male,21,Indore,2024-02-15
C02573,Customer 02573,Female,58,Indore,2025-11-17
C02574,Customer 02574,Female,26,Indore,2024-06-02
C02575,Customer 02575,Female,52,Indore,2024-09-17
C02576,Customer 02576,Male,45,Indore,2025-10-06
C02577,Customer 02577,Female,54,Indore,2024-10-13
C02578,Customer 02578,Female,64,Indore,2025-10-29
C02579,Customer 02579,Female,26,Indore,2024-11-26
C02580,Customer 02580,Female,19,Indore,2025-09-30
C02581,Customer 02581,Male,20,Indore,2025-12-05
C02582,Customer 02582,Male,61,Indore,2025-04-16
C02583,Customer 02583,Female,65,Ujjain,2024-09-25
C02584,Customer 02584,Female,22,Indore,2025-09-25
C02585,Customer 02585,Male,27,Indore,2025-10-19
C02586,Customer 02586,Male,45,Indore,2025-10-25
C02587,Customer 02587,Male,32,Indore,2024-06-05
C02588,Customer 02588,Male,31,Indore,2025-10-29
C02589,Customer 02589,Female,63,Indore,2025-09-05
C02590,Customer 02590,Female,40,Indore,2025-03-04
C02591,Customer 02591,Male,30,Indore,2024-09-08
C02592,Customer 02592,Male,33,Indore,2024-09-23
C02593,Customer 02593,Male,47,Indore,2024-02-28
C02594,Customer 02594,Male,57,Indore,2025-09-08
C02595,Customer 02595,Female,25,Indore,2025-07-12
C02596,Customer 02596,Female,34,Indore,2025-08-22
C02597,Customer 02597,Female,47,Indore,2024-06-19
C02598,Customer 02598,Male,34,Indore,2025-10-25
C02599,Customer 02599,Female,52,Indore,2025-11-18
C02600,Customer 02600,Female,18,Indore,2024-11-14
C02601,Customer 02601,Female,41,Indore,2025-10-18
C02602,Customer 02602,Male,65,Indore,2025-02-01
C02603,Customer 02603,Male,42,Dewas,2024-01-15
C02604,Customer 02604,Male,19,Ujjain,2025-04-06
C02605,Customer 02605,Male,42,Dewas,2024-05-17
C02606,Customer 02606,Male,31,Indore,2024-05-29
C02607,Customer 02607,Male,56,Bhopal,2025-08-15
C02608,Customer 02608,Male,50,Indore,2025-07-30
C02609,Customer 02609,Female,34,Indore,2025-10-15
C02610,Customer 02610,Male,48,Bhopal,2024-10-26
C02611,Customer 02611,Male,27,Indore,2025-02-26
C02612,Customer 02612,Female,23,Indore,2025-02-22
C02613,Customer 02613,Female,56,Dewas,2024-07-11
C02614,Customer 02614,Female,42,Indore,2024-10-09
C02615,Customer 02615,Other,55,Indore,2024-09-10
C02616,Customer 02616,Female,54,Indore,2025-05-18
C02617,Customer 02617,Female,47,Bhopal,2025-11-15
C02618,Customer 02618,Male,51,Indore,2024-11-08
C02619,Customer 02619,Male,35,Indore,2024-10-04
C02620,Customer 02620,Male,41,Indore,2024-11-05
C02621,Customer 02621,Male,44,Indore,2024-07-04
C02622,Customer 02622,Male,44,Indore,2024-08-11
C02623,Customer 02623,Female,56,Indore,2025-07-27
C02624,Customer 02624,Female,38,Indore,2025-02-25
C02625,Customer 02625,Female,36,Indore,2025-08-18
C02626,Customer 02626,Male,56,Indore,2024-01-27
C02627,Customer 02627,Female,40,Indore,2025-01-15
C02628,Customer 02628,Female,56,Indore,2024-11-15
C02629,Customer 02629,Male,65,Indore,2024-05-10
C02630,Customer 02630,Female,61,Indore,2025-09-30
C02631,Customer 02631,Male,64,Indore,2025-06-06
C02632,Customer 02632,Male,32,Dewas,2024-10-06
C02633,Customer 02633,Female,60,Ujjain,2024-10-11
C02634,Customer 02634,Male,19,Indore,2024-07-15
C02635,Customer 02635,Male,52,Indore,2024-10-01
C02636,Customer 02636,Female,37,Indore,2024-03-08
C02637,Customer 02637,Female,45,Indore,2024-08-20
C02638,Customer 02638,Male,32,Indore,2025-09-02
C02639,Customer 02639,Male,33,Indore,2024-08-09
C02640,Customer 02640,Male,50,Indore,2025-03-28
C02641,Customer 02641,Female,64,Indore,2025-09-27
C02642,Customer 02642,Male,29,Indore,2024-10-30
C02643,Customer 02643,Male,56,Dewas,2025-09-05
C02644,Customer 02644,Female,56,Indore,2025-02-03
C02645,Customer 02645,Female,60,Indore,2024-11-15
C02646,Customer 02646,Male,37,Indore,2024-09-20
C02647,Customer 02647,Female,46,Indore,2024-12-30
C02648,Customer 02648,Female,60,Indore,2025-01-23
C02649,Customer 02649,Male,20,Indore,2025-09-26
C02650,Customer 02650,Male,65,Indore,2024-08-14
C02651,Customer 02651,Female,22,Indore,2025-03-31
C02652,Customer 02652,Male,19,Indore,2025-10-26
C02653,Customer 02653,Female,40,Indore,2024-10-31
C02654,Customer 02654,Male,43,Indore,2025-05-19
C02655,Customer 02655,Male,43,Indore,2024-11-23
C02656,Customer 02656,Male,24,Indore,2025-10-22
C02657,Customer 02657,Male,27,Indore,2025-06-04
C02658,Customer 02658,Male,22,Indore,2024-11-15
C02659,Customer 02659,Male,64,Indore,2025-05-06
C02660,Customer 02660,Female,29,Bhopal,2025-04-05
C02661,Customer 02661,Other,49,Indore,2025-06-18
C02662,Customer 02662,Female,59,Indore,2025-03-19
C02663,Customer 02663,Female,48,Indore,2025-03-18
C02664,Customer 02664,Male,39,Indore,2025-12-04
C02665,Customer 02665,Female,34,Bhopal,2024-08-14
C02666,Customer 02666,Male,37,Indore,2025-07-19
C02667,Customer 02667,Female,37,Indore,2025-08-26
C02668,Customer 02668,Other,60,Indore,2025-06-10
C02669,Customer 02669,Female,25,Bhopal,2025-11-21
C02670,Customer 02670,Other,64,Indore,2025-05-30
C02671,Customer 02671,Female,51,Indore,2025-02-21
C02672,Customer 02672,Male,40,Indore,2024-04-10
C02673,Customer 02673,Male,55,Ujjain,2025-02-11
C02674,Customer 02674,Female,45,Indore,2025-02-08
C02675,Customer 02675,Male,30,Dewas,2024-05-09
C02676,Customer 02676,Female,46,Ujjain,2025-06-02
C02677,Customer 02677,Other,25,Indore,2025-11-26
C02678,Customer 02678,Male,28,Indore,2024-02-04
C02679,Customer 02679,Female,64,Indore,2024-06-02
C02680,Customer 02680,Female,62,Indore,2025-02-05
C02681,Customer 02681,Female,35,Indore,2024-03-04
C02682,Customer 02682,Female,42,Indore,2025-07-21
C02683,Customer 02683,Female,39,Indore,2024-08-16
C02684,Customer 02684,Female,62,Bhopal,2024-09-09
C02685,Customer 02685,Female,52,Indore,2025-05-02
C02686,Customer 02686,Male,46,Indore,2025-07-17
C02687,Customer 02687,Male,38,Indore,2024-01-15
C02688,Customer 02688,Female,24,Indore,2024-12-05
C02689,Customer 02689,Male,29,Indore,2024-12-28
C02690,Customer 02690,Female,53,Indore,2024-06-28
C02691,Customer 02691,Female,41,Indore,2025-08-11
C02692,Customer 02692,Male,49,Indore,2024-08-02
C02693,Customer 02693,Female,44,Indore,
C02694,Customer 02694,Female,49,Indore,2024-02-14
C02695,Customer 02695,Male,49,Indore,2024-12-17
C02696,Customer 02696,Male,49,Ujjain,2024-01-21
C02697,Customer 02697,Male,43,Indore,2025-08-15
C02698,Customer 02698,Male,28,Indore,2025-07-18
C02699,Customer 02699,Female,63,Indore,2025-10-30
C02700,Customer 02700,Male,35,Indore,2025-01-03
C02701,Customer 02701,Female,56,Indore,2025-10-20
C02702,Customer 02702,Male,22,Indore,2025-11-24
C02703,Customer 02703,Male,33,Bhopal,2024-03-18
C02704,Customer 02704,Female,28,Indore,2024-04-28
C02705,Customer 02705,Female,52,Indore,2024-12-24
C02706,Customer 02706,Male,65,Indore,2025-09-08
C02707,Customer 02707,Male,28,Indore,2025-05-28
C02708,Customer 02708,Male,59,Indore,2025-09-18
C02709,Customer 02709,Male,40,Indore,2025-05-17
C02710,Customer 02710,Female,51,Dewas,2024-02-01
C02711,Customer 02711,Male,65,Indore,
C02712,Customer 02712,Male,34,Dewas,2024-03-02
C02713,Customer 02713,Male,27,Indore,2024-04-06
C02714,Customer 02714,Female,35,Indore,2025-01-12
C02715,Customer 02715,Other,61,Dewas,2025-10-08
C02716,Customer 02716,Male,25,Indore,2025-05-10
C02717,Customer 02717,Female,43,Indore,2025-09-01
C02718,Customer 02718,Male,20,Indore,2025-03-27
C02719,Customer 02719,Male,41,Indore,2024-08-02
C02720,Customer 02720,Female,20,Indore,2024-03-24
C02721,Customer 02721,Female,55,Dewas,2025-02-09
C02722,Customer 02722,Female,19,Indore,2025-10-30
C02723,Customer 02723,Female,52,Ujjain,2024-04-16
C02724,Customer 02724,Male,34,Ujjain,2025-05-03
C02725,Customer 02725,Female,26,Indore,2024-12-22
C02726,Customer 02726,Male,53,Ujjain,2024-05-10
C02727,Customer 02727,Female,39,Indore,2024-01-22
C02728,Customer 02728,Male,48,Indore,2025-08-18
C02729,Customer 02729,Female,51,Indore,2025-08-23
C02730,Customer 02730,Male,41,Indore,2024-08-13
C02731,Customer 02731,Male,26,Indore,2024-04-15
C02732,Customer 02732,Female,63,Indore,2025-01-28
C02733,Customer 02733,Male,60,Indore,2024-04-10
C02734,Customer 02734,Female,19,Indore,2024-05-27
C02735,Customer 02735,Male,38,Bhopal,2024-08-17
C02736,Customer 02736,Male,51,Indore,2024-03-27
C02737,Customer 02737,Male,44,Indore,2025-06-06
C02738,Customer 02738,Male,54,Indore,2025-10-09
C02739,Customer 02739,Female,24,Indore,2024-04-02
C02740,Customer 02740,Male,39,Indore,2024-06-01
C02741,Customer 02741,Female,21,Indore,2025-02-26
C02742,Customer 02742,Female,31,Bhopal,2024-12-19
C02743,Customer 02743,Male,51,Indore,2025-08-30
C02744,Customer 02744,Female,40,Indore,2025-07-27
C02745,Customer 02745,Female,61,Indore,2025-02-12
C02746,Customer 02746,Female,59,Ujjain,2024-03-27
C02747,Customer 02747,Male,42,Indore,2024-07-29
C02748,Customer 02748,Male,18,Indore,2025-01-17
C02749,Customer 02749,Female,65,Indore,2025-08-17
C02750,Customer 02750,Female,32,Indore,2025-06-07
C02751,Customer 02751,Female,49,Indore,2024-06-01
C02752,Customer 02752,Male,31,Indore,2024-01-05
C02753,Customer 02753,Female,58,Indore,2024-03-16
C02754,Customer 02754,Male,38,Indore,2025-02-14
C02755,Customer 02755,Male,64,Indore,2024-01-04
C02756,Customer 02756,Male,24,Dewas,2025-01-06
C02757,Customer 02757,Female,53,Indore,2024-03-23
C02758,Customer 02758,Male,38,Indore,2025-03-06
C02759,Customer 02759,Male,57,Bhopal,2025-04-16
C02760,Customer 02760,Female,29,Bhopal,2024-12-27
C02761,Customer 02761,Male,32,Bhopal,2025-02-15
C02762,Customer 02762,Male,32,Indore,2024-02-04
C02763,Customer 02763,Male,34,Indore,2024-08-29
C02764,Customer 02764,Female,51,Ujjain,2025-10-17
C02765,Customer 02765,Female,61,Indore,2024-03-20
C02766,Customer 02766,Male,52,Indore,2024-03-15
C02767,Customer 02767,Female,56,Indore,2024-10-10
C02768,Customer 02768,Female,55,Indore,2025-12-27
C02769,Customer 02769,Male,31,Indore,2024-08-25
C02770,Customer 02770,Female,22,Indore,2024-12-02
C02771,Customer 02771,Female,47,Indore,2025-06-14
C02772,Customer 02772,Female,21,Indore,2025-08-08
C02773,Customer 02773,Male,32,Indore,2025-07-20
C02774,Customer 02774,Female,56,Indore,2024-03-23
C02775,Customer 02775,Female,52,Bhopal,2025-11-06
C02776,Customer 02776,Male,62,Bhopal,2024-11-13
C02777,Customer 02777,Male,27,Indore,2025-11-09
C02778,Customer 02778,Male,19,Bhopal,2025-09-19
C02779,Customer 02779,Male,61,Indore,2024-10-23
C02780,Customer 02780,Female,41,Indore,2025-11-30
C02781,Customer 02781,Male,45,Indore,2024-12-07
C02782,Customer 02782,Male,39,Ujjain,2025-02-27
C02783,Customer 02783,Female,61,Indore,2024-01-19
C02784,Customer 02784,Male,49,Indore,2024-01-04
C02785,Customer 02785,Female,48,Indore,2025-04-11
C02786,Customer 02786,Male,36,Indore,2024-07-08
C02787,Customer 02787,Male,38,Indore,2024-10-07
C02788,Customer 02788,Male,20,Indore,2024-03-03
C02789,Customer 02789,Male,23,Indore,2024-09-10
C02790,Customer 02790,Male,49,Indore,2025-09-18
C02791,Customer 02791,Female,19,Indore,2024-01-02
C02792,Customer 02792,Female,41,Indore,2024-03-07
C02793,Customer 02793,Male,62,Indore,2024-10-12
C02794,Customer 02794,Female,44,Indore,2024-05-11
C02795,Customer 02795,Female,26,Bhopal,2024-02-17
C02796,Customer 02796,Female,30,Bhopal,2025-07-08
C02797,Customer 02797,Male,31,Indore,2025-08-27
C02798,Customer 02798,Male,28,Indore,2025-10-14
C02799,Customer 02799,Male,31,Indore,2024-02-16
C02800,Customer 02800,Female,33,Indore,2024-08-18
C02801,Customer 02801,Female,27,Bhopal,2024-10-10
C02802,Customer 02802,Male,37,Indore,2025-07-02
C02803,Customer 02803,Male,33,Indore,2024-01-28
C02804,Customer 02804,Female,51,Dewas,2025-02-14
C02805,Customer 02805,Female,33,Indore,2025-04-17
C02806,Customer 02806,Other,31,Indore,2025-10-31
C02807,Customer 02807,Female,45,Ujjain,2024-08-09
C02808,Customer 02808,Male,35,Indore,2025-01-10
C02809,Customer 02809,Female,43,Indore,2024-01-09
C02810,Customer 02810,Female,55,Indore,2025-02-16
C02811,Customer 02811,Male,24,Indore,2025-04-15
C02812,Customer 02812,Female,62,Indore,2024-03-10
C02813,Customer 02813,Female,51,Indore,2024-12-07
C02814,Customer 02814,Male,64,Indore,2024-03-06
C02815,Customer 02815,Female,62,Indore,2025-08-29
C02816,Customer 02816,Female,24,Indore,2025-11-23
C02817,Customer 02817,Female,50,Indore,2024-03-10
C02818,Customer 02818,Male,52,Indore,2024-09-17
C02819,Customer 02819,Male,56,Indore,2025-06-15
C02820,Customer 02820,Female,38,Indore,2025-01-30
C02821,Customer 02821,Male,45,Indore,2024-12-23
C02822,Customer 02822,Female,49,Indore,2024-12-23
C02823,Customer 02823,Female,61,Indore,2025-01-26
C02824,Customer 02824,Male,33,Ujjain,2025-01-10
C02825,Customer 02825,Female,27,Ujjain,2024-07-04
C02826,Customer 02826,Female,40,Indore,2024-10-31
C02827,Customer 02827,Male,65,Indore,2024-03-04
C02828,Customer 02828,Female,32,Indore,2024-06-26
C02829,Customer 02829,Female,60,Indore,2024-08-22
C02830,Customer 02830,Female,23,Indore,2024-02-09
C02831,Customer 02831,Female,50,Indore,2024-10-13
C02832,Customer 02832,Male,56,Indore,2024-09-15
C02833,Customer 02833,Female,29,Indore,2025-04-11
C02834,Customer 02834,Female,53,Indore,2024-08-27
C02835,Customer 02835,Female,48,Indore,2025-05-17
C02836,Customer 02836,Female,27,Indore,2025-08-06
C02837,Customer 02837,Male,51,Dewas,2025-06-25
C02838,Customer 02838,Female,58,Indore,2024-12-16
C02839,Customer 02839,Male,27,Indore,2025-06-24
C02840,Customer 02840,Male,28,Indore,2024-11-07
C02841,Customer 02841,Male,31,Indore,2025-08-21
C02842,Customer 02842,Female,20,Bhopal,2024-04-17
C02843,Customer 02843,Female,50,Indore,2024-01-30
C02844,Customer 02844,Female,24,Ujjain,2024-11-04
C02845,Customer 02845,Female,21,Indore,2025-04-30
C02846,Customer 02846,Female,56,Dewas,2024-02-15
C02847,Customer 02847,Female,65,Indore,2024-12-24
C02848,Customer 02848,Male,27,Indore,2024-05-16
C02849,Customer 02849,Male,32,Indore,2025-07-28
C02850,Customer 02850,Male,33,Indore,2025-03-06
C02851,Customer 02851,Female,55,Indore,2025-07-09
C02852,Customer 02852,Female,21,Indore,2024-09-07
C02853,Customer 02853,Male,21,Ujjain,2025-03-08
C02854,Customer 02854,Male,53,Indore,2024-07-25
C02855,Customer 02855,Female,44,Indore,2025-03-21
C02856,Customer 02856,Male,39,Ujjain,2024-02-28
C02857,Customer 02857,Female,39,Indore,2024-07-24
C02858,Customer 02858,Female,34,Indore,2024-11-26
C02859,Customer 02859,Male,62,Ujjain,2025-08-18
C02860,Customer 02860,Male,51,Bhopal,2025-06-08
C02861,Customer 02861,Female,49,Indore,2024-06-06
C02862,Customer 02862,Female,23,Indore,2024-04-13
C02863,Customer 02863,Female,50,Indore,2024-12-24
C02864,Customer 02864,Female,25,Indore,2024-12-30
C02865,Customer 02865,Male,53,Indore,2025-07-08
C02866,Customer 02866,Female,22,Indore,2024-06-27
C02867,Customer 02867,Female,22,Indore,2024-12-23
C02868,Customer 02868,Female,64,Indore,2024-09-20
C02869,Customer 02869,Male,27,Indore,2025-07-02
C02870,Customer 02870,Female,57,Indore,2024-12-18
C02871,Customer 02871,Female,24,Indore,2024-12-29
C02872,Customer 02872,Male,29,Ujjain,2024-09-06
C02873,Customer 02873,Male,47,Indore,2024-04-29
C02874,Customer 02874,Female,42,Dewas,2024-07-10
C02875,Customer 02875,Male,45,Bhopal,2024-03-02
C02876,Customer 02876,Male,60,Indore,2024-07-28
C02877,Customer 02877,Male,30,Indore,2024-02-21
C02878,Customer 02878,Female,64,Indore,2025-12-22
C02879,Customer 02879,Female,39,Bhopal,2024-11-08
C02880,Customer 02880,Female,35,Indore,2024-10-05
C02881,Customer 02881,Male,44,Indore,2025-01-22
C02882,Customer 02882,Female,25,Indore,2024-07-20
C02883,Customer 02883,Female,23,Indore,2024-05-18
C02884,Customer 02884,Female,28,Indore,2024-01-19
C02885,Customer 02885,Female,46,Indore,2024-11-16
C02886,Customer 02886,Male,58,Indore,2024-04-04
C02887,Customer 02887,Female,22,Indore,2024-05-09
C02888,Customer 02888,Male,24,Indore,2024-04-14
C02889,Customer 02889,Female,39,Dewas,2024-07-15
C02890,Customer 02890,Male,64,Indore,2024-09-16
C02891,Customer 02891,Male,21,Indore,2024-02-08
C02892,Customer 02892,Male,49,Ujjain,2025-05-15
C02893,Customer 02893,Female,36,Indore,2024-05-10
C02894,Customer 02894,Male,62,Dewas,2024-06-02
C02895,Customer 02895,Female,50,Indore,2025-07-06
C02896,Customer 02896,Male,18,Indore,2024-11-16
C02897,Customer 02897,Male,63,Indore,2024-05-01
C02898,Customer 02898,Female,58,Ujjain,2024-05-23
C02899,Customer 02899,Male,61,Indore,2024-07-04
C02900,Customer 02900,Male,58,Indore,2025-06-30
C02901,Customer 02901,Female,25,Indore,2024-07-29
C02902,Customer 02902,Male,49,Indore,2025-02-03
C02903,Customer 02903,Male,47,Indore,2024-02-02
C02904,Customer 02904,Male,63,Indore,2024-06-07
C02905,Customer 02905,Female,45,Ujjain,2025-02-09
C02906,Customer 02906,Female,58,Indore,2024-12-29
C02907,Customer 02907,Female,49,Indore,2025-12-04
C02908,Customer 02908,Female,42,Indore,2024-06-11
C02909,Customer 02909,Male,51,Indore,2025-07-04
C02910,Customer 02910,Male,50,Ujjain,2024-05-10
C02911,Customer 02911,Female,30,Indore,2024-04-05
C02912,Customer 02912,Male,42,Indore,2025-10-14
C02913,Customer 02913,Male,59,Indore,2024-09-26
C02914,Customer 02914,Male,57,Indore,2025-11-11
C02915,Customer 02915,Male,56,Indore,2025-01-01
C02916,Customer 02916,Other,61,Indore,2024-12-30
C02917,Customer 02917,Male,61,Bhopal,2025-03-09
C02918,Customer 02918,Female,65,Indore,2025-09-02
C02919,Customer 02919,Male,27,Dewas,2024-03-01
C02920,Customer 02920,Female,48,Bhopal,2024-11-18
C02921,Customer 02921,Male,61,Indore,2025-12-29
C02922,Customer 02922,Male,28,Indore,2025-08-11
C02923,Customer 02923,Female,42,Indore,2024-07-26
C02924,Customer 02924,Female,63,Indore,2024-12-13
C02925,Customer 02925,Male,62,Indore,2024-02-14
C02926,Customer 02926,Male,51,Indore,2024-12-12
C02927,Customer 02927,Male,37,Indore,2025-12-14
C02928,Customer 02928,Male,24,Indore,2025-12-22
C02929,Customer 02929,Male,50,Ujjain,2025-10-08
C02930,Customer 02930,Male,52,Ujjain,2025-01-03
C02931,Customer 02931,Male,46,Indore,2025-06-17
C02932,Customer 02932,Male,29,Indore,2024-12-23
C02933,Customer 02933,Female,22,Dewas,2025-05-09
C02934,Customer 02934,Female,29,Ujjain,2024-02-29
C02935,Customer 02935,Female,46,Indore,2024-10-24
C02936,Customer 02936,Male,52,Indore,2024-02-28
C02937,Customer 02937,Male,37,Dewas,2025-02-27
C02938,Customer 02938,Female,54,Ujjain,2024-08-18
C02939,Customer 02939,Male,18,Indore,2025-11-25
C02940,Customer 02940,Male,33,Bhopal,2025-03-23
C02941,Customer 02941,Female,47,Indore,2025-09-04
C02942,Customer 02942,Female,26,Bhopal,2025-09-17
C02943,Customer 02943,Female,59,Indore,2025-01-02
C02944,Customer 02944,Male,27,Indore,2025-07-07
C02945,Customer 02945,Male,30,Indore,2024-01-29
C02946,Customer 02946,Female,65,Ujjain,2024-10-03
C02947,Customer 02947,Male,37,Indore,2025-08-31
C02948,Customer 02948,Female,46,Indore,2025-12-03
C02949,Customer 02949,Female,21,Indore,2025-01-13
C02950,Customer 02950,Female,63,Indore,2024-02-07
C02951,Customer 02951,Male,45,Indore,2024-07-25
C02952,Customer 02952,Male,54,Indore,2025-12-06
C02953,Customer 02953,Female,30,Indore,2025-10-13
C02954,Customer 02954,Female,20,Indore,2024-10-15
C02955,Customer 02955,Female,54,Indore,2025-05-07
C02956,Customer 02956,Male,65,Indore,2024-08-12
C02957,Customer 02957,Male,36,Indore,2025-03-27
C02958,Customer 02958,Female,45,Indore,2024-01-28
C02959,Customer 02959,Female,36,Indore,2025-12-02
C02960,Customer 02960,Female,34,Indore,2024-11-29
C02961,Customer 02961,Male,35,Indore,2025-01-07
C02962,Customer 02962,Female,35,Indore,2025-07-14
C02963,Customer 02963,Female,40,Indore,2024-10-27
C02964,Customer 02964,Female,57,Indore,2024-07-22
C02965,Customer 02965,Male,26,Indore,2025-01-13
C02966,Customer 02966,Male,46,Indore,
C02967,Customer 02967,Female,59,Indore,2024-01-20
C02968,Customer 02968,Male,46,Ujjain,2025-08-19
C02969,Customer 02969,Male,19,Indore,2025-01-30
C02970,Customer 02970,Female,34,Indore,2024-02-21
C02971,Customer 02971,Male,62,Indore,2025-10-21
C02972,Customer 02972,Female,48,Dewas,2024-07-04
C02973,Customer 02973,Male,45,Indore,2025-11-15
C02974,Customer 02974,Female,60,Dewas,2024-12-18
C02975,Customer 02975,Female,65,Indore,2024-04-23
C02976,Customer 02976,Male,56,Indore,2025-05-28
C02977,Customer 02977,Male,47,Indore,2025-06-29
C02978,Customer 02978,Male,52,Indore,2024-10-08
C02979,Customer 02979,Male,65,Indore,2025-11-03
C02980,Customer 02980,Female,37,Indore,2024-06-18
C02981,Customer 02981,Female,33,Dewas,2025-08-28
C02982,Customer 02982,Male,51,Ujjain,2024-11-16
C02983,Customer 02983,Male,31,Indore,2024-12-31
C02984,Customer 02984,Male,43,Indore,2025-06-03
C02985,Customer 02985,Female,37,Ujjain,2024-04-19
C02986,Customer 02986,Male,59,Indore,2025-06-27
C02987,Customer 02987,Female,41,Indore,2025-07-16
C02988,Customer 02988,Female,60,Indore,2025-11-10
C02989,Customer 02989,Female,35,Indore,2025-07-31
C02990,Customer 02990,Male,60,Ujjain,2025-06-26
C02991,Customer 02991,Female,26,Indore,2024-11-19
C02992,Customer 02992,Male,36,Indore,2024-01-12
C02993,Customer 02993,Male,37,Indore,2024-01-23
C02994,Customer 02994,Female,59,Indore,2024-06-09
C02995,Customer 02995,Female,47,Ujjain,2024-09-20
C02996,Customer 02996,Male,43,Indore,2025-12-02
C02997,Customer 02997,Male,48,Indore,2025-01-14
C02998,Customer 02998,Male,52,Bhopal,2024-03-20
C02999,Customer 02999,Male,20,Indore,2024-09-27
C03000,Customer 03000,Male,57,Indore,2025-02-28
C03001,Customer 03001,Male,46,Indore,2025-09-07
C03002,Customer 03002,Male,23,Indore,2025-03-11
C03003,Customer 03003,Female,18,Indore,2024-03-18
C03004,Customer 03004,Female,41,Indore,2025-06-07
C03005,Customer 03005,Female,55,Indore,2024-04-20
C03006,Customer 03006,Male,51,Indore,2025-03-27
C03007,Customer 03007,Female,24,Indore,2025-02-17
C03008,Customer 03008,Female,28,Indore,2024-09-16
C03009,Customer 03009,Female,28,Indore,2024-12-16
C03010,Customer 03010,Female,53,Ujjain,2025-12-08
C03011,Customer 03011,Female,37,Dewas,2024-07-02
C03012,Customer 03012,Female,33,Indore,2025-10-19
C03013,Customer 03013,Male,22,Ujjain,2024-06-23
C03014,Customer 03014,Female,41,Indore,2025-12-12
C03015,Customer 03015,Female,47,Indore,2025-11-30
C03016,Customer 03016,Female,47,Dewas,2025-09-09
C03017,Customer 03017,Female,56,Indore,2025-01-20
C03018,Customer 03018,Male,65,Indore,2025-08-07
C03019,Customer 03019,Male,64,Indore,2024-09-28
C03020,Customer 03020,Female,54,Indore,2025-12-26
C03021,Customer 03021,Female,50,Indore,2024-07-04
C03022,Customer 03022,Female,37,Indore,2025-10-13
C03023,Customer 03023,Male,39,Indore,2024-06-15
C03024,Customer 03024,Male,58,Indore,2024-05-22
C03025,Customer 03025,Female,38,Indore,2025-05-07
C03026,Customer 03026,Female,54,Indore,2024-03-12
C03027,Customer 03027,Female,44,Indore,2024-12-09
C03028,Customer 03028,Male,55,Indore,2025-05-13
C03029,Customer 03029,Female,52,Ujjain,2024-05-26
C03030,Customer 03030,Male,55,Indore,2025-09-04
C03031,Customer 03031,Female,57,Indore,2025-05-15
C03032,Customer 03032,Male,23,Ujjain,2024-12-03
C03033,Customer 03033,Male,49,Bhopal,2024-03-25
C03034,Customer 03034,Female,33,Indore,2024-05-22
C03035,Customer 03035,Female,45,Indore,2024-11-06
C03036,Customer 03036,Male,33,Indore,2025-01-03
C03037,Customer 03037,Female,44,Indore,2025-12-07
C03038,Customer 03038,Male,20,Indore,2025-11-26
C03039,Customer 03039,Male,38,Indore,2025-03-16
C03040,Customer 03040,Male,55,Indore,2024-03-07
C03041,Customer 03041,Male,55,Indore,2025-06-17
C03042,Customer 03042,Female,47,Indore,2024-12-06
C03043,Customer 03043,Male,39,Bhopal,2025-11-08
C03044,Customer 03044,Male,36,Bhopal,2024-04-11
C03045,Customer 03045,Female,48,Indore,2024-11-09
C03046,Customer 03046,Male,37,Indore,2024-04-19
C03047,Customer 03047,Female,64,Bhopal,2025-03-07
C03048,Customer 03048,Male,36,Indore,2024-12-07
C03049,Customer 03049,Female,19,Indore,2024-06-27
C03050,Customer 03050,Male,57,Indore,2025-11-09
C03051,Customer 03051,Male,56,Indore,2024-05-13
C03052,Customer 03052,Male,44,Indore,2024-01-30
C03053,Customer 03053,Male,25,Dewas,2025-04-17
C03054,Customer 03054,Male,62,Indore,2025-01-19
C03055,Customer 03055,Female,44,Ujjain,2025-08-20
C03056,Customer 03056,Female,32,Indore,2024-01-09
C03057,Customer 03057,Female,29,Indore,2024-05-15
C03058,Customer 03058,Female,64,Indore,2024-10-16
C03059,Customer 03059,Male,31,Indore,2025-10-09
C03060,Customer 03060,Male,24,Indore,2025-10-13
C03061,Customer 03061,Male,34,Dewas,2024-02-12
C03062,Customer 03062,Male,43,Indore,2024-04-14
C03063,Customer 03063,Female,54,Indore,2024-01-31
C03064,Customer 03064,Female,37,Indore,2025-11-12
C03065,Customer 03065,Male,27,Ujjain,2025-11-03
C03066,Customer 03066,Male,36,Indore,2024-08-06
C03067,Customer 03067,Female,35,Indore,2024-04-22
C03068,Customer 03068,Female,47,Indore,2025-11-25
C03069,Customer 03069,Male,47,Indore,2024-09-16
C03070,Customer 03070,Female,42,Indore,2024-01-12
C03071,Customer 03071,Female,41,Bhopal,2025-04-15
C03072,Customer 03072,Male,27,Indore,2024-12-05
C03073,Customer 03073,Male,19,Indore,2024-09-02
C03074,Customer 03074,Female,55,Ujjain,2024-09-06
C03075,Customer 03075,Female,49,Dewas,2025-07-23
C03076,Customer 03076,Female,52,Indore,2025-05-23
C03077,Customer 03077,Male,54,Indore,2024-10-30
C03078,Customer 03078,Male,24,Bhopal,2025-05-27
C03079,Customer 03079,Female,24,Indore,2024-12-26
C03080,Customer 03080,Female,44,Ujjain,2025-12-15
C03081,Customer 03081,Male,27,Indore,2024-02-13
C03082,Customer 03082,Female,50,Indore,2024-11-14
C03083,Customer 03083,Female,60,Indore,2025-08-29
C03084,Customer 03084,Female,24,Dewas,2025-05-03
C03085,Customer 03085,Female,23,Bhopal,2024-10-20
C03086,Customer 03086,Female,23,Indore,2025-05-23
C03087,Customer 03087,Male,30,Indore,2025-06-04
C03088,Customer 03088,Female,65,Indore,2024-11-21
C03089,Customer 03089,Male,30,Indore,2024-09-09
C03090,Customer 03090,Female,19,Indore,2024-11-03
C03091,Customer 03091,Male,36,Ujjain,2024-11-18
C03092,Customer 03092,Female,36,Indore,2025-08-30
C03093,Customer 03093,Male,55,Indore,2025-10-03
C03094,Customer 03094,Male,19,Indore,2024-02-05
C03095,Customer 03095,Male,43,Indore,2025-09-08
C03096,Customer 03096,Male,23,Indore,2025-12-11
C03097,Customer 03097,Female,37,Bhopal,2024-10-17
C03098,Customer 03098,Female,40,Indore,2025-06-25
C03099,Customer 03099,Female,32,Indore,2025-08-27
C03100,Customer 03100,Male,23,Ujjain,2025-05-03
C03101,Customer 03101,Male,45,Ujjain,2024-08-23
C03102,Customer 03102,Male,52,Indore,2025-01-19
C03103,Customer 03103,Male,28,Indore,2024-12-26
C03104,Customer 03104,Female,25,Indore,2025-12-07
C03105,Customer 03105,Male,41,Indore,2024-09-12
C03106,Customer 03106,Male,38,Indore,2024-12-24
C03107,Customer 03107,Male,53,Indore,2025-06-26
C03108,Customer 03108,Male,24,Indore,2024-01-25
C03109,Customer 03109,Female,22,Ujjain,2024-01-01
C03110,Customer 03110,Female,46,Indore,2024-12-23
C03111,Customer 03111,Male,33,Bhopal,2024-04-27
C03112,Customer 03112,Male,23,Ujjain,2025-04-23
C03113,Customer 03113,Male,31,Indore,2025-11-07
C03114,Customer 03114,Male,19,Indore,2025-04-03
C03115,Customer 03115,Male,42,Indore,2024-04-22
C03116,Customer 03116,Female,48,Indore,2024-07-13
C03117,Customer 03117,Female,30,Indore,2025-10-13
C03118,Customer 03118,Female,35,Indore,2024-01-20
C03119,Customer 03119,Male,34,Dewas,2024-10-12
C03120,Customer 03120,Male,62,Indore,2025-04-02
C03121,Customer 03121,Female,45,Ujjain,2025-03-23
C03122,Customer 03122,Female,29,Indore,2025-08-13
C03123,Customer 03123,Female,52,Indore,2025-10-01
C03124,Customer 03124,Male,39,Indore,2024-03-25
C03125,Customer 03125,Female,56,Indore,2025-07-29
C03126,Customer 03126,Male,18,Indore,2024-09-30
C03127,Customer 03127,Female,54,Indore,2025-02-06
C03128,Customer 03128,Female,38,Indore,2024-09-09
C03129,Customer 03129,Female,18,Dewas,2025-08-28
C03130,Customer 03130,Male,21,Indore,2025-10-23
C03131,Customer 03131,Female,49,Indore,2024-12-30
C03132,Customer 03132,Male,18,Dewas,2025-10-30
C03133,Customer 03133,Male,30,Indore,2025-12-28
C03134,Customer 03134,Male,63,Indore,2024-09-16
C03135,Customer 03135,Female,64,Indore,2025-03-09
C03136,Customer 03136,Male,34,Indore,2025-09-03
C03137,Customer 03137,Male,29,Indore,2024-05-01
C03138,Customer 03138,Female,24,Indore,2025-10-05
C03139,Customer 03139,Male,20,Indore,2025-05-31
C03140,Customer 03140,Female,43,Indore,2025-11-09
C03141,Customer 03141,Male,48,Ujjain,2025-07-22
C03142,Customer 03142,Male,53,Indore,2025-06-26
C03143,Customer 03143,Female,43,Ujjain,2025-06-02
C03144,Customer 03144,Male,20,Indore,2024-01-12
C03145,Customer 03145,Male,61,Dewas,2024-01-10
C03146,Customer 03146,Female,45,Dewas,2024-06-05
C03147,Customer 03147,Female,61,Indore,2025-12-25
C03148,Customer 03148,Female,34,Bhopal,2024-05-20
C03149,Customer 03149,Male,55,Indore,2025-09-30
C03150,Customer 03150,Male,64,Indore,2025-12-10
C03151,Customer 03151,Female,47,Indore,2024-05-16
C03152,Customer 03152,Female,19,Bhopal,2025-11-21
C03153,Customer 03153,Female,25,Ujjain,2025-08-22
C03154,Customer 03154,Female,31,Indore,2025-02-03
C03155,Customer 03155,Female,54,Indore,2025-03-18
C03156,Customer 03156,Male,52,Indore,2025-03-17
C03157,Customer 03157,Male,59,Indore,2024-09-23
C03158,Customer 03158,Female,56,Indore,2025-11-06
C03159,Customer 03159,Male,28,Indore,2025-05-27
C03160,Customer 03160,Male,32,Indore,2024-10-03
C03161,Customer 03161,Female,19,Ujjain,2025-11-14
C03162,Customer 03162,Female,54,Indore,2024-12-21
C03163,Customer 03163,Male,60,Dewas,2025-10-15
C03164,Customer 03164,Male,49,Indore,2024-04-02
C03165,Customer 03165,Male,57,Bhopal,2025-10-02
C03166,Customer 03166,Female,30,Indore,2024-05-15
C03167,Customer 03167,Female,60,Indore,2024-04-20
C03168,Customer 03168,Male,34,Indore,2024-02-13
C03169,Customer 03169,Male,32,Indore,2024-07-29
C03170,Customer 03170,Female,50,Indore,2024-12-08
C03171,Customer 03171,Male,33,Indore,2024-12-24
C03172,Customer 03172,Female,30,Indore,2024-12-26
C03173,Customer 03173,Female,39,Indore,2024-11-26
C03174,Customer 03174,Male,40,Indore,2025-02-14
C03175,Customer 03175,Female,53,Indore,2025-05-22
C03176,Customer 03176,Male,60,Indore,2024-08-19
C03177,Customer 03177,Male,27,Indore,2024-06-18
C03178,Customer 03178,Female,34,Indore,2025-02-07
C03179,Customer 03179,Male,47,Dewas,2024-08-21
C03180,Customer 03180,Other,30,Indore,2025-06-03
C03181,Customer 03181,Female,47,Indore,2024-10-28
C03182,Customer 03182,Male,63,Indore,2024-04-09
C03183,Customer 03183,Male,47,Indore,2024-09-09
C03184,Customer 03184,Male,24,Indore,2024-11-03
C03185,Customer 03185,Male,27,Indore,2025-11-30
C03186,Customer 03186,Male,52,Dewas,2025-01-21
C03187,Customer 03187,Male,19,Bhopal,2024-05-02
C03188,Customer 03188,Male,47,Ujjain,2024-05-11
C03189,Customer 03189,Female,36,Indore,2024-08-23
C03190,Customer 03190,Female,56,Indore,2024-08-08
C03191,Customer 03191,Female,54,Bhopal,2024-03-02
C03192,Customer 03192,Male,20,Indore,2025-11-20
C03193,Customer 03193,Male,42,Indore,2025-02-06
C03194,Customer 03194,Female,51,Indore,2024-06-19
C03195,Customer 03195,Male,39,Indore,2025-04-20
C03196,Customer 03196,Male,55,Indore,2025-08-16
C03197,Customer 03197,Female,31,Indore,2024-01-14
C03198,Customer 03198,Female,56,Indore,2024-09-26
C03199,Customer 03199,Female,19,Indore,2024-02-23
C03200,Customer 03200,Male,49,Indore,2025-02-16
C03201,Customer 03201,Female,60,Indore,2024-05-10
C03202,Customer 03202,Female,20,Indore,2025-09-01
C03203,Customer 03203,Female,58,Dewas,2025-12-13
C03204,Customer 03204,Female,25,Indore,2025-05-31
C03205,Customer 03205,Female,43,Indore,2025-09-20
C03206,Customer 03206,Female,49,Indore,2024-10-27
C03207,Customer 03207,Male,28,Indore,2025-12-04
C03208,Customer 03208,Female,18,Indore,2025-03-02
C03209,Customer 03209,Female,32,Indore,2024-04-25
C03210,Customer 03210,Female,21,Bhopal,2024-08-23
C03211,Customer 03211,Male,21,Indore,2025-07-16
C03212,Customer 03212,Male,45,Indore,
C03213,Customer 03213,Female,27,Indore,2024-08-05
C03214,Customer 03214,Female,28,Indore,2024-11-24
C03215,Customer 03215,Female,40,Indore,2024-03-08
C03216,Customer 03216,Female,64,Indore,2025-01-25
C03217,Customer 03217,Female,20,Dewas,2024-04-01
C03218,Customer 03218,Female,56,Ujjain,2024-04-13
C03219,Customer 03219,Female,56,Indore,2025-08-12
C03220,Customer 03220,Female,34,Indore,2025-03-01
C03221,Customer 03221,Female,39,Indore,2025-09-05
C03222,Customer 03222,Male,44,Indore,2024-10-30
C03223,Customer 03223,Male,33,Indore,2025-01-13
C03224,Customer 03224,Female,33,Indore,2024-12-13
C03225,Customer 03225,Male,57,Indore,2024-06-23
C03226,Customer 03226,Male,20,Ujjain,2025-01-26
C03227,Customer 03227,Male,64,Indore,2025-02-08
C03228,Customer 03228,Male,50,Indore,2024-03-28
C03229,Customer 03229,Male,59,Indore,2025-09-21
C03230,Customer 03230,Male,19,Indore,2025-10-14
C03231,Customer 03231,Female,56,Indore,2025-09-16
C03232,Customer 03232,Female,63,Indore,2024-09-05
C03233,Customer 03233,Male,65,Indore,2024-12-31
C03234,Customer 03234,Male,44,Indore,2024-03-29
C03235,Customer 03235,Female,32,Indore,2025-03-31
C03236,Customer 03236,Male,24,Indore,2025-02-18
C03237,Customer 03237,Female,62,Indore,2025-03-30
C03238,Customer 03238,Female,59,Indore,2025-07-16
C03239,Customer 03239,Female,26,Indore,2025-05-25
C03240,Customer 03240,Male,58,Indore,2024-06-23
C03241,Customer 03241,Female,23,Indore,2024-07-27
C03242,Customer 03242,Male,29,Indore,2025-09-20
C03243,Customer 03243,Female,47,Indore,2024-11-08
C03244,Customer 03244,Female,37,Bhopal,2025-01-05
C03245,Customer 03245,Male,37,Indore,2024-11-08
C03246,Customer 03246,Male,63,Indore,2025-05-18
C03247,Customer 03247,Male,44,Indore,2024-03-26
C03248,Customer 03248,Female,37,Indore,2025-10-08
C03249,Customer 03249,Male,24,Indore,2024-09-22
C03250,Customer 03250,Female,57,Indore,2024-08-07
C03251,Customer 03251,Male,57,Indore,2024-10-21
C03252,Customer 03252,Female,47,Indore,2025-11-28
C03253,Customer 03253,Female,25,Indore,2025-05-20
C03254,Customer 03254,Female,19,Bhopal,2024-06-11
C03255,Customer 03255,Female,31,Indore,2024-05-06
C03256,Customer 03256,Male,27,Indore,2024-04-26
C03257,Customer 03257,Male,35,Indore,2025-02-09
C03258,Customer 03258,Female,35,Indore,2025-10-10
C03259,Customer 03259,Male,33,Indore,2024-12-21
C03260,Customer 03260,Male,22,Indore,2024-08-09
C03261,Customer 03261,Male,48,Indore,2025-01-10
C03262,Customer 03262,Male,54,Indore,2024-11-09
C03263,Customer 03263,Male,37,Indore,2024-05-29
C03264,Customer 03264,Female,40,Indore,2024-08-23
C03265,Customer 03265,Male,49,Indore,2024-06-16
C03266,Customer 03266,Female,59,Indore,2025-05-09
C03267,Customer 03267,Male,34,Indore,2025-02-15
C03268,Customer 03268,Female,30,Indore,2024-03-09
C03269,Customer 03269,Male,30,Indore,2025-12-21
C03270,Customer 03270,Female,34,Indore,2025-07-17
C03271,Customer 03271,Female,32,Bhopal,2024-09-23
C03272,Customer 03272,Male,43,Indore,2024-05-29
C03273,Customer 03273,Female,61,Indore,2025-06-08
C03274,Customer 03274,Other,45,Indore,2025-01-16
C03275,Customer 03275,Female,59,Indore,2025-09-03
C03276,Customer 03276,Female,62,Indore,2025-01-08
C03277,Customer 03277,Male,47,Indore,2025-11-15
C03278,Customer 03278,Female,60,Bhopal,2025-05-20
C03279,Customer 03279,Male,52,Indore,2024-08-24
C03280,Customer 03280,Male,39,Ujjain,2025-08-09
C03281,Customer 03281,Other,27,Indore,2024-11-20
C03282,Customer 03282,Male,28,Indore,2024-09-06
C03283,Customer 03283,Female,55,Indore,2025-08-12
C03284,Customer 03284,Female,50,Indore,2025-03-26
C03285,Customer 03285,Female,23,Indore,2025-02-25
C03286,Customer 03286,Other,54,Indore,2024-08-03
C03287,Customer 03287,Male,24,Indore,2024-01-21
C03288,Customer 03288,Male,61,Bhopal,2024-10-31
C03289,Customer 03289,Male,29,Indore,2024-12-18
C03290,Customer 03290,Male,24,Indore,2025-08-26
C03291,Customer 03291,Male,19,Indore,2025-03-20
C03292,Customer 03292,Male,18,Bhopal,2025-09-03
C03293,Customer 03293,Female,40,Bhopal,2024-09-22
C03294,Customer 03294,Female,42,Indore,2024-06-16
C03295,Customer 03295,Male,35,Indore,2024-02-27
C03296,Customer 03296,Female,61,Indore,2025-08-23
C03297,Customer 03297,Male,24,Indore,2025-11-15
C03298,Customer 03298,Male,20,Indore,2025-10-18
C03299,Customer 03299,Female,46,Indore,2025-09-24
C03300,Customer 03300,Female,27,Ujjain,2024-11-19
C03301,Customer 03301,Female,60,Ujjain,2024-09-22
C03302,Customer 03302,Male,22,Indore,2024-03-02
C03303,Customer 03303,Female,51,Indore,2024-03-29
C03304,Customer 03304,Female,25,Indore,2025-02-19
C03305,Customer 03305,Female,31,Indore,2025-08-06
C03306,Customer 03306,Female,57,Ujjain,2025-11-12
C03307,Customer 03307,Female,23,Indore,2025-11-15
C03308,Customer 03308,Female,18,Indore,2024-03-16
C03309,Customer 03309,Female,50,Indore,2025-02-08
C03310,Customer 03310,Other,57,Dewas,2024-12-30
C03311,Customer 03311,Female,28,Indore,2025-10-31
C03312,Customer 03312,Male,41,Indore,2025-12-25
C03313,Customer 03313,Female,27,Indore,2025-01-19
C03314,Customer 03314,Male,61,Indore,2024-01-09
C03315,Customer 03315,Male,40,Indore,2025-05-29
C03316,Customer 03316,Female,33,Indore,2025-01-03
C03317,Customer 03317,Female,54,Ujjain,2024-11-04
C03318,Customer 03318,Female,33,Dewas,2024-06-18
C03319,Customer 03319,Male,61,Indore,2024-05-26
C03320,Customer 03320,Female,48,Indore,2025-06-01
C03321,Customer 03321,Male,23,Indore,2025-11-13
C03322,Customer 03322,Other,47,Indore,2024-03-20
C03323,Customer 03323,Other,54,Indore,2025-03-27
C03324,Customer 03324,Female,18,Indore,2025-04-10
C03325,Customer 03325,Female,59,Indore,2025-07-08
C03326,Customer 03326,Female,42,Indore,2025-02-15
C03327,Customer 03327,Female,63,Indore,2025-07-15
C03328,Customer 03328,Male,38,Indore,2024-10-21
C03329,Customer 03329,Male,52,Indore,2024-05-09
C03330,Customer 03330,Female,55,Indore,2024-06-13
C03331,Customer 03331,Female,22,Indore,2025-09-04
C03332,Customer 03332,Male,29,Dewas,2025-03-25
C03333,Customer 03333,Female,22,Indore,2025-05-21
C03334,Customer 03334,Male,26,Indore,2024-03-09
C03335,Customer 03335,Female,61,Indore,2025-07-09
C03336,Customer 03336,Female,26,Indore,2025-10-23
C03337,Customer 03337,Female,52,Indore,2025-05-14
C03338,Customer 03338,Female,18,Bhopal,2024-05-14
C03339,Customer 03339,Male,64,Indore,2025-05-16
C03340,Customer 03340,Male,27,Indore,2024-12-10
C03341,Customer 03341,Female,63,Indore,2025-12-30
C03342,Customer 03342,Female,56,Ujjain,2025-10-21
C03343,Customer 03343,Male,53,Indore,2025-09-29
C03344,Customer 03344,Female,54,Indore,2024-02-23
C03345,Customer 03345,Male,65,Indore,2024-11-27
C03346,Customer 03346,Female,52,Indore,2025-02-23
C03347,Customer 03347,Female,34,Indore,2025-12-21
C03348,Customer 03348,Male,30,Indore,2025-10-17
C03349,Customer 03349,Male,23,Indore,2024-11-08
C03350,Customer 03350,Female,54,Indore,2024-05-17
C03351,Customer 03351,Female,65,Indore,2024-12-20
C03352,Customer 03352,Female,49,Indore,2025-05-16
C03353,Customer 03353,Female,28,Indore,2024-08-12
C03354,Customer 03354,Female,34,Indore,2025-09-05
C03355,Customer 03355,Female,22,Ujjain,2024-04-08
C03356,Customer 03356,Female,23,Indore,2024-11-02
C03357,Customer 03357,Male,27,Indore,2025-01-25
C03358,Customer 03358,Male,50,Indore,2024-03-31
C03359,Customer 03359,Male,47,Indore,2025-01-08
C03360,Customer 03360,Female,38,Indore,2024-07-22
C03361,Customer 03361,Male,59,Indore,2025-08-31
C03362,Customer 03362,Female,34,Indore,2025-09-24
C03363,Customer 03363,Female,44,Indore,2024-04-26
C03364,Customer 03364,Female,20,Indore,2024-03-06
C03365,Customer 03365,Male,46,Indore,2024-05-10
C03366,Customer 03366,Male,19,Indore,2025-01-20
C03367,Customer 03367,Male,46,Indore,2024-04-01
C03368,Customer 03368,Male,53,Indore,2024-03-17
C03369,Customer 03369,Male,51,Indore,2024-09-08
C03370,Customer 03370,Female,54,Dewas,2024-11-15
C03371,Customer 03371,Female,59,Indore,2025-10-14
C03372,Customer 03372,Female,18,Indore,2024-02-23
C03373,Customer 03373,Female,43,Dewas,2025-10-13
C03374,Customer 03374,Male,18,Indore,2025-10-19
C03375,Customer 03375,Female,21,Indore,2024-05-24
C03376,Customer 03376,Female,56,Indore,2025-11-09
C03377,Customer 03377,Male,31,Dewas,2024-03-26
C03378,Customer 03378,Female,63,Indore,2024-05-20
C03379,Customer 03379,Male,35,Indore,2024-02-14
C03380,Customer 03380,Female,51,Indore,2025-10-01
C03381,Customer 03381,Other,18,Ujjain,2024-04-26
C03382,Customer 03382,Male,39,Indore,2024-05-26
C03383,Customer 03383,Female,33,Indore,2025-10-20
C03384,Customer 03384,Female,39,Indore,2024-01-21
C03385,Customer 03385,Female,33,Indore,2025-06-19
C03386,Customer 03386,Male,45,Indore,2024-06-06
C03387,Customer 03387,Female,45,Indore,2025-04-20
C03388,Customer 03388,Male,39,Indore,2024-02-17
C03389,Customer 03389,Male,23,Indore,2025-02-22
C03390,Customer 03390,Male,42,Indore,2024-04-19
C03391,Customer 03391,Female,59,Indore,2025-07-24
C03392,Customer 03392,Female,19,Dewas,2025-06-12
C03393,Customer 03393,Female,24,Indore,2024-10-30
C03394,Customer 03394,Female,34,Bhopal,2025-04-26
C03395,Customer 03395,Male,52,Indore,2025-07-20
C03396,Customer 03396,Male,37,Indore,2024-05-16
C03397,Customer 03397,Male,61,Indore,2024-03-17
C03398,Customer 03398,Male,19,Indore,2024-09-26
C03399,Customer 03399,Male,24,Indore,2025-11-22
C03400,Customer 03400,Male,49,Indore,2024-03-25
C03401,Customer 03401,Male,36,Indore,2025-04-12
C03402,Customer 03402,Male,29,Indore,2025-10-12
C03403,Customer 03403,Male,26,Indore,2025-11-12
C03404,Customer 03404,Male,44,Bhopal,2024-08-29
C03405,Customer 03405,Female,31,Dewas,2024-03-04
C03406,Customer 03406,Female,19,Indore,2024-08-27
C03407,Customer 03407,Female,38,Indore,2024-04-04
C03408,Customer 03408,Male,21,Indore,2025-10-19
C03409,Customer 03409,Male,38,Indore,2025-02-01
C03410,Customer 03410,Female,65,Indore,2024-02-18
C03411,Customer 03411,Male,39,Indore,2025-03-28
C03412,Customer 03412,Male,19,Ujjain,2024-05-24
C03413,Customer 03413,Male,34,Indore,2025-02-01
C03414,Customer 03414,Male,36,Indore,2025-11-01
C03415,Customer 03415,Male,57,Indore,2025-12-29
C03416,Customer 03416,Male,41,Indore,2024-10-29
C03417,Customer 03417,Female,37,Indore,2025-03-03
C03418,Customer 03418,Male,55,Dewas,2024-01-17
C03419,Customer 03419,Male,29,Bhopal,2024-03-21
C03420,Customer 03420,Female,42,Ujjain,2024-07-02
C03421,Customer 03421,Male,40,Dewas,2025-04-11
C03422,Customer 03422,Male,51,Bhopal,2024-10-09
C03423,Customer 03423,Female,49,Ujjain,2024-03-11
C03424,Customer 03424,Male,41,Indore,2024-03-30
C03425,Customer 03425,Male,59,Indore,2025-12-09
C03426,Customer 03426,Male,42,Indore,2025-10-03
C03427,Customer 03427,Male,20,Indore,2025-08-14
C03428,Customer 03428,Female,42,Indore,2024-12-30
C03429,Customer 03429,Female,45,Indore,2024-07-21
C03430,Customer 03430,Male,29,Indore,2024-08-18
C03431,Customer 03431,Female,43,Indore,2025-08-21
C03432,Customer 03432,Female,65,Indore,2024-01-06
C03433,Customer 03433,Male,61,Indore,2024-12-22
C03434,Customer 03434,Female,25,Indore,2025-03-24
C03435,Customer 03435,Male,22,Indore,2024-05-25
C03436,Customer 03436,Male,28,Indore,2024-02-24
C03437,Customer 03437,Male,59,Indore,2024-03-07
C03438,Customer 03438,Male,52,Indore,2025-11-27
C03439,Customer 03439,Male,44,Indore,2024-05-26
C03440,Customer 03440,Female,58,Indore,2025-08-08
C03441,Customer 03441,Male,61,Indore,2025-10-12
C03442,Customer 03442,Male,55,Indore,2024-08-19
C03443,Customer 03443,Male,36,Indore,2025-04-12
C03444,Customer 03444,Female,65,Indore,2025-11-25
C03445,Customer 03445,Female,49,Indore,2024-04-05
C03446,Customer 03446,Female,63,Bhopal,2025-05-05
C03447,Customer 03447,Female,45,Indore,2024-09-04
C03448,Customer 03448,Female,53,Indore,2024-05-11
C03449,Customer 03449,Male,35,Dewas,2025-06-08
C03450,Customer 03450,Female,27,Ujjain,2024-03-10
C03451,Customer 03451,Female,49,Indore,2024-12-14
C03452,Customer 03452,Other,35,Indore,2025-03-17
C03453,Customer 03453,Female,29,Dewas,2024-09-12
C03454,Customer 03454,Male,25,Indore,2025-01-20
C03455,Customer 03455,Male,50,Indore,2025-05-19
C03456,Customer 03456,Male,63,Indore,2025-11-30
C03457,Customer 03457,Female,55,Indore,2025-08-23
C03458,Customer 03458,Male,31,Indore,2025-02-19
C03459,Customer 03459,Male,19,Indore,2024-11-14
C03460,Customer 03460,Female,26,Ujjain,2024-11-11
C03461,Customer 03461,Male,61,Indore,2025-10-27
C03462,Customer 03462,Female,22,Ujjain,2025-10-23
C03463,Customer 03463,Male,51,Indore,2024-11-25
C03464,Customer 03464,Male,36,Indore,2024-05-11
C03465,Customer 03465,Male,24,Indore,2024-05-23
C03466,Customer 03466,Female,56,Indore,2024-09-03
C03467,Customer 03467,Male,59,Indore,2024-03-03
C03468,Customer 03468,Male,34,Indore,2025-11-12
C03469,Customer 03469,Female,43,Indore,2025-05-17
C03470,Customer 03470,Male,63,Indore,2024-08-23
C03471,Customer 03471,Female,44,Indore,2025-01-31
C03472,Customer 03472,Female,60,Indore,2024-05-02
C03473,Customer 03473,Male,45,Indore,2024-09-26
C03474,Customer 03474,Female,37,Indore,2024-01-08
C03475,Customer 03475,Male,23,Indore,2025-12-30
C03476,Customer 03476,Female,25,Dewas,2024-12-07
C03477,Customer 03477,Male,49,Indore,2025-11-16
C03478,Customer 03478,Female,36,Indore,2025-09-29
C03479,Customer 03479,Male,49,Indore,2024-11-10
C03480,Customer 03480,Female,36,Indore,2025-07-14
C03481,Customer 03481,Male,41,Bhopal,2024-12-01
C03482,Customer 03482,Male,41,Indore,2024-09-12
C03483,Customer 03483,Male,34,Indore,2024-04-25
C03484,Customer 03484,Male,35,Indore,2025-01-23
C03485,Customer 03485,Female,29,Indore,2024-03-25
C03486,Customer 03486,Male,58,Dewas,2025-09-23
C03487,Customer 03487,Female,40,Dewas,2024-02-19
C03488,Customer 03488,Female,65,Indore,2024-06-12
C03489,Customer 03489,Female,35,Ujjain,2024-05-27
C03490,Customer 03490,Male,33,Indore,2025-07-08
C03491,Customer 03491,Male,33,Indore,2024-05-15
C03492,Customer 03492,Female,53,Indore,2024-08-05
C03493,Customer 03493,Male,40,Indore,2025-05-20
C03494,Customer 03494,Male,39,Indore,2025-01-06
C03495,Customer 03495,Female,56,Bhopal,2024-08-21
C03496,Customer 03496,Female,50,Indore,2024-04-24
C03497,Customer 03497,Female,41,Indore,2024-07-07
C03498,Customer 03498,Male,37,Indore,2025-02-20
C03499,Customer 03499,Female,50,Indore,2024-07-15
C03500,Customer 03500,Male,48,Indore,2025-07-03
C03501,Customer 03501,Male,57,Indore,2025-06-07
C03502,Customer 03502,Female,25,Indore,2025-09-27
C03503,Customer 03503,Male,27,Indore,2025-07-09
C03504,Customer 03504,Male,18,Indore,2024-01-14
C03505,Customer 03505,Male,38,Indore,2025-07-17
C03506,Customer 03506,Female,42,Indore,2024-09-01
C03507,Customer 03507,Female,49,Indore,2025-11-22
C03508,Customer 03508,Female,63,Bhopal,2024-10-28
C03509,Customer 03509,Female,63,Indore,2025-04-08
C03510,Customer 03510,Male,27,Indore,2025-10-03
C03511,Customer 03511,Male,65,Indore,2025-03-08
C03512,Customer 03512,Male,26,Indore,2025-09-03
C03513,Customer 03513,Male,37,Indore,2025-04-06
C03514,Customer 03514,Male,65,Indore,2024-10-10
C03515,Customer 03515,Female,37,Indore,2025-09-14
C03516,Customer 03516,Male,57,Indore,2025-08-26
C03517,Customer 03517,Male,24,Ujjain,2025-08-10
C03518,Customer 03518,Male,28,Indore,2025-12-17
C03519,Customer 03519,Male,38,Ujjain,2025-06-17
C03520,Customer 03520,Female,55,Ujjain,2025-11-12
C03521,Customer 03521,Male,64,Indore,2025-01-02
C03522,Customer 03522,Male,36,Bhopal,2024-06-05
C03523,Customer 03523,Female,63,Indore,2025-04-07
C03524,Customer 03524,Male,32,Bhopal,2025-08-02
C03525,Customer 03525,Male,23,Indore,2024-06-09
C03526,Customer 03526,Male,27,Indore,2024-06-22
C03527,Customer 03527,Female,63,Indore,2025-05-13
C03528,Customer 03528,Other,33,Indore,2025-07-03
C03529,Customer 03529,Female,62,Indore,2024-12-01
C03530,Customer 03530,Male,28,Bhopal,2024-01-26
C03531,Customer 03531,Female,52,Ujjain,2025-05-18
C03532,Customer 03532,Male,25,Indore,2024-10-25
C03533,Customer 03533,Male,45,Indore,2025-03-12
C03534,Customer 03534,Male,20,Indore,2024-01-11
C03535,Customer 03535,Male,19,Dewas,2024-08-25
C03536,Customer 03536,Female,31,Indore,2025-09-10
C03537,Customer 03537,Female,46,Dewas,2025-02-13
C03538,Customer 03538,Female,64,Indore,2024-11-29
C03539,Customer 03539,Female,20,Indore,2024-11-08
C03540,Customer 03540,Female,18,Indore,2024-01-01
C03541,Customer 03541,Male,32,Indore,2025-06-06
C03542,Customer 03542,Male,37,Indore,2025-10-31
C03543,Customer 03543,Female,39,Indore,2024-03-28
C03544,Customer 03544,Male,51,Indore,2024-08-29
C03545,Customer 03545,Female,50,Indore,2024-05-11
C03546,Customer 03546,Male,26,Indore,2025-08-20
C03547,Customer 03547,Male,20,Indore,2025-09-13
C03548,Customer 03548,Male,19,Indore,2024-11-23
C03549,Customer 03549,Male,21,Indore,2024-04-20
C03550,Customer 03550,Male,33,Indore,2025-12-20
C03551,Customer 03551,Female,50,Indore,2024-10-15
C03552,Customer 03552,Male,26,Indore,2025-02-20
C03553,Customer 03553,Female,57,Bhopal,2024-03-14
C03554,Customer 03554,Male,55,Indore,2024-04-17
C03555,Customer 03555,Male,35,Dewas,2025-05-30
C03556,Customer 03556,Male,33,Bhopal,2025-12-27
C03557,Customer 03557,Female,25,Indore,2025-11-21
C03558,Customer 03558,Male,40,Indore,2025-10-28
C03559,Customer 03559,Female,53,Indore,2024-04-14
C03560,Customer 03560,Male,20,Indore,2025-01-16
C03561,Customer 03561,Female,32,Indore,2025-08-18
C03562,Customer 03562,Male,55,Indore,2024-03-17
C03563,Customer 03563,Female,50,Indore,2024-07-21
C03564,Customer 03564,Female,35,Indore,2025-05-15
C03565,Customer 03565,Female,40,Indore,2024-08-28
C03566,Customer 03566,Male,60,Indore,2025-12-07
C03567,Customer 03567,Male,20,Indore,2025-01-06
C03568,Customer 03568,Male,47,Indore,2024-07-23
C03569,Customer 03569,Female,62,Indore,2025-02-15
C03570,Customer 03570,Female,34,Indore,2024-08-01
C03571,Customer 03571,Female,49,Indore,2025-03-16
C03572,Customer 03572,Male,63,Indore,2025-06-14
C03573,Customer 03573,Male,24,Indore,2025-11-01
C03574,Customer 03574,Male,56,Indore,2024-07-30
C03575,Customer 03575,Female,31,Indore,2024-02-22
C03576,Customer 03576,Female,32,Indore,2025-05-25
C03577,Customer 03577,Female,61,Indore,2024-03-28
C03578,Customer 03578,Male,29,Indore,2025-11-02
C03579,Customer 03579,Female,25,Indore,2024-01-09
C03580,Customer 03580,Female,33,Indore,2025-11-21
C03581,Customer 03581,Male,58,Indore,2024-03-23
C03582,Customer 03582,Female,51,Bhopal,2025-10-24
C03583,Customer 03583,Female,63,Indore,2024-01-25
C03584,Customer 03584,Female,41,Indore,2024-08-12
C03585,Customer 03585,Female,46,Indore,2025-05-11
C03586,Customer 03586,Male,33,Indore,2025-03-05
C03587,Customer 03587,Male,22,Indore,2025-03-03
C03588,Customer 03588,Female,22,Indore,2024-07-12
C03589,Customer 03589,Male,47,Indore,2024-04-27
C03590,Customer 03590,Female,22,Indore,2024-03-18
C03591,Customer 03591,Female,60,Indore,2024-05-31
C03592,Customer 03592,Female,30,Indore,2024-02-25
C03593,Customer 03593,Other,52,Indore,2024-12-22
C03594,Customer 03594,Male,42,Indore,2024-09-15
C03595,Customer 03595,Male,31,Indore,2025-06-18
C03596,Customer 03596,Male,61,Ujjain,2025-11-04
C03597,Customer 03597,Male,63,Dewas,2025-08-16
C03598,Customer 03598,Male,43,Indore,2025-07-24
C03599,Customer 03599,Male,35,Indore,2025-07-31
C03600,Customer 03600,Female,37,Indore,2025-02-09
C03601,Customer 03601,Female,51,Ujjain,2024-04-24
C03602,Customer 03602,Male,24,Ujjain,2025-04-18
C03603,Customer 03603,Male,64,Indore,2024-11-29
C03604,Customer 03604,Female,27,Indore,2025-09-12
C03605,Customer 03605,Male,32,Indore,2024-11-04
C03606,Customer 03606,Male,34,Indore,2024-11-26
C03607,Customer 03607,Male,28,Bhopal,2025-06-27
C03608,Customer 03608,Female,51,Indore,2025-12-25
C03609,Customer 03609,Male,44,Indore,2025-05-18
C03610,Customer 03610,Female,38,Indore,2024-03-28
C03611,Customer 03611,Male,48,Indore,2025-07-27
C03612,Customer 03612,Female,21,Indore,2024-01-03
C03613,Customer 03613,Male,58,Indore,2025-01-17
C03614,Customer 03614,Male,34,Indore,2025-09-15
C03615,Customer 03615,Female,65,Indore,2025-06-07
C03616,Customer 03616,Female,37,Bhopal,2025-07-18
C03617,Customer 03617,Female,42,Ujjain,2024-05-27
C03618,Customer 03618,Female,57,Indore,2025-05-20
C03619,Customer 03619,Female,40,Indore,2025-10-07
C03620,Customer 03620,Female,32,Indore,2024-03-24
C03621,Customer 03621,Female,50,Indore,2025-02-01
C03622,Customer 03622,Male,36,Indore,2024-07-02
C03623,Customer 03623,Male,32,Indore,2024-06-17
C03624,Customer 03624,Male,58,Dewas,2025-07-14
C03625,Customer 03625,Female,22,Indore,2024-04-17
C03626,Customer 03626,Male,33,Indore,
C03627,Customer 03627,Male,62,Indore,2024-08-01
C03628,Customer 03628,Female,65,Dewas,2024-12-25
C03629,Customer 03629,Female,49,Indore,2024-04-04
C03630,Customer 03630,Female,39,Bhopal,2025-06-26
C03631,Customer 03631,Male,60,Indore,2024-06-04
C03632,Customer 03632,Female,49,Indore,2025-06-07
C03633,Customer 03633,Male,30,Indore,2024-09-28
C03634,Customer 03634,Male,55,Indore,2024-06-11
C03635,Customer 03635,Male,43,Indore,2025-07-09
C03636,Customer 03636,Male,34,Indore,2024-06-28
C03637,Customer 03637,Male,22,Indore,2024-08-10
C03638,Customer 03638,Female,50,Indore,2024-04-25
C03639,Customer 03639,Male,44,Indore,2024-01-05
C03640,Customer 03640,Female,22,Indore,2024-03-06
C03641,Customer 03641,Female,54,Indore,2025-06-10
C03642,Customer 03642,Male,24,Bhopal,2025-03-24
C03643,Customer 03643,Male,65,Indore,2024-05-28
C03644,Customer 03644,Male,35,Indore,2024-04-10
C03645,Customer 03645,Female,48,Indore,2024-09-23
C03646,Customer 03646,Male,23,Indore,2025-12-30
C03647,Customer 03647,Male,19,Indore,2025-07-07
C03648,Customer 03648,Male,30,Indore,2024-03-06
C03649,Customer 03649,Female,59,Indore,2024-12-15
C03650,Customer 03650,Female,28,Indore,2024-04-29
C03651,Customer 03651,Male,43,Indore,2024-09-01
C03652,Customer 03652,Female,38,Indore,2025-01-23
C03653,Customer 03653,Female,19,Indore,2024-10-13
C03654,Customer 03654,Female,57,Indore,2024-02-17
C03655,Customer 03655,Female,37,Indore,2025-02-21
C03656,Customer 03656,Female,34,Bhopal,2024-12-16
C03657,Customer 03657,Female,33,Indore,2024-06-03
C03658,Customer 03658,Female,59,Indore,2024-12-03
C03659,Customer 03659,Male,22,Ujjain,2024-09-17
C03660,Customer 03660,Male,31,Ujjain,2025-06-12
C03661,Customer 03661,Male,41,Indore,2024-07-21
C03662,Customer 03662,Female,21,Dewas,2025-03-15
C03663,Customer 03663,Female,65,Indore,2024-06-14
C03664,Customer 03664,Male,41,Ujjain,2025-01-13
C03665,Customer 03665,Female,64,Indore,2025-03-13
C03666,Customer 03666,Male,26,Indore,2024-02-17
C03667,Customer 03667,Male,20,Indore,2024-08-16
C03668,Customer 03668,Other,26,Bhopal,2025-12-25
C03669,Customer 03669,Male,35,Indore,2025-12-28
C03670,Customer 03670,Male,53,Indore,2025-11-11
C03671,Customer 03671,Female,36,Indore,2024-01-22
C03672,Customer 03672,Female,41,Indore,2024-10-01
C03673,Customer 03673,Male,21,Indore,2024-04-22
C03674,Customer 03674,Female,26,Indore,2025-12-15
C03675,Customer 03675,Female,50,Indore,2025-06-28
C03676,Customer 03676,Male,18,Indore,2024-03-29
C03677,Customer 03677,Male,52,Indore,2025-10-07
C03678,Customer 03678,Female,27,Indore,2024-01-11
C03679,Customer 03679,Male,29,Bhopal,2024-01-27
C03680,Customer 03680,Female,35,Indore,2025-03-31
C03681,Customer 03681,Female,31,Indore,2024-01-31
C03682,Customer 03682,Other,27,Indore,2025-08-25
C03683,Customer 03683,Male,27,Indore,2025-03-22
C03684,Customer 03684,Female,35,Indore,2025-03-03
C03685,Customer 03685,Male,41,Indore,2025-11-11
C03686,Customer 03686,Male,18,Indore,2025-07-12
C03687,Customer 03687,Male,47,Indore,2025-08-13
C03688,Customer 03688,Male,32,Indore,2025-05-28
C03689,Customer 03689,Female,25,Indore,2025-02-02
C03690,Customer 03690,Male,52,Bhopal,2025-06-15
C03691,Customer 03691,Male,35,Indore,2025-01-21
C03692,Customer 03692,Female,58,Indore,2025-09-09
C03693,Customer 03693,Male,33,Dewas,2024-11-25
C03694,Customer 03694,Female,38,Indore,2025-08-24
C03695,Customer 03695,Male,32,Indore,2024-05-17
C03696,Customer 03696,Female,22,Indore,2025-11-10
C03697,Customer 03697,Female,62,Indore,2025-10-14
C03698,Customer 03698,Male,24,Indore,2025-12-25
C03699,Customer 03699,Male,65,Indore,2025-04-26
C03700,Customer 03700,Male,24,Indore,2024-10-26
C03701,Customer 03701,Female,44,Indore,2024-02-01
C03702,Customer 03702,Male,42,Indore,2025-04-01
C03703,Customer 03703,Male,39,Indore,2025-06-25
C03704,Customer 03704,Male,65,Indore,2025-01-19
C03705,Customer 03705,Male,30,Indore,2024-11-27
C03706,Customer 03706,Male,34,Bhopal,2024-02-13
C03707,Customer 03707,Female,58,Indore,2025-06-30
C03708,Customer 03708,Male,61,Indore,2025-02-27
C03709,Customer 03709,Male,30,Indore,2024-02-14
C03710,Customer 03710,Female,43,Dewas,2025-01-14
C03711,Customer 03711,Female,26,Ujjain,2025-05-11
C03712,Customer 03712,Male,22,Ujjain,2024-05-17
C03713,Customer 03713,Male,56,Indore,2025-07-12
C03714,Customer 03714,Male,50,Indore,2025-02-11
C03715,Customer 03715,Female,21,Indore,2024-07-03
C03716,Customer 03716,Male,45,Indore,2025-05-03
C03717,Customer 03717,Female,43,Indore,2024-01-18
C03718,Customer 03718,Female,21,Indore,2025-11-27
C03719,Customer 03719,Female,33,Indore,2024-03-12
C03720,Customer 03720,Male,54,Ujjain,2025-09-26
C03721,Customer 03721,Male,39,Indore,2024-06-19
C03722,Customer 03722,Male,53,Indore,2024-03-17
C03723,Customer 03723,Male,55,Indore,2025-02-03
C03724,Customer 03724,Female,52,Indore,2025-06-04
C03725,Customer 03725,Female,42,Indore,2024-07-19
C03726,Customer 03726,Female,25,Indore,2025-08-03
C03727,Customer 03727,Female,34,Indore,2024-08-26
C03728,Customer 03728,Male,35,Indore,2024-11-12
C03729,Customer 03729,Male,29,Indore,2025-06-06
C03730,Customer 03730,Male,50,Indore,2024-11-15
C03731,Customer 03731,Female,40,Dewas,2025-07-03
C03732,Customer 03732,Female,29,Dewas,2025-06-05
C03733,Customer 03733,Female,28,Indore,2025-06-11
C03734,Customer 03734,Male,30,Indore,2025-04-21
C03735,Customer 03735,Male,52,Indore,2024-11-20
C03736,Customer 03736,Female,44,Indore,2025-04-10
C03737,Customer 03737,Male,42,Dewas,2024-02-11
C03738,Customer 03738,Female,57,Indore,2024-08-21
C03739,Customer 03739,Female,20,Indore,2025-07-09
C03740,Customer 03740,Female,42,Indore,2025-03-12
C03741,Customer 03741,Male,62,Indore,2025-11-06
C03742,Customer 03742,Male,27,Indore,2025-10-23
C03743,Customer 03743,Male,34,Indore,2024-10-06
C03744,Customer 03744,Male,20,Indore,2024-07-22
C03745,Customer 03745,Male,62,Indore,2024-11-01
C03746,Customer 03746,Female,39,Indore,2025-05-24
C03747,Customer 03747,Female,55,Bhopal,2024-10-22
C03748,Customer 03748,Male,31,Indore,2024-01-22
C03749,Customer 03749,Male,44,Indore,2025-11-17
C03750,Customer 03750,Male,59,Indore,2024-08-29
C03751,Customer 03751,Male,37,Ujjain,2025-07-31
C03752,Customer 03752,Female,65,Indore,2025-01-28
C03753,Customer 03753,Male,35,Ujjain,2025-03-02
C03754,Customer 03754,Male,30,Indore,2025-03-28
C03755,Customer 03755,Male,59,Indore,2025-05-21
C03756,Customer 03756,Female,23,Indore,2025-08-28
C03757,Customer 03757,Female,27,Bhopal,2024-07-31
C03758,Customer 03758,Male,54,Indore,2024-08-28
C03759,Customer 03759,Female,46,Indore,2025-02-12
C03760,Customer 03760,Female,23,Indore,2025-09-13
C03761,Customer 03761,Female,56,Indore,2025-07-12
C03762,Customer 03762,Male,28,Bhopal,2025-10-29
C03763,Customer 03763,Female,65,Indore,2025-08-14
C03764,Customer 03764,Female,42,Dewas,2024-02-14
C03765,Customer 03765,Female,61,Indore,2025-12-07
C03766,Customer 03766,Female,61,Indore,2024-08-24
C03767,Customer 03767,Female,47,Indore,2025-12-23
C03768,Customer 03768,Male,37,Indore,2025-08-17
C03769,Customer 03769,Female,54,Indore,2024-04-22
C03770,Customer 03770,Female,33,Indore,2025-05-21
C03771,Customer 03771,Female,48,Indore,2025-10-04
C03772,Customer 03772,Male,46,Ujjain,2025-03-25
C03773,Customer 03773,Female,23,Indore,2025-07-21
C03774,Customer 03774,Female,46,Indore,2025-06-21
C03775,Customer 03775,Male,49,Ujjain,2024-07-27
C03776,Customer 03776,Female,26,Indore,2024-10-16
C03777,Customer 03777,Female,54,Indore,2025-05-12
C03778,Customer 03778,Female,40,Indore,2024-07-01
C03779,Customer 03779,Male,33,Indore,2025-12-19
C03780,Customer 03780,Male,35,Indore,2025-12-16
C03781,Customer 03781,Female,36,Indore,2025-02-03
C03782,Customer 03782,Male,61,Indore,2024-07-26
C03783,Customer 03783,Female,19,Indore,2025-02-26
C03784,Customer 03784,Male,27,Indore,2025-01-24
C03785,Customer 03785,Female,29,Indore,2024-12-31
C03786,Customer 03786,Male,63,Indore,2025-08-06
C03787,Customer 03787,Female,35,Indore,2025-03-11
C03788,Customer 03788,Male,36,Ujjain,2024-11-07
C03789,Customer 03789,Male,55,Indore,2024-12-04
C03790,Customer 03790,Male,54,Indore,2024-05-26
C03791,Customer 03791,Male,44,Indore,2025-12-16
C03792,Customer 03792,Female,65,Indore,2025-04-01
C03793,Customer 03793,Female,31,Indore,2025-02-14
C03794,Customer 03794,Male,62,Indore,2025-10-06
C03795,Customer 03795,Female,51,Indore,2024-10-08
C03796,Customer 03796,Male,19,Dewas,2025-02-17
C03797,Customer 03797,Female,61,Indore,2025-08-12
C03798,Customer 03798,Female,50,Ujjain,2024-04-06
C03799,Customer 03799,Female,36,Bhopal,2024-06-11
C03800,Customer 03800,Male,44,Indore,2025-03-12
C03801,Customer 03801,Female,65,Dewas,2024-07-14
C03802,Customer 03802,Male,47,Indore,2025-09-19
C03803,Customer 03803,Other,24,Indore,2024-06-09
C03804,Customer 03804,Male,44,Indore,2024-09-11
C03805,Customer 03805,Female,38,Indore,2024-03-10
C03806,Customer 03806,Female,24,Bhopal,2025-02-15
C03807,Customer 03807,Female,65,Indore,2025-12-14
C03808,Customer 03808,Male,42,Indore,2024-02-05
C03809,Customer 03809,Female,55,Indore,2024-10-31
C03810,Customer 03810,Male,35,Indore,2025-12-30
C03811,Customer 03811,Female,50,Indore,2025-04-14
C03812,Customer 03812,Male,50,Ujjain,2024-11-04
C03813,Customer 03813,Male,49,Dewas,2024-07-15
C03814,Customer 03814,Female,42,Indore,2025-04-25
C03815,Customer 03815,Male,31,Indore,2024-12-01
C03816,Customer 03816,Male,55,Indore,2025-12-04
C03817,Customer 03817,Male,55,Indore,2024-10-17
C03818,Customer 03818,Male,21,Indore,2025-03-05
C03819,Customer 03819,Female,61,Dewas,2025-08-20
C03820,Customer 03820,Female,35,Indore,2025-03-07
C03821,Customer 03821,Male,27,Indore,2025-06-17
C03822,Customer 03822,Male,52,Indore,2025-10-07
C03823,Customer 03823,Male,52,Indore,2025-05-24
C03824,Customer 03824,Male,57,Indore,2025-05-19
C03825,Customer 03825,Female,40,Bhopal,2025-11-03
C03826,Customer 03826,Female,42,Indore,2025-07-08
C03827,Customer 03827,Male,18,Indore,2025-02-12
C03828,Customer 03828,Male,35,Indore,2025-02-05
C03829,Customer 03829,Male,32,Dewas,2024-02-10
C03830,Customer 03830,Female,42,Indore,2025-01-18
C03831,Customer 03831,Female,49,Indore,2024-10-17
C03832,Customer 03832,Male,37,Indore,2024-07-01
C03833,Customer 03833,Male,34,Indore,2024-02-09
C03834,Customer 03834,Female,28,Indore,2025-08-21
C03835,Customer 03835,Female,30,Ujjain,2024-08-12
C03836,Customer 03836,Male,42,Indore,2024-10-11
C03837,Customer 03837,Male,37,Indore,2024-05-17
C03838,Customer 03838,Male,42,Indore,2024-11-30
C03839,Customer 03839,Female,59,Indore,2024-05-17
C03840,Customer 03840,Male,62,Indore,2025-04-18
C03841,Customer 03841,Male,48,Indore,2025-05-02
C03842,Customer 03842,Female,18,Indore,2025-07-29
C03843,Customer 03843,Male,33,Indore,2025-09-20
C03844,Customer 03844,Female,65,Dewas,2025-09-01
C03845,Customer 03845,Male,45,Indore,2024-05-25
C03846,Customer 03846,Male,38,Indore,2025-02-12
C03847,Customer 03847,Female,47,Indore,2025-05-24
C03848,Customer 03848,Male,20,Indore,2024-03-25
C03849,Customer 03849,Female,51,Indore,2025-07-16
C03850,Customer 03850,Female,23,Indore,2025-08-29
C03851,Customer 03851,Male,60,Indore,2024-01-09
C03852,Customer 03852,Female,46,Indore,2024-03-29
C03853,Customer 03853,Male,20,Indore,2024-03-29
C03854,Customer 03854,Female,50,Indore,2024-08-06
C03855,Customer 03855,Male,28,Indore,2024-12-15
C03856,Customer 03856,Female,62,Dewas,2025-02-08
C03857,Customer 03857,Male,22,Indore,2024-06-09
C03858,Customer 03858,Male,49,Indore,2024-02-12
C03859,Customer 03859,Female,64,Indore,2025-04-18
C03860,Customer 03860,Female,35,Indore,2024-09-14
C03861,Customer 03861,Male,64,Indore,2024-06-07
C03862,Customer 03862,Male,37,Indore,2024-05-11
C03863,Customer 03863,Female,56,Ujjain,2025-07-12
C03864,Customer 03864,Female,57,Indore,2025-08-23
C03865,Customer 03865,Male,45,Indore,2024-02-14
C03866,Customer 03866,Male,30,Indore,2024-11-16
C03867,Customer 03867,Male,43,Dewas,2024-07-12
C03868,Customer 03868,Female,33,Indore,2025-06-01
C03869,Customer 03869,Male,42,Indore,2024-09-19
C03870,Customer 03870,Male,27,Indore,2025-03-10
C03871,Customer 03871,Female,46,Indore,2025-12-08
C03872,Customer 03872,Male,63,Indore,2025-06-13
C03873,Customer 03873,Male,55,Indore,2024-10-23
C03874,Customer 03874,Male,37,Indore,2025-05-15
C03875,Customer 03875,Male,43,Ujjain,2025-09-10
C03876,Customer 03876,Male,49,Indore,2024-03-09
C03877,Customer 03877,Female,56,Indore,2024-01-25
C03878,Customer 03878,Male,55,Indore,2025-07-21
C03879,Customer 03879,Female,41,Indore,2025-05-27
C03880,Customer 03880,Female,48,Indore,2024-07-01
C03881,Customer 03881,Female,57,Indore,2024-02-23
C03882,Customer 03882,Male,29,Dewas,2024-03-21
C03883,Customer 03883,Male,53,Indore,2024-06-08
C03884,Customer 03884,Male,27,Indore,2025-01-20
C03885,Customer 03885,Male,23,Indore,2025-03-24
C03886,Customer 03886,Male,24,Indore,2024-09-20
C03887,Customer 03887,Female,48,Indore,2025-09-12
C03888,Customer 03888,Male,44,Indore,2024-11-04
C03889,Customer 03889,Male,25,Indore,2024-02-13
C03890,Customer 03890,Male,20,Dewas,2024-07-19
C03891,Customer 03891,Female,57,Indore,2024-10-10
C03892,Customer 03892,Male,64,Indore,2024-05-26
C03893,Customer 03893,Female,38,Indore,2025-03-15
C03894,Customer 03894,Male,18,Dewas,2025-02-07
C03895,Customer 03895,Female,62,Indore,2025-12-11
C03896,Customer 03896,Female,32,Bhopal,2024-07-02
C03897,Customer 03897,Male,24,Indore,2025-06-30
C03898,Customer 03898,Male,32,Bhopal,2024-07-27
C03899,Customer 03899,Male,42,Indore,2025-07-28
C03900,Customer 03900,Male,20,Indore,2024-03-22
C03901,Customer 03901,Female,47,Bhopal,2024-09-19
C03902,Customer 03902,Female,31,Indore,2024-02-08
C03903,Customer 03903,Female,21,Indore,2024-10-12
C03904,Customer 03904,Female,53,Ujjain,2024-01-23
C03905,Customer 03905,Male,20,Indore,2025-08-18
C03906,Customer 03906,Male,22,Indore,2025-04-18
C03907,Customer 03907,Female,42,Indore,2024-10-29
C03908,Customer 03908,Male,48,Indore,2024-07-24
C03909,Customer 03909,Female,28,Dewas,2025-03-07
C03910,Customer 03910,Male,25,Indore,2024-04-04
C03911,Customer 03911,Male,43,Indore,2025-04-19
C03912,Customer 03912,Other,19,Dewas,2025-07-28
C03913,Customer 03913,Male,45,Bhopal,2025-01-10
C03914,Customer 03914,Other,65,Indore,2024-05-16
C03915,Customer 03915,Female,27,Indore,2024-05-30
C03916,Customer 03916,Female,56,Indore,2025-09-20
C03917,Customer 03917,Female,54,Ujjain,2025-12-03
C03918,Customer 03918,Female,56,Indore,2024-07-20
C03919,Customer 03919,Female,38,Ujjain,2024-09-06
C03920,Customer 03920,Male,45,Bhopal,2025-08-21
C03921,Customer 03921,Male,55,Indore,2024-03-14
C03922,Customer 03922,Female,50,Indore,2024-11-17
C03923,Customer 03923,Male,28,Indore,2025-07-02
C03924,Customer 03924,Male,62,Indore,2025-09-28
C03925,Customer 03925,Male,61,Indore,2024-06-14
C03926,Customer 03926,Female,18,Indore,2024-01-01
C03927,Customer 03927,Female,64,Indore,2024-12-03
C03928,Customer 03928,Male,50,Bhopal,2024-10-17
C03929,Customer 03929,Female,20,Indore,2024-03-11
C03930,Customer 03930,Female,43,Indore,2024-04-17
C03931,Customer 03931,Female,32,Indore,2025-05-04
C03932,Customer 03932,Female,58,Indore,2025-08-20
C03933,Customer 03933,Female,31,Indore,2024-06-29
C03934,Customer 03934,Male,40,Indore,2024-01-25
C03935,Customer 03935,Female,25,Dewas,2024-05-30
C03936,Customer 03936,Male,53,Indore,2024-09-21
C03937,Customer 03937,Female,37,Indore,2024-07-21
C03938,Customer 03938,Other,23,Bhopal,2025-07-16
C03939,Customer 03939,Male,50,Indore,2025-04-19
C03940,Customer 03940,Male,45,Indore,2024-08-07
C03941,Customer 03941,Female,55,Indore,2025-07-22
C03942,Customer 03942,Male,47,Indore,2024-03-22
C03943,Customer 03943,Female,63,Indore,2024-06-12
C03944,Customer 03944,Male,60,Indore,2024-09-25
C03945,Customer 03945,Male,34,Dewas,2024-07-01
C03946,Customer 03946,Female,26,Indore,2024-06-28
C03947,Customer 03947,Female,45,Indore,2025-08-20
C03948,Customer 03948,Female,24,Indore,2025-04-16
C03949,Customer 03949,Male,63,Indore,2024-04-20
C03950,Customer 03950,Female,45,Indore,2025-10-31
C03951,Customer 03951,Female,34,Indore,2024-02-14
C03952,Customer 03952,Female,57,Indore,2025-07-03
C03953,Customer 03953,Female,65,Indore,2025-06-15
C03954,Customer 03954,Female,61,Indore,2025-08-31
C03955,Customer 03955,Male,61,Indore,2025-03-06
C03956,Customer 03956,Male,22,Indore,2024-12-23
C03957,Customer 03957,Female,22,Indore,2024-02-28
C03958,Customer 03958,Male,31,Indore,2024-08-11
C03959,Customer 03959,Female,23,Indore,2024-07-07
C03960,Customer 03960,Male,24,Indore,2024-02-28
C03961,Customer 03961,Female,34,Indore,2024-01-08
C03962,Customer 03962,Female,26,Indore,2025-04-28
C03963,Customer 03963,Male,48,Indore,2025-02-09
C03964,Customer 03964,Male,39,Indore,2025-09-05
C03965,Customer 03965,Male,62,Indore,2025-04-16
C03966,Customer 03966,Female,26,Indore,2024-01-21
C03967,Customer 03967,Female,33,Indore,2025-01-18
C03968,Customer 03968,Male,53,Indore,2025-02-15
C03969,Customer 03969,Female,51,Dewas,2024-10-31
C03970,Customer 03970,Male,62,Dewas,2025-12-28
C03971,Customer 03971,Male,30,Indore,2024-11-05
C03972,Customer 03972,Female,36,Indore,2024-08-18
C03973,Customer 03973,Male,29,Indore,2024-08-23
C03974,Customer 03974,Male,53,Indore,2025-10-24
C03975,Customer 03975,Male,27,Ujjain,2025-08-02
C03976,Customer 03976,Male,33,Indore,2024-02-15
C03977,Customer 03977,Male,45,Indore,2024-08-09
C03978,Customer 03978,Male,36,Indore,2024-06-04
C03979,Customer 03979,Female,57,Indore,2024-04-04
C03980,Customer 03980,Male,23,Indore,2025-08-31
C03981,Customer 03981,Female,21,Indore,2024-03-23
C03982,Customer 03982,Male,47,Indore,2024-09-01
C03983,Customer 03983,Male,56,Bhopal,2025-07-28
C03984,Customer 03984,Female,48,Indore,2024-01-10
C03985,Customer 03985,Female,63,Dewas,2024-03-29
C03986,Customer 03986,Male,44,Indore,2025-11-07
C03987,Customer 03987,Female,62,Indore,2024-11-21
C03988,Customer 03988,Female,38,Indore,2024-10-12
C03989,Customer 03989,Female,54,Indore,2024-08-02
C03990,Customer 03990,Female,26,Indore,2024-03-12
C03991,Customer 03991,Male,52,Bhopal,2024-07-26
C03992,Customer 03992,Male,59,Dewas,2024-05-18
C03993,Customer 03993,Female,64,Indore,2025-01-13
C03994,Customer 03994,Male,38,Indore,2025-10-02
C03995,Customer 03995,Female,34,Indore,2025-02-05
C03996,Customer 03996,Male,41,Indore,2025-09-03
C03997,Customer 03997,Male,48,Dewas,2025-06-06
C03998,Customer 03998,Female,23,Indore,2024-12-05
C03999,Customer 03999,Male,52,Indore,2024-06-24
C04000,Customer 04000,Female,54,Indore,2024-12-22
C04001,Customer 04001,Female,30,Indore,2025-01-12
C04002,Customer 04002,Female,42,Indore,2024-11-11
C04003,Customer 04003,Female,49,Dewas,2025-10-23
C04004,Customer 04004,Female,18,Dewas,2024-03-15
C04005,Customer 04005,Female,52,Indore,2024-04-08
C04006,Customer 04006,Female,36,Indore,2024-09-21
C04007,Customer 04007,Male,29,Indore,2024-03-23
C04008,Customer 04008,Male,57,Dewas,2025-08-04
C04009,Customer 04009,Male,57,Indore,2024-08-15
C04010,Customer 04010,Male,64,Indore,2025-11-14
C04011,Customer 04011,Female,60,Indore,2024-05-10
C04012,Customer 04012,Female,37,Indore,2024-01-10
C04013,Customer 04013,Female,50,Indore,2025-07-21
C04014,Customer 04014,Male,46,Indore,2025-06-28
C04015,Customer 04015,Female,33,Indore,2024-08-31
C04016,Customer 04016,Male,31,Indore,2024-08-13
C04017,Customer 04017,Female,24,Indore,2024-08-15
C04018,Customer 04018,Female,23,Indore,2024-09-01
C04019,Customer 04019,Male,38,Indore,2025-03-19
C04020,Customer 04020,Male,53,Indore,2025-09-06
C04021,Customer 04021,Male,39,Indore,2025-12-09
C04022,Customer 04022,Female,57,Dewas,2025-04-05
C04023,Customer 04023,Female,36,Indore,2025-12-21
C04024,Customer 04024,Female,42,Ujjain,2025-01-16
C04025,Customer 04025,Male,20,Indore,2024-07-10
C04026,Customer 04026,Male,53,Indore,2025-09-30
C04027,Customer 04027,Female,62,Indore,2025-06-05
C04028,Customer 04028,Female,51,Indore,2025-07-31
C04029,Customer 04029,Male,28,Indore,2024-06-06
C04030,Customer 04030,Male,65,Indore,2024-09-12
C04031,Customer 04031,Female,59,Indore,2025-06-30
C04032,Customer 04032,Male,64,Dewas,2025-05-20
C04033,Customer 04033,Male,44,Indore,2024-06-15
C04034,Customer 04034,Male,59,Indore,2024-01-22
C04035,Customer 04035,Female,19,Indore,2024-03-07
C04036,Customer 04036,Female,23,Ujjain,2025-12-10
C04037,Customer 04037,Female,63,Indore,2025-09-03
C04038,Customer 04038,Female,19,Indore,2025-12-07
C04039,Customer 04039,Female,59,Indore,2025-09-03
C04040,Customer 04040,Male,34,Bhopal,2025-08-09
C04041,Customer 04041,Female,57,Indore,2024-01-17
C04042,Customer 04042,Male,65,Bhopal,2025-10-20
C04043,Customer 04043,Female,31,Indore,2024-09-11
C04044,Customer 04044,Male,27,Indore,2024-07-06
C04045,Customer 04045,Male,62,Indore,2024-11-23
C04046,Customer 04046,Male,50,Indore,2025-01-14
C04047,Customer 04047,Male,59,Indore,2024-12-11
C04048,Customer 04048,Male,29,Indore,2024-08-27
C04049,Customer 04049,Male,49,Indore,2025-04-17
C04050,Customer 04050,Other,41,Indore,2024-11-02
C04051,Customer 04051,Male,31,Indore,2024-06-24
C04052,Customer 04052,Female,22,Indore,2024-11-08
C04053,Customer 04053,Female,22,Indore,2025-06-27
C04054,Customer 04054,Other,64,Indore,2024-11-30
C04055,Customer 04055,Female,49,Indore,2025-01-13
C04056,Customer 04056,Female,62,Indore,2025-09-25
C04057,Customer 04057,Male,50,Dewas,2025-06-23
C04058,Customer 04058,Male,63,Indore,2025-12-01
C04059,Customer 04059,Male,21,Indore,2024-11-28
C04060,Customer 04060,Female,47,Indore,2024-05-19
C04061,Customer 04061,Female,58,Indore,2024-10-11
C04062,Customer 04062,Male,34,Indore,2024-12-08
C04063,Customer 04063,Male,20,Bhopal,2024-09-25
C04064,Customer 04064,Female,30,Indore,2024-07-04
C04065,Customer 04065,Male,61,Indore,2024-04-19
C04066,Customer 04066,Female,65,Indore,2024-02-04
C04067,Customer 04067,Female,53,Indore,2024-08-09
C04068,Customer 04068,Female,35,Indore,2025-09-13
C04069,Customer 04069,Female,40,Ujjain,2025-05-28
C04070,Customer 04070,Female,52,Dewas,2024-04-08
C04071,Customer 04071,Male,50,Indore,2025-09-22
C04072,Customer 04072,Female,53,Indore,2024-01-10
C04073,Customer 04073,Female,34,Indore,2025-08-07
C04074,Customer 04074,Male,56,Indore,2024-07-27
C04075,Customer 04075,Male,51,Dewas,2025-09-27
C04076,Customer 04076,Male,29,Indore,2024-02-07
C04077,Customer 04077,Male,22,Indore,2024-04-03
C04078,Customer 04078,Female,65,Indore,2024-08-20
C04079,Customer 04079,Female,57,Indore,2024-06-11
C04080,Customer 04080,Male,44,Indore,2025-10-13
C04081,Customer 04081,Male,57,Indore,2024-08-29
C04082,Customer 04082,Female,30,Indore,2025-11-12
C04083,Customer 04083,Male,43,Indore,2024-04-07
C04084,Customer 04084,Male,31,Indore,2025-01-17
C04085,Customer 04085,Female,49,Indore,2025-08-01
C04086,Customer 04086,Female,28,Indore,2024-10-15
C04087,Customer 04087,Male,55,Indore,2025-09-07
C04088,Customer 04088,Male,33,Dewas,2024-05-20
C04089,Customer 04089,Male,39,Indore,2024-07-21
C04090,Customer 04090,Female,64,Dewas,2025-05-02
C04091,Customer 04091,Female,33,Indore,2025-02-07
C04092,Customer 04092,Male,30,Indore,2025-02-20
C04093,Customer 04093,Female,29,Indore,2024-11-01
C04094,Customer 04094,Female,35,Indore,2024-05-16
C04095,Customer 04095,Male,46,Ujjain,2025-09-09
C04096,Customer 04096,Male,35,Indore,2024-05-09
C04097,Customer 04097,Female,63,Indore,2025-09-16
C04098,Customer 04098,Male,19,Indore,2024-04-25
C04099,Customer 04099,Male,19,Indore,2024-05-17
C04100,Customer 04100,Female,20,Dewas,2025-02-18
C04101,Customer 04101,Female,46,Ujjain,2024-06-09
C04102,Customer 04102,Female,25,Indore,2025-09-11
C04103,Customer 04103,Female,28,Indore,2024-09-04
C04104,Customer 04104,Female,29,Indore,2024-05-13
C04105,Customer 04105,Male,49,Indore,2025-06-09
C04106,Customer 04106,Female,21,Indore,2025-08-12
C04107,Customer 04107,Male,26,Indore,2024-09-27
C04108,Customer 04108,Male,41,Indore,2024-08-12
C04109,Customer 04109,Female,33,Indore,2024-04-30
C04110,Customer 04110,Female,34,Indore,2025-12-21
C04111,Customer 04111,Male,64,Indore,2025-04-07
C04112,Customer 04112,Female,39,Indore,2024-08-27
C04113,Customer 04113,Male,24,Indore,2024-01-21
C04114,Customer 04114,Male,27,Indore,2025-03-23
C04115,Customer 04115,Male,46,Indore,2024-11-24
C04116,Customer 04116,Female,53,Indore,2025-03-23
C04117,Customer 04117,Female,41,Indore,2025-08-27
C04118,Customer 04118,Male,63,Bhopal,2024-09-11
C04119,Customer 04119,Female,31,Indore,2024-06-10
C04120,Customer 04120,Male,31,Indore,2024-10-29
C04121,Customer 04121,Female,42,Dewas,2024-07-06
C04122,Customer 04122,Male,63,Indore,
C04123,Customer 04123,Male,39,Indore,2024-01-30
C04124,Customer 04124,Female,64,Indore,2025-03-11
C04125,Customer 04125,Male,40,Indore,2024-11-10
C04126,Customer 04126,Male,49,Indore,2025-01-22
C04127,Customer 04127,Female,43,Indore,2025-11-10
C04128,Customer 04128,Female,44,Indore,2025-04-24
C04129,Customer 04129,Male,62,Indore,2025-08-30
C04130,Customer 04130,Male,29,Indore,2024-05-14
C04131,Customer 04131,Male,36,Indore,2024-02-07
C04132,Customer 04132,Female,36,Indore,2024-10-14
C04133,Customer 04133,Male,51,Indore,2024-03-09
C04134,Customer 04134,Female,49,Indore,2024-03-07
C04135,Customer 04135,Other,46,Indore,2025-07-21
C04136,Customer 04136,Male,38,Indore,2024-07-10
C04137,Customer 04137,Male,52,Indore,2024-04-29
C04138,Customer 04138,Male,59,Indore,2025-02-04
C04139,Customer 04139,Male,22,Indore,2025-02-03
C04140,Customer 04140,Female,29,Dewas,2025-06-06
C04141,Customer 04141,Male,24,Ujjain,2025-10-19
C04142,Customer 04142,Male,58,Indore,2024-01-14
C04143,Customer 04143,Female,19,Indore,2025-06-29
C04144,Customer 04144,Male,42,Indore,2025-12-16
C04145,Customer 04145,Female,27,Indore,2025-08-20
C04146,Customer 04146,Male,55,Indore,2025-04-13
C04147,Customer 04147,Female,61,Indore,2024-06-02
C04148,Customer 04148,Female,23,Indore,2024-06-18
C04149,Customer 04149,Female,44,Ujjain,2025-11-09
C04150,Customer 04150,Female,52,Indore,2025-01-20
C04151,Customer 04151,Male,27,Indore,2025-11-27
C04152,Customer 04152,Male,26,Indore,2024-11-01
C04153,Customer 04153,Female,37,Indore,2025-09-16
C04154,Customer 04154,Female,54,Indore,2025-10-17
C04155,Customer 04155,Male,52,Bhopal,2024-11-13
C04156,Customer 04156,Male,54,Dewas,2024-12-19
C04157,Customer 04157,Male,57,Indore,2024-07-29
C04158,Customer 04158,Male,25,Indore,2025-12-03
C04159,Customer 04159,Male,63,Indore,2025-11-24
C04160,Customer 04160,Female,48,Bhopal,2025-03-30
C04161,Customer 04161,Male,60,Ujjain,2025-10-28
C04162,Customer 04162,Male,33,Indore,2024-07-10
C04163,Customer 04163,Female,45,Indore,2025-08-15
C04164,Customer 04164,Female,23,Indore,2024-11-30
C04165,Customer 04165,Female,49,Indore,2025-07-14
C04166,Customer 04166,Female,45,Dewas,2025-07-20
C04167,Customer 04167,Male,28,Indore,2024-03-07
C04168,Customer 04168,Female,59,Ujjain,2025-09-18
C04169,Customer 04169,Female,40,Indore,2024-04-21
C04170,Customer 04170,Male,47,Indore,2025-11-01
C04171,Customer 04171,Female,26,Indore,2024-04-16
C04172,Customer 04172,Female,45,Indore,2024-01-26
C04173,Customer 04173,Male,41,Indore,2025-09-13
C04174,Customer 04174,Male,45,Indore,2024-03-06
C04175,Customer 04175,Male,41,Indore,2025-02-17
C04176,Customer 04176,Male,32,Indore,2025-12-17
C04177,Customer 04177,Male,56,Indore,2025-09-04
C04178,Customer 04178,Female,50,Ujjain,2025-05-14
C04179,Customer 04179,Male,64,Indore,2025-12-18
C04180,Customer 04180,Female,51,Indore,2024-01-01
C04181,Customer 04181,Female,39,Indore,2025-08-04
C04182,Customer 04182,Female,46,Indore,2025-10-23
C04183,Customer 04183,Female,51,Indore,2025-04-03
C04184,Customer 04184,Male,59,Ujjain,2025-01-03
C04185,Customer 04185,Male,64,Indore,2025-12-27
C04186,Customer 04186,Female,27,Indore,2024-05-21
C04187,Customer 04187,Female,62,Indore,2024-01-14
C04188,Customer 04188,Female,47,Indore,2025-04-12
C04189,Customer 04189,Male,28,Indore,2025-12-11
C04190,Customer 04190,Female,51,Dewas,2025-06-14
C04191,Customer 04191,Male,38,Indore,2025-02-13
C04192,Customer 04192,Female,30,Indore,2024-05-29
C04193,Customer 04193,Female,42,Indore,2024-11-28
C04194,Customer 04194,Male,38,Indore,2024-03-14
C04195,Customer 04195,Female,18,Indore,2025-03-13
C04196,Customer 04196,Male,22,Indore,2025-01-17
C04197,Customer 04197,Male,39,Dewas,2024-12-16
C04198,Customer 04198,Female,24,Indore,2024-09-22
C04199,Customer 04199,Female,30,Indore,2025-10-18
C04200,Customer 04200,Female,62,Indore,2025-10-06
C04201,Customer 04201,Female,40,Indore,2025-02-08
C04202,Customer 04202,Male,38,Indore,2025-02-26
C04203,Customer 04203,Female,23,Dewas,2025-10-21
C04204,Customer 04204,Female,37,Indore,2024-03-19
C04205,Customer 04205,Male,29,Ujjain,2024-11-04
C04206,Customer 04206,Other,57,Indore,2025-12-27
C04207,Customer 04207,Male,26,Bhopal,2024-02-02
C04208,Customer 04208,Female,45,Indore,2025-03-03
C04209,Customer 04209,Male,28,Indore,2025-12-06
C04210,Customer 04210,Male,49,Indore,2025-11-20
C04211,Customer 04211,Male,28,Ujjain,2024-11-30
C04212,Customer 04212,Female,41,Indore,2025-03-30
C04213,Customer 04213,Male,32,Indore,2025-12-13
C04214,Customer 04214,Male,58,Indore,2025-02-15
C04215,Customer 04215,Female,52,Indore,2025-04-14
C04216,Customer 04216,Female,34,Indore,2025-05-29
C04217,Customer 04217,Male,42,Indore,2025-07-18
C04218,Customer 04218,Male,52,Indore,2024-04-30
C04219,Customer 04219,Male,36,Indore,2024-05-29
C04220,Customer 04220,Male,58,Indore,2024-06-01
C04221,Customer 04221,Female,48,Bhopal,2025-12-29
C04222,Customer 04222,Female,34,Indore,2025-10-08
C04223,Customer 04223,Female,40,Indore,2024-09-12
C04224,Customer 04224,Male,64,Bhopal,2025-07-27
C04225,Customer 04225,Female,18,Indore,2024-03-03
C04226,Customer 04226,Female,27,Indore,2024-10-19
C04227,Customer 04227,Female,25,Indore,2024-03-08
C04228,Customer 04228,Female,59,Indore,2024-08-12
C04229,Customer 04229,Female,43,Indore,2025-10-10
C04230,Customer 04230,Female,51,Indore,2025-03-29
C04231,Customer 04231,Male,36,Indore,2025-07-11
C04232,Customer 04232,Female,31,Indore,2025-08-29
C04233,Customer 04233,Female,25,Indore,2024-10-16
C04234,Customer 04234,Female,18,Indore,2024-09-03
C04235,Customer 04235,Male,65,Indore,2024-11-11
C04236,Customer 04236,Female,42,Ujjain,2024-10-18
C04237,Customer 04237,Female,41,Bhopal,2025-04-24
C04238,Customer 04238,Male,64,Dewas,2024-08-01
C04239,Customer 04239,Male,37,Bhopal,2025-07-13
C04240,Customer 04240,Female,47,Indore,2025-08-27
C04241,Customer 04241,Female,22,Dewas,2025-06-01
C04242,Customer 04242,Female,20,Indore,2024-07-11
C04243,Customer 04243,Male,49,Indore,2025-09-06
C04244,Customer 04244,Female,34,Indore,2025-03-09
C04245,Customer 04245,Male,59,Indore,2024-03-14
C04246,Customer 04246,Male,22,Indore,2024-03-14
C04247,Customer 04247,Male,28,Indore,2025-09-16
C04248,Customer 04248,Male,55,Dewas,2025-10-25
C04249,Customer 04249,Male,21,Indore,2024-09-19
C04250,Customer 04250,Male,56,Indore,2024-03-26
C04251,Customer 04251,Male,36,Indore,2024-02-27
C04252,Customer 04252,Male,56,Indore,2025-10-22
C04253,Customer 04253,Female,63,Indore,2025-12-26
C04254,Customer 04254,Male,40,Indore,2025-02-20
C04255,Customer 04255,Male,34,Dewas,2024-10-07
C04256,Customer 04256,Female,30,Indore,2025-08-29
C04257,Customer 04257,Male,44,Bhopal,2024-07-26
C04258,Customer 04258,Female,18,Indore,2024-05-22
C04259,Customer 04259,Male,19,Indore,2025-02-16
C04260,Customer 04260,Male,35,Indore,2025-08-17
C04261,Customer 04261,Female,53,Indore,2024-02-21
C04262,Customer 04262,Female,62,Indore,2024-01-17
C04263,Customer 04263,Female,50,Dewas,2025-12-30
C04264,Customer 04264,Female,53,Indore,2025-02-22
C04265,Customer 04265,Female,19,Indore,2025-02-27
C04266,Customer 04266,Male,21,Indore,2024-07-19
C04267,Customer 04267,Male,33,Indore,2025-02-21
C04268,Customer 04268,Male,21,Indore,2025-03-17
C04269,Customer 04269,Male,26,Dewas,2025-05-16
C04270,Customer 04270,Female,38,Indore,2024-03-22
C04271,Customer 04271,Female,40,Indore,2025-10-01
C04272,Customer 04272,Male,19,Indore,2024-03-20
C04273,Customer 04273,Female,20,Ujjain,2024-07-07
C04274,Customer 04274,Female,40,Indore,2025-04-24
C04275,Customer 04275,Male,43,Bhopal,2024-06-04
C04276,Customer 04276,Male,64,Indore,2024-06-08
C04277,Customer 04277,Male,24,Ujjain,2025-08-16
C04278,Customer 04278,Male,53,Dewas,2024-02-13
C04279,Customer 04279,Male,61,Ujjain,2024-06-10
C04280,Customer 04280,Female,50,Indore,2025-10-22
C04281,Customer 04281,Male,53,Indore,2025-09-27
C04282,Customer 04282,Male,21,Indore,2025-05-24
C04283,Customer 04283,Other,40,Indore,2025-05-27
C04284,Customer 04284,Female,42,Indore,2025-11-25
C04285,Customer 04285,Female,58,Indore,2024-07-26
C04286,Customer 04286,Male,43,Bhopal,2024-04-06
C04287,Customer 04287,Male,45,Indore,2024-01-21
C04288,Customer 04288,Female,45,Indore,2024-12-20
C04289,Customer 04289,Male,38,Indore,2025-05-19
C04290,Customer 04290,Male,27,Indore,2025-02-07
C04291,Customer 04291,Female,44,Indore,2024-08-10
C04292,Customer 04292,Female,32,Indore,2025-02-03
C04293,Customer 04293,Male,34,Indore,2025-04-06
C04294,Customer 04294,Male,56,Indore,2025-07-13
C04295,Customer 04295,Male,52,Indore,2024-02-01
C04296,Customer 04296,Male,22,Indore,2025-05-03
C04297,Customer 04297,Male,33,Indore,2024-10-14
C04298,Customer 04298,Male,40,Ujjain,2025-03-12
C04299,Customer 04299,Male,56,Indore,2025-01-14
C04300,Customer 04300,Female,65,Indore,2025-03-12
C04301,Customer 04301,Female,26,Indore,2024-05-09
C04302,Customer 04302,Female,50,Ujjain,2025-03-16
C04303,Customer 04303,Male,52,Bhopal,2025-05-07
C04304,Customer 04304,Male,57,Indore,2024-09-01
C04305,Customer 04305,Male,41,Indore,2024-02-21
C04306,Customer 04306,Male,41,Indore,2025-12-21
C04307,Customer 04307,Male,41,Indore,2024-08-17
C04308,Customer 04308,Female,36,Indore,2025-04-09
C04309,Customer 04309,Female,56,Indore,2024-07-04
C04310,Customer 04310,Female,42,Dewas,2024-06-10
C04311,Customer 04311,Male,48,Indore,2024-07-17
C04312,Customer 04312,Female,55,Indore,2025-02-04
C04313,Customer 04313,Male,42,Indore,2025-04-16
C04314,Customer 04314,Male,44,Dewas,2025-03-31
C04315,Customer 04315,Male,49,Indore,2025-06-28
C04316,Customer 04316,Female,28,Indore,2025-02-16
C04317,Customer 04317,Other,22,Indore,2025-06-14
C04318,Customer 04318,Male,61,Indore,2024-04-30
C04319,Customer 04319,Female,50,Indore,2024-03-09
C04320,Customer 04320,Female,36,Indore,2024-10-19
C04321,Customer 04321,Male,60,Indore,2025-12-27
C04322,Customer 04322,Male,64,Indore,2025-09-26
C04323,Customer 04323,Male,33,Indore,2025-02-13
C04324,Customer 04324,Female,52,Indore,2024-10-06
C04325,Customer 04325,Male,28,Indore,2025-07-19
C04326,Customer 04326,Female,28,Indore,2025-06-16
C04327,Customer 04327,Male,27,Indore,2025-08-31
C04328,Customer 04328,Female,51,Indore,2025-10-11
C04329,Customer 04329,Male,22,Indore,2025-07-07
C04330,Customer 04330,Female,40,Indore,2025-02-22
C04331,Customer 04331,Female,42,Indore,2024-01-28
C04332,Customer 04332,Female,46,Indore,2025-01-30
C04333,Customer 04333,Female,57,Indore,2025-07-23
C04334,Customer 04334,Male,30,Indore,2025-09-30
C04335,Customer 04335,Female,64,Indore,2025-03-03
C04336,Customer 04336,Male,49,Indore,2024-05-23
C04337,Customer 04337,Male,51,Indore,2024-04-02
C04338,Customer 04338,Female,29,Indore,2024-02-04
C04339,Customer 04339,Male,41,Ujjain,2025-08-26
C04340,Customer 04340,Female,57,Indore,2025-04-14
C04341,Customer 04341,Other,38,Indore,2025-06-09
C04342,Customer 04342,Male,46,Indore,2024-11-10
C04343,Customer 04343,Female,40,Indore,2025-04-28
C04344,Customer 04344,Male,50,Indore,2025-12-14
C04345,Customer 04345,Male,25,Indore,2025-01-10
C04346,Customer 04346,Male,59,Indore,2025-10-17
C04347,Customer 04347,Female,30,Indore,2025-05-02
C04348,Customer 04348,Female,22,Indore,2025-05-10
C04349,Customer 04349,Female,58,Indore,2025-01-10
C04350,Customer 04350,Other,27,Indore,2025-05-05
C04351,Customer 04351,Male,31,Indore,2024-10-25
C04352,Customer 04352,Male,41,Indore,2024-12-18
C04353,Customer 04353,Female,28,Indore,2024-12-19
C04354,Customer 04354,Male,63,Indore,2025-04-25
C04355,Customer 04355,Male,20,Indore,2025-02-07
C04356,Customer 04356,Male,46,Indore,2025-01-28
C04357,Customer 04357,Female,65,Indore,2025-02-06
C04358,Customer 04358,Female,47,Indore,2025-05-05
C04359,Customer 04359,Male,54,Indore,2025-06-07
C04360,Customer 04360,Male,24,Indore,2025-01-28
C04361,Customer 04361,Female,34,Indore,2025-08-05
C04362,Customer 04362,Female,37,Indore,2025-11-26
C04363,Customer 04363,Male,28,Indore,2024-04-13
C04364,Customer 04364,Female,61,Indore,2024-01-11
C04365,Customer 04365,Male,42,Dewas,2025-12-20
C04366,Customer 04366,Male,41,Indore,2024-08-12
C04367,Customer 04367,Female,19,Indore,2024-11-12
C04368,Customer 04368,Female,44,Indore,2025-02-25
C04369,Customer 04369,Male,36,Indore,2024-09-29
C04370,Customer 04370,Female,46,Indore,2024-02-23
C04371,Customer 04371,Female,54,Indore,2024-06-21
C04372,Customer 04372,Female,28,Indore,2024-09-03
C04373,Customer 04373,Female,36,Indore,2025-10-26
C04374,Customer 04374,Female,45,Dewas,2025-09-09
C04375,Customer 04375,Male,56,Indore,2024-06-07
C04376,Customer 04376,Male,38,Indore,2024-04-15
C04377,Customer 04377,Male,43,Indore,2025-12-05
C04378,Customer 04378,Male,39,Indore,2024-10-21
C04379,Customer 04379,Female,23,Ujjain,2024-10-02
C04380,Customer 04380,Female,28,Bhopal,2025-08-07
C04381,Customer 04381,Male,31,Indore,2024-02-12
C04382,Customer 04382,Male,53,Indore,2024-07-12
C04383,Customer 04383,Male,57,Indore,2025-10-02
C04384,Customer 04384,Male,58,Bhopal,2024-11-06
C04385,Customer 04385,Female,19,Indore,2025-09-11
C04386,Customer 04386,Male,60,Indore,2024-04-12
C04387,Customer 04387,Female,37,Indore,2025-10-06
C04388,Customer 04388,Female,39,Indore,2024-09-06
C04389,Customer 04389,Male,56,Indore,2025-01-30
C04390,Customer 04390,Male,21,Indore,2025-09-06
C04391,Customer 04391,Male,46,Indore,2024-10-22
C04392,Customer 04392,Female,63,Indore,2024-08-25
C04393,Customer 04393,Female,41,Indore,2025-09-11
C04394,Customer 04394,Male,18,Indore,2025-10-10
C04395,Customer 04395,Female,41,Dewas,2024-10-15
C04396,Customer 04396,Female,47,Indore,2025-06-20
C04397,Customer 04397,Male,29,Indore,2025-09-21
C04398,Customer 04398,Male,36,Indore,2024-09-12
C04399,Customer 04399,Female,54,Indore,2025-06-04
C04400,Customer 04400,Female,57,Indore,2024-04-28
C04401,Customer 04401,Female,60,Indore,2024-04-28
C04402,Customer 04402,Female,21,Indore,2024-03-31
C04403,Customer 04403,Female,32,Indore,2024-06-20
C04404,Customer 04404,Male,37,Indore,2025-12-23
C04405,Customer 04405,Female,61,Indore,2024-04-25
C04406,Customer 04406,Female,37,Indore,2025-06-17
C04407,Customer 04407,Female,38,Indore,2024-12-14
C04408,Customer 04408,Male,27,Indore,2025-07-20
C04409,Customer 04409,Male,47,Indore,2025-04-20
C04410,Customer 04410,Male,41,Dewas,2025-03-20
C04411,Customer 04411,Male,65,Indore,2024-04-17
C04412,Customer 04412,Male,57,Indore,2025-08-11
C04413,Customer 04413,Female,57,Bhopal,2025-07-26
C04414,Customer 04414,Female,55,Indore,2024-05-01
C04415,Customer 04415,Male,20,Indore,2025-08-26
C04416,Customer 04416,Female,46,Indore,2024-08-09
C04417,Customer 04417,Male,25,Indore,2025-04-03
C04418,Customer 04418,Male,46,Indore,2025-10-03
C04419,Customer 04419,Male,27,Dewas,2025-05-12
C04420,Customer 04420,Female,22,Indore,2025-01-04
C04421,Customer 04421,Male,28,Indore,2024-04-30
C04422,Customer 04422,Male,21,Indore,2024-07-19
C04423,Customer 04423,Male,52,Indore,2024-06-09
C04424,Customer 04424,Female,57,Ujjain,2024-08-05
C04425,Customer 04425,Male,29,Indore,2025-07-28
C04426,Customer 04426,Female,38,Indore,2025-02-03
C04427,Customer 04427,Female,33,Indore,2025-12-29
C04428,Customer 04428,Female,31,Indore,2025-01-19
C04429,Customer 04429,Female,38,Indore,2024-03-04
C04430,Customer 04430,Male,65,Indore,2024-07-30
C04431,Customer 04431,Male,44,Indore,2025-09-23
C04432,Customer 04432,Female,53,Bhopal,2024-03-09
C04433,Customer 04433,Male,18,Indore,2024-05-03
C04434,Customer 04434,Female,18,Dewas,2025-01-11
C04435,Customer 04435,Female,39,Indore,2025-10-18
C04436,Customer 04436,Female,32,Indore,2024-10-22
C04437,Customer 04437,Female,37,Ujjain,2024-12-23
C04438,Customer 04438,Other,20,Indore,2025-10-02
C04439,Customer 04439,Female,31,Dewas,2025-06-08
C04440,Customer 04440,Male,26,Indore,2024-03-08
C04441,Customer 04441,Female,36,Indore,2024-09-26
C04442,Customer 04442,Male,57,Indore,2024-05-12
C04443,Customer 04443,Male,51,Dewas,2024-03-02
C04444,Customer 04444,Female,21,Ujjain,2024-06-09
C04445,Customer 04445,Male,50,Indore,2024-01-26
C04446,Customer 04446,Male,60,Indore,2025-12-01
C04447,Customer 04447,Male,54,Indore,2024-10-12
C04448,Customer 04448,Female,19,Indore,2025-03-21
C04449,Customer 04449,Female,44,Indore,2024-09-05
C04450,Customer 04450,Female,62,Indore,2024-03-31
C04451,Customer 04451,Male,34,Indore,2024-02-05
C04452,Customer 04452,Female,48,Indore,2024-01-07
C04453,Customer 04453,Female,58,Indore,2025-05-20
C04454,Customer 04454,Male,23,Indore,2024-11-16
C04455,Customer 04455,Male,48,Indore,2024-07-20
C04456,Customer 04456,Male,20,Indore,2025-07-06
C04457,Customer 04457,Female,57,Indore,2025-06-27
C04458,Customer 04458,Female,20,Indore,2025-10-15
C04459,Customer 04459,Female,50,Indore,2024-09-12
C04460,Customer 04460,Male,30,Indore,2024-06-09
C04461,Customer 04461,Female,38,Bhopal,2024-01-30
C04462,Customer 04462,Female,54,Indore,2025-04-01
C04463,Customer 04463,Female,33,Indore,2024-09-18
C04464,Customer 04464,Female,38,Indore,2024-01-10
C04465,Customer 04465,Male,65,Indore,2025-12-15
C04466,Customer 04466,Male,61,Indore,2024-12-24
C04467,Customer 04467,Female,30,Ujjain,2024-10-02
C04468,Customer 04468,Female,21,Indore,2024-05-03
C04469,Customer 04469,Female,48,Indore,2025-09-21
C04470,Customer 04470,Male,26,Bhopal,2024-09-24
C04471,Customer 04471,Female,65,Indore,2024-10-04
C04472,Customer 04472,Male,50,Bhopal,2024-03-16
C04473,Customer 04473,Male,54,Ujjain,2025-06-09
C04474,Customer 04474,Female,54,Bhopal,2025-09-09
C04475,Customer 04475,Female,41,Indore,2024-06-24
C04476,Customer 04476,Male,42,Indore,2025-11-24
C04477,Customer 04477,Male,58,Indore,2024-02-05
C04478,Customer 04478,Male,46,Indore,2025-07-20
C04479,Customer 04479,Male,57,Bhopal,2024-09-26
C04480,Customer 04480,Female,64,Indore,2024-01-02
C04481,Customer 04481,Female,53,Indore,2024-09-12
C04482,Customer 04482,Male,32,Indore,2025-05-28
C04483,Customer 04483,Female,62,Indore,2025-07-26
C04484,Customer 04484,Female,35,Indore,2024-12-28
C04485,Customer 04485,Female,37,Ujjain,2024-04-16
C04486,Customer 04486,Male,22,Indore,2024-05-13
C04487,Customer 04487,Female,35,Indore,2025-02-12
C04488,Customer 04488,Male,57,Indore,2025-03-26
C04489,Customer 04489,Male,18,Indore,2025-06-18
C04490,Customer 04490,Male,36,Indore,2025-08-07
C04491,Customer 04491,Male,40,Indore,2024-12-16
C04492,Customer 04492,Male,43,Indore,2024-01-28
C04493,Customer 04493,Male,46,Indore,2025-06-20
C04494,Customer 04494,Male,51,Indore,2024-03-05
C04495,Customer 04495,Female,36,Indore,2024-07-12
C04496,Customer 04496,Female,65,Indore,2024-07-25
C04497,Customer 04497,Male,35,Indore,2024-10-25
C04498,Customer 04498,Female,19,Indore,2024-02-09
C04499,Customer 04499,Female,44,Indore,2025-04-08
C04500,Customer 04500,Female,23,Indore,2024-01-23
C04501,Customer 04501,Male,56,Indore,2025-11-19
C04502,Customer 04502,Female,23,Indore,2024-05-07
C04503,Customer 04503,Female,23,Indore,2024-09-19
C04504,Customer 04504,Female,48,Indore,2024-02-04
C04505,Customer 04505,Male,58,Dewas,2025-05-01
C04506,Customer 04506,Female,57,Indore,2024-04-10
C04507,Customer 04507,Female,47,Ujjain,2025-09-02
C04508,Customer 04508,Female,38,Indore,2024-03-22
C04509,Customer 04509,Male,58,Indore,2024-11-12
C04510,Customer 04510,Male,61,Indore,2024-11-25
C04511,Customer 04511,Female,35,Indore,2024-07-14
C04512,Customer 04512,Female,40,Indore,2025-02-17
C04513,Customer 04513,Male,55,Indore,2025-05-23
C04514,Customer 04514,Female,40,Indore,2025-04-25
C04515,Customer 04515,Male,45,Indore,2024-03-08
C04516,Customer 04516,Female,53,Indore,2025-01-27
C04517,Customer 04517,Female,42,Indore,2024-09-29
C04518,Customer 04518,Female,24,Dewas,2024-10-25
C04519,Customer 04519,Female,35,Ujjain,2024-05-20
C04520,Customer 04520,Male,37,Indore,2024-07-03
C04521,Customer 04521,Female,22,Indore,2025-10-27
C04522,Customer 04522,Male,35,Bhopal,2024-07-07
C04523,Customer 04523,Female,59,Indore,2025-07-27
C04524,Customer 04524,Female,57,Ujjain,2024-01-19
C04525,Customer 04525,Female,50,Indore,2024-03-21
C04526,Customer 04526,Male,32,Indore,2025-05-12
C04527,Customer 04527,Female,52,Indore,2025-06-25
C04528,Customer 04528,Male,64,Indore,2025-09-30
C04529,Customer 04529,Male,63,Dewas,2024-08-05
C04530,Customer 04530,Female,18,Indore,2025-06-08
C04531,Customer 04531,Male,38,Indore,2025-11-19
C04532,Customer 04532,Female,25,Dewas,2024-12-03
C04533,Customer 04533,Male,24,Ujjain,2024-04-30
C04534,Customer 04534,Male,58,Indore,2025-04-13
C04535,Customer 04535,Female,61,Dewas,2025-01-06
C04536,Customer 04536,Female,57,Indore,2025-04-26
C04537,Customer 04537,Male,57,Indore,2024-06-27
C04538,Customer 04538,Female,47,Indore,2024-04-20
C04539,Customer 04539,Female,55,Indore,2024-01-09
C04540,Customer 04540,Female,52,Indore,2024-08-09
C04541,Customer 04541,Male,19,Indore,2025-09-13
C04542,Customer 04542,Female,63,Indore,2025-10-09
C04543,Customer 04543,Female,25,Indore,2024-04-17
C04544,Customer 04544,Female,55,Indore,2024-12-02
C04545,Customer 04545,Male,21,Bhopal,2024-07-22
C04546,Customer 04546,Female,54,Indore,2025-06-10
C04547,Customer 04547,Female,38,Indore,2025-03-28
C04548,Customer 04548,Female,30,Indore,2025-11-04
C04549,Customer 04549,Male,26,Indore,2024-07-13
C04550,Customer 04550,Female,62,Indore,2024-09-17
C04551,Customer 04551,Female,46,Ujjain,2024-01-09
C04552,Customer 04552,Male,58,Indore,2024-08-03
C04553,Customer 04553,Male,41,Ujjain,2024-04-22
C04554,Customer 04554,Female,33,Indore,2025-09-20
C04555,Customer 04555,Male,29,Indore,2024-12-05
C04556,Customer 04556,Female,19,Indore,2024-02-16
C04557,Customer 04557,Female,36,Indore,2025-05-03
C04558,Customer 04558,Female,47,Indore,2024-11-17
C04559,Customer 04559,Male,33,Indore,2024-04-07
C04560,Customer 04560,Male,41,Indore,2025-03-20
C04561,Customer 04561,Female,30,Bhopal,2024-04-02
C04562,Customer 04562,Male,22,Indore,2024-09-08
C04563,Customer 04563,Female,40,Indore,2024-06-11
C04564,Customer 04564,Male,55,Indore,2024-06-06
C04565,Customer 04565,Male,48,Indore,2025-08-01
C04566,Customer 04566,Male,34,Indore,2024-05-17
C04567,Customer 04567,Female,20,Ujjain,2025-01-18
C04568,Customer 04568,Female,43,Indore,2024-11-07
C04569,Customer 04569,Male,30,Indore,2024-10-16
C04570,Customer 04570,Male,61,Indore,2024-03-05
C04571,Customer 04571,Male,55,Indore,2024-07-16
C04572,Customer 04572,Female,39,Indore,2025-11-13
C04573,Customer 04573,Male,38,Bhopal,2025-06-11
C04574,Customer 04574,Female,46,Indore,2025-12-03
C04575,Customer 04575,Female,62,Indore,2025-06-20
C04576,Customer 04576,Female,63,Indore,2024-09-06
C04577,Customer 04577,Male,56,Indore,2025-06-22
C04578,Customer 04578,Other,22,Indore,2025-11-12
C04579,Customer 04579,Male,31,Indore,2024-04-26
C04580,Customer 04580,Male,35,Indore,2025-07-20
C04581,Customer 04581,Female,21,Indore,2025-04-30
C04582,Customer 04582,Female,50,Indore,2024-12-28
C04583,Customer 04583,Male,56,Indore,2024-01-26
C04584,Customer 04584,Male,37,Indore,2025-09-11
C04585,Customer 04585,Female,30,Indore,2025-08-24
C04586,Customer 04586,Male,53,Indore,2025-05-07
C04587,Customer 04587,Female,62,Indore,2024-12-22
C04588,Customer 04588,Female,21,Indore,2025-02-15
C04589,Customer 04589,Male,52,Indore,2025-04-20
C04590,Customer 04590,Male,25,Indore,2025-02-17
C04591,Customer 04591,Male,57,Indore,2024-05-01
C04592,Customer 04592,Female,64,Indore,2025-04-05
C04593,Customer 04593,Female,53,Indore,2025-03-04
C04594,Customer 04594,Male,23,Indore,2024-08-30
C04595,Customer 04595,Female,39,Indore,2025-02-06
C04596,Customer 04596,Other,23,Indore,2024-09-08
C04597,Customer 04597,Male,59,Indore,2024-03-15
C04598,Customer 04598,Female,53,Indore,2024-04-21
C04599,Customer 04599,Male,26,Indore,2025-10-24
C04600,Customer 04600,Male,33,Indore,2025-09-01
C04601,Customer 04601,Male,56,Indore,2024-12-25
C04602,Customer 04602,Male,63,Bhopal,2024-06-16
C04603,Customer 04603,Male,55,Indore,2024-09-06
C04604,Customer 04604,Male,50,Indore,2024-07-31
C04605,Customer 04605,Female,35,Ujjain,2025-03-18
C04606,Customer 04606,Female,29,Indore,2024-02-15
C04607,Customer 04607,Female,44,Indore,2024-01-18
C04608,Customer 04608,Male,64,Indore,2024-12-15
C04609,Customer 04609,Male,18,Ujjain,2024-08-07
C04610,Customer 04610,Male,32,Indore,2025-11-18
C04611,Customer 04611,Female,64,Indore,2025-02-01
C04612,Customer 04612,Female,44,Indore,2025-10-22
C04613,Customer 04613,Male,33,Indore,2024-04-07
C04614,Customer 04614,Male,38,Indore,2024-01-05
C04615,Customer 04615,Female,18,Indore,2024-06-07
C04616,Customer 04616,Male,46,Indore,2024-03-27
C04617,Customer 04617,Male,20,Indore,2024-04-29
C04618,Customer 04618,Female,29,Dewas,2025-03-18
C04619,Customer 04619,Female,45,Indore,2024-06-20
C04620,Customer 04620,Male,56,Indore,2025-07-29
C04621,Customer 04621,Male,54,Indore,2025-08-28
C04622,Customer 04622,Other,48,Indore,2025-11-12
C04623,Customer 04623,Male,48,Indore,2024-08-22
C04624,Customer 04624,Male,50,Indore,2025-04-22
C04625,Customer 04625,Male,50,Indore,2024-04-30
C04626,Customer 04626,Male,64,Indore,2025-05-11
C04627,Customer 04627,Male,57,Indore,2025-09-03
C04628,Customer 04628,Female,28,Indore,2025-02-25
C04629,Customer 04629,Male,63,Indore,2024-05-14
C04630,Customer 04630,Male,46,Indore,2024-11-10
C04631,Customer 04631,Female,42,Indore,2024-03-09
C04632,Customer 04632,Female,30,Indore,2024-07-16
C04633,Customer 04633,Female,61,Bhopal,2025-12-18
C04634,Customer 04634,Female,36,Indore,2024-01-11
C04635,Customer 04635,Male,53,Indore,2024-05-09
C04636,Customer 04636,Female,45,Indore,2024-04-19
C04637,Customer 04637,Male,21,Indore,2024-01-27
C04638,Customer 04638,Other,20,Indore,2025-02-03
C04639,Customer 04639,Male,55,Indore,2024-11-15
C04640,Customer 04640,Other,54,Indore,2024-07-12
C04641,Customer 04641,Female,60,Ujjain,2024-12-11
C04642,Customer 04642,Male,42,Ujjain,2024-01-16
C04643,Customer 04643,Female,58,Indore,2024-03-13
C04644,Customer 04644,Other,52,Indore,2025-09-19
C04645,Customer 04645,Female,46,Indore,2024-07-19
C04646,Customer 04646,Male,58,Indore,2025-10-06
C04647,Customer 04647,Female,46,Indore,2024-06-12
C04648,Customer 04648,Male,29,Indore,2024-01-07
C04649,Customer 04649,Male,52,Dewas,2024-03-01
C04650,Customer 04650,Male,37,Indore,2024-12-17
C04651,Customer 04651,Male,34,Indore,2025-04-29
C04652,Customer 04652,Female,29,Indore,2025-09-23
C04653,Customer 04653,Male,53,Indore,2025-03-26
C04654,Customer 04654,Female,27,Indore,2025-02-17
C04655,Customer 04655,Male,35,Indore,2024-01-31
C04656,Customer 04656,Male,47,Indore,2025-07-13
C04657,Customer 04657,Male,25,Indore,2024-03-31
C04658,Customer 04658,Male,58,Indore,2025-06-01
C04659,Customer 04659,Male,30,Indore,2025-03-21
C04660,Customer 04660,Male,48,Dewas,2024-10-11
C04661,Customer 04661,Female,23,Indore,2025-01-27
C04662,Customer 04662,Male,24,Bhopal,2025-08-18
C04663,Customer 04663,Male,38,Indore,2024-05-18
C04664,Customer 04664,Male,55,Indore,2024-11-25
C04665,Customer 04665,Female,60,Indore,2024-05-12
C04666,Customer 04666,Female,45,Indore,2025-09-06
C04667,Customer 04667,Male,61,Indore,2024-11-21
C04668,Customer 04668,Male,38,Indore,2025-08-29
C04669,Customer 04669,Male,38,Indore,2025-06-13
C04670,Customer 04670,Female,41,Indore,2024-01-21
C04671,Customer 04671,Male,44,Indore,2025-04-23
C04672,Customer 04672,Male,44,Indore,2025-04-02
C04673,Customer 04673,Male,30,Indore,2025-06-01
C04674,Customer 04674,Male,46,Indore,2025-06-19
C04675,Customer 04675,Male,56,Indore,2024-08-12
C04676,Customer 04676,Female,45,Indore,2025-07-25
C04677,Customer 04677,Male,54,Indore,2024-11-25
C04678,Customer 04678,Female,46,Indore,2025-07-11
C04679,Customer 04679,Male,65,Indore,2025-01-02
C04680,Customer 04680,Male,39,Indore,2024-05-21
C04681,Customer 04681,Female,53,Indore,2025-08-12
C04682,Customer 04682,Male,47,Indore,2024-07-17
C04683,Customer 04683,Female,45,Dewas,2025-09-18
C04684,Customer 04684,Female,40,Indore,2024-02-05
C04685,Customer 04685,Male,50,Indore,2025-04-10
C04686,Customer 04686,Female,21,Indore,2025-07-25
C04687,Customer 04687,Male,20,Indore,2025-03-13
C04688,Customer 04688,Female,49,Indore,2025-08-13
C04689,Customer 04689,Male,21,Indore,2024-07-09
C04690,Customer 04690,Female,18,Indore,2024-04-06
C04691,Customer 04691,Male,29,Bhopal,2025-05-18
C04692,Customer 04692,Female,30,Indore,2025-01-01
C04693,Customer 04693,Female,51,Indore,2024-05-29
C04694,Customer 04694,Female,46,Indore,2024-02-12
C04695,Customer 04695,Female,26,Indore,2024-10-23
C04696,Customer 04696,Female,48,Bhopal,2024-11-14
C04697,Customer 04697,Female,24,Dewas,2024-08-05
C04698,Customer 04698,Male,30,Ujjain,2025-12-19
C04699,Customer 04699,Male,19,Indore,2025-05-02
C04700,Customer 04700,Male,50,Indore,2024-05-25
C04701,Customer 04701,Male,24,Dewas,2024-11-23
C04702,Customer 04702,Male,35,Ujjain,2024-09-15
C04703,Customer 04703,Female,25,Bhopal,2025-07-19
C04704,Customer 04704,Male,29,Dewas,2024-04-28
C04705,Customer 04705,Female,60,Indore,2024-05-21
C04706,Customer 04706,Male,47,Indore,2024-10-16
C04707,Customer 04707,Male,26,Indore,2025-09-30
C04708,Customer 04708,Female,45,Indore,2024-08-12
C04709,Customer 04709,Female,21,Indore,2024-08-16
C04710,Customer 04710,Female,56,Indore,2024-09-13
C04711,Customer 04711,Female,34,Indore,2024-09-01
C04712,Customer 04712,Male,28,Indore,2024-06-24
C04713,Customer 04713,Female,19,Bhopal,2024-12-20
C04714,Customer 04714,Male,40,Indore,2025-06-05
C04715,Customer 04715,Male,39,Indore,2025-08-17
C04716,Customer 04716,Male,43,Indore,2024-05-18
C04717,Customer 04717,Male,29,Dewas,2024-04-28
C04718,Customer 04718,Male,49,Indore,2025-09-30
C04719,Customer 04719,Female,26,Indore,2025-09-02
C04720,Customer 04720,Female,60,Indore,2025-07-31
C04721,Customer 04721,Male,22,Indore,2024-09-15
C04722,Customer 04722,Male,43,Indore,2025-10-16
C04723,Customer 04723,Male,24,Indore,2025-07-24
C04724,Customer 04724,Male,46,Dewas,2024-07-10
C04725,Customer 04725,Female,50,Indore,2024-05-09
C04726,Customer 04726,Male,41,Indore,2024-06-06
C04727,Customer 04727,Female,42,Indore,2025-11-08
C04728,Customer 04728,Male,48,Indore,2024-09-17
C04729,Customer 04729,Other,46,Indore,2025-01-24
C04730,Customer 04730,Male,22,Indore,2025-10-06
C04731,Customer 04731,Female,55,Ujjain,2025-06-07
C04732,Customer 04732,Male,62,Indore,2024-05-11
C04733,Customer 04733,Female,28,Bhopal,2025-02-11
C04734,Customer 04734,Male,49,Ujjain,2024-06-01
C04735,Customer 04735,Male,25,Indore,2024-10-08
C04736,Customer 04736,Female,37,Indore,2025-07-20
C04737,Customer 04737,Female,51,Indore,2025-09-29
C04738,Customer 04738,Female,64,Indore,2024-02-15
C04739,Customer 04739,Female,59,Indore,2025-11-16
C04740,Customer 04740,Female,25,Indore,2024-10-25
C04741,Customer 04741,Male,19,Ujjain,2024-01-21
C04742,Customer 04742,Male,38,Indore,2024-06-13
C04743,Customer 04743,Male,32,Indore,2024-09-24
C04744,Customer 04744,Female,23,Indore,2024-04-10
C04745,Customer 04745,Male,22,Ujjain,2025-10-22
C04746,Customer 04746,Male,20,Indore,2025-10-14
C04747,Customer 04747,Female,60,Indore,2025-01-07
C04748,Customer 04748,Female,60,Indore,2024-02-02
C04749,Customer 04749,Male,33,Indore,2024-08-23
C04750,Customer 04750,Male,52,Bhopal,2024-07-16
C04751,Customer 04751,Male,26,Indore,2025-05-21
C04752,Customer 04752,Male,52,Indore,2024-11-27
C04753,Customer 04753,Male,36,Indore,
C04754,Customer 04754,Female,60,Ujjain,2025-04-30
C04755,Customer 04755,Female,63,Indore,2024-04-29
C04756,Customer 04756,Female,51,Indore,2024-06-06
C04757,Customer 04757,Male,56,Indore,2024-02-06
C04758,Customer 04758,Female,27,Indore,2024-05-23
C04759,Customer 04759,Male,27,Indore,
C04760,Customer 04760,Male,37,Indore,2025-12-11
C04761,Customer 04761,Female,18,Indore,2025-10-02
C04762,Customer 04762,Male,23,Indore,2025-11-23
C04763,Customer 04763,Male,63,Indore,2024-01-28
C04764,Customer 04764,Female,19,Indore,2025-08-01
C04765,Customer 04765,Male,55,Indore,2024-08-31
C04766,Customer 04766,Female,50,Indore,2025-11-09
C04767,Customer 04767,Male,20,Indore,2024-09-22
C04768,Customer 04768,Female,53,Indore,2024-02-20
C04769,Customer 04769,Male,30,Dewas,2024-04-18
C04770,Customer 04770,Male,52,Indore,2025-02-01
C04771,Customer 04771,Female,32,Indore,2024-11-30
C04772,Customer 04772,Male,62,Indore,2024-05-13
C04773,Customer 04773,Male,39,Indore,2025-11-09
C04774,Customer 04774,Male,60,Indore,2024-03-20
C04775,Customer 04775,Male,21,Bhopal,2024-12-03
C04776,Customer 04776,Male,34,Ujjain,2025-09-02
C04777,Customer 04777,Male,22,Dewas,2025-03-07
C04778,Customer 04778,Female,38,Indore,2025-10-26
C04779,Customer 04779,Male,41,Bhopal,2025-04-25
C04780,Customer 04780,Male,48,Indore,2024-10-15
C04781,Customer 04781,Male,57,Dewas,2025-08-17
C04782,Customer 04782,Male,47,Indore,2024-04-11
C04783,Customer 04783,Female,59,Indore,2024-11-26
C04784,Customer 04784,Male,24,Ujjain,2025-01-10
C04785,Customer 04785,Female,24,Indore,2024-08-18
C04786,Customer 04786,Male,44,Bhopal,2025-03-26
C04787,Customer 04787,Female,41,Indore,2024-11-16
C04788,Customer 04788,Female,36,Bhopal,2025-02-27
C04789,Customer 04789,Female,58,Indore,2024-01-25
C04790,Customer 04790,Female,51,Indore,2025-07-22
C04791,Customer 04791,Female,39,Indore,2025-02-19
C04792,Customer 04792,Male,44,Indore,2024-10-28
C04793,Customer 04793,Male,23,Indore,2024-04-09
C04794,Customer 04794,Female,27,Indore,2025-01-22
C04795,Customer 04795,Male,62,Indore,2024-04-28
C04796,Customer 04796,Male,48,Indore,2025-10-24
C04797,Customer 04797,Female,42,Indore,2025-08-14
C04798,Customer 04798,Male,19,Indore,2024-11-26
C04799,Customer 04799,Female,27,Indore,2025-10-23
C04800,Customer 04800,Female,27,Indore,2024-12-24
C04801,Customer 04801,Female,43,Bhopal,2024-05-05
C04802,Customer 04802,Female,22,Indore,2024-10-15
C04803,Customer 04803,Male,39,Indore,2025-07-06
C04804,Customer 04804,Male,21,Indore,2025-12-02
C04805,Customer 04805,Male,51,Indore,2025-03-15
C04806,Customer 04806,Male,24,Indore,2025-07-28
C04807,Customer 04807,Female,34,Indore,2025-12-17
C04808,Customer 04808,Female,28,Indore,2024-12-06
C04809,Customer 04809,Male,25,Dewas,2024-07-22
C04810,Customer 04810,Male,45,Indore,2024-06-27
C04811,Customer 04811,Female,61,Ujjain,2024-12-11
C04812,Customer 04812,Male,50,Indore,2024-04-14
C04813,Customer 04813,Male,42,Indore,2024-11-08
C04814,Customer 04814,Male,38,Indore,2024-03-26
C04815,Customer 04815,Female,29,Indore,2025-03-16
C04816,Customer 04816,Female,43,Indore,2025-04-24
C04817,Customer 04817,Female,46,Indore,2024-11-23
C04818,Customer 04818,Female,55,Indore,2024-09-07
C04819,Customer 04819,Male,52,Indore,2025-04-26
C04820,Customer 04820,Male,54,Indore,2024-01-04
C04821,Customer 04821,Female,63,Indore,2024-07-02
C04822,Customer 04822,Male,61,Indore,2025-11-23
C04823,Customer 04823,Female,62,Indore,2024-10-26
C04824,Customer 04824,Female,62,Indore,2025-06-11
C04825,Customer 04825,Female,46,Indore,2025-08-28
C04826,Customer 04826,Female,41,Indore,2024-06-04
C04827,Customer 04827,Female,32,Indore,2025-03-09
C04828,Customer 04828,Female,23,Indore,2024-12-22
C04829,Customer 04829,Male,49,Indore,2025-06-11
C04830,Customer 04830,Male,61,Indore,2024-02-10
C04831,Customer 04831,Male,51,Indore,2025-10-10
C04832,Customer 04832,Female,53,Indore,2024-09-14
C04833,Customer 04833,Male,37,Indore,2024-12-31
C04834,Customer 04834,Female,29,Indore,2025-07-08
C04835,Customer 04835,Male,52,Indore,2024-03-06
C04836,Customer 04836,Female,55,Indore,2024-07-26
C04837,Customer 04837,Male,34,Indore,2024-09-01
C04838,Customer 04838,Female,44,Indore,2024-08-30
C04839,Customer 04839,Female,34,Indore,2025-08-11
C04840,Customer 04840,Male,28,Indore,2025-01-15
C04841,Customer 04841,Male,56,Indore,2024-08-10
C04842,Customer 04842,Female,19,Indore,2024-01-21
C04843,Customer 04843,Male,19,Indore,2024-05-26
C04844,Customer 04844,Male,46,Indore,2025-01-02
C04845,Customer 04845,Female,62,Indore,2024-11-08
C04846,Customer 04846,Female,41,Ujjain,2025-08-11
C04847,Customer 04847,Female,41,Indore,2024-11-11
C04848,Customer 04848,Male,33,Indore,2025-02-06
C04849,Customer 04849,Male,48,Bhopal,2025-03-23
C04850,Customer 04850,Female,60,Indore,2025-06-30
C04851,Customer 04851,Female,26,Indore,2024-05-05
C04852,Customer 04852,Female,44,Indore,2025-05-10
C04853,Customer 04853,Male,58,Indore,2025-08-21
C04854,Customer 04854,Male,31,Indore,2025-11-30
C04855,Customer 04855,Male,62,Indore,2024-02-14
C04856,Customer 04856,Male,42,Indore,2024-11-26
C04857,Customer 04857,Male,60,Indore,2024-03-12
C04858,Customer 04858,Male,61,Indore,2025-12-28
C04859,Customer 04859,Female,39,Dewas,2024-04-07
C04860,Customer 04860,Male,52,Ujjain,2024-09-27
C04861,Customer 04861,Female,50,Indore,2025-02-10
C04862,Customer 04862,Female,44,Indore,2025-03-19
C04863,Customer 04863,Female,57,Indore,2024-03-31
C04864,Customer 04864,Male,43,Indore,2025-10-15
C04865,Customer 04865,Female,36,Bhopal,2024-04-26
C04866,Customer 04866,Female,62,Dewas,2025-05-28
C04867,Customer 04867,Female,56,Indore,2024-02-12
C04868,Customer 04868,Female,62,Indore,2024-03-11
C04869,Customer 04869,Female,43,Indore,2024-05-23
C04870,Customer 04870,Female,23,Indore,2024-12-07
C04871,Customer 04871,Male,20,Indore,2025-12-26
C04872,Customer 04872,Female,23,Indore,2024-04-16
C04873,Customer 04873,Male,45,Ujjain,2025-01-20
C04874,Customer 04874,Female,20,Indore,2025-03-31
C04875,Customer 04875,Male,30,Dewas,2024-10-20
C04876,Customer 04876,Male,30,Indore,2024-06-24
C04877,Customer 04877,Female,30,Dewas,2024-04-16
C04878,Customer 04878,Female,18,Indore,2024-03-26
C04879,Customer 04879,Male,57,Indore,2025-05-24
C04880,Customer 04880,Male,54,Dewas,2024-08-14
C04881,Customer 04881,Female,48,Indore,2025-08-16
C04882,Customer 04882,Male,34,Indore,2024-11-24
C04883,Customer 04883,Female,26,Indore,2024-08-28
C04884,Customer 04884,Male,62,Bhopal,2024-01-02
C04885,Customer 04885,Female,30,Indore,2024-09-07
C04886,Customer 04886,Female,54,Indore,2024-02-11
C04887,Customer 04887,Male,31,Dewas,2025-03-01
C04888,Customer 04888,Male,28,Indore,2024-03-21
C04889,Customer 04889,Male,42,Bhopal,2025-05-02
C04890,Customer 04890,Female,48,Indore,2024-09-18
C04891,Customer 04891,Female,31,Indore,2025-01-29
C04892,Customer 04892,Female,24,Indore,2025-12-09
C04893,Customer 04893,Male,41,Indore,2024-09-04
C04894,Customer 04894,Male,53,Indore,2024-11-25
C04895,Customer 04895,Male,59,Indore,2025-07-01
C04896,Customer 04896,Male,59,Dewas,2025-09-06
C04897,Customer 04897,Female,64,Bhopal,2024-04-07
C04898,Customer 04898,Female,61,Indore,2024-05-24
C04899,Customer 04899,Female,58,Indore,2024-05-06
C04900,Customer 04900,Male,20,Indore,2024-10-30
C04901,Customer 04901,Female,64,Indore,2025-08-01
C04902,Customer 04902,Female,61,Indore,2025-01-13
C04903,Customer 04903,Female,43,Indore,2024-05-26
C04904,Customer 04904,Female,64,Indore,2024-03-21
C04905,Customer 04905,Male,43,Indore,2024-08-29
C04906,Customer 04906,Male,18,Indore,2025-07-30
C04907,Customer 04907,Female,32,Indore,2025-08-05
C04908,Customer 04908,Male,28,Indore,2025-07-01
C04909,Customer 04909,Male,54,Indore,2024-03-07
C04910,Customer 04910,Female,24,Indore,2025-08-17
C04911,Customer 04911,Female,29,Indore,2025-11-12
C04912,Customer 04912,Female,55,Indore,2025-04-19
C04913,Customer 04913,Male,20,Indore,2025-08-01
C04914,Customer 04914,Male,59,Ujjain,2025-09-01
C04915,Customer 04915,Female,43,Indore,2025-03-08
C04916,Customer 04916,Female,47,Indore,2024-10-28
C04917,Customer 04917,Female,49,Indore,2025-12-20
C04918,Customer 04918,Female,53,Indore,2025-01-09
C04919,Customer 04919,Female,62,Indore,2025-07-28
C04920,Customer 04920,Female,54,Indore,2024-03-18
C04921,Customer 04921,Male,35,Indore,2024-01-30
C04922,Customer 04922,Female,18,Indore,2024-12-17
C04923,Customer 04923,Female,38,Indore,2024-04-24
C04924,Customer 04924,Female,45,Indore,2024-11-27
C04925,Customer 04925,Male,65,Indore,2025-05-19
C04926,Customer 04926,Female,33,Indore,2024-06-02
C04927,Customer 04927,Male,65,Indore,2025-06-18
C04928,Customer 04928,Female,45,Indore,2025-01-03
C04929,Customer 04929,Male,39,Indore,2025-12-26
C04930,Customer 04930,Female,36,Indore,2025-10-21
C04931,Customer 04931,Male,65,Indore,2024-12-23
C04932,Customer 04932,Male,18,Dewas,2024-10-28
C04933,Customer 04933,Male,48,Indore,2025-12-20
C04934,Customer 04934,Female,59,Indore,2025-11-01
C04935,Customer 04935,Male,51,Indore,2025-03-26
C04936,Customer 04936,Male,63,Ujjain,2024-11-02
C04937,Customer 04937,Female,57,Indore,2025-11-09
C04938,Customer 04938,Male,23,Bhopal,2024-03-03
C04939,Customer 04939,Female,45,Indore,2024-10-02
C04940,Customer 04940,Female,20,Indore,2025-05-25
C04941,Customer 04941,Female,48,Indore,2025-06-18
C04942,Customer 04942,Male,33,Dewas,2025-12-13
C04943,Customer 04943,Female,34,Indore,2025-01-21
C04944,Customer 04944,Male,61,Dewas,2025-04-02
C04945,Customer 04945,Male,44,Indore,2025-02-11
C04946,Customer 04946,Male,41,Indore,2025-12-27
C04947,Customer 04947,Female,37,Indore,2025-01-20
C04948,Customer 04948,Male,49,Indore,2025-01-24
C04949,Customer 04949,Female,52,Indore,2024-08-16
C04950,Customer 04950,Female,30,Indore,2024-08-14
C04951,Customer 04951,Male,65,Bhopal,2024-11-22
C04952,Customer 04952,Male,60,Indore,2024-11-30
C04953,Customer 04953,Female,37,Indore,2024-10-03
C04954,Customer 04954,Female,65,Indore,2024-08-17
C04955,Customer 04955,Female,19,Indore,2025-12-27
C04956,Customer 04956,Male,21,Ujjain,2024-06-05
C04957,Customer 04957,Male,44,Indore,2024-01-13
C04958,Customer 04958,Male,42,Indore,2025-05-17
C04959,Customer 04959,Male,21,Indore,2024-07-15
C04960,Customer 04960,Male,49,Indore,2025-09-14
C04961,Customer 04961,Female,34,Indore,2025-09-06
C04962,Customer 04962,Male,18,Indore,2024-04-12
C04963,Customer 04963,Male,50,Indore,2024-06-18
C04964,Customer 04964,Female,47,Indore,2024-04-18
C04965,Customer 04965,Female,22,Indore,2025-01-10
C04966,Customer 04966,Male,29,Indore,2024-05-05
C04967,Customer 04967,Female,55,Indore,2025-01-19
C04968,Customer 04968,Male,49,Indore,2024-05-27
C04969,Customer 04969,Male,55,Indore,2025-11-13
C04970,Customer 04970,Male,34,Indore,2024-01-01
C04971,Customer 04971,Female,62,Indore,2025-07-05
C04972,Customer 04972,Male,57,Ujjain,2024-01-07
C04973,Customer 04973,Male,49,Indore,2024-06-11
C04974,Customer 04974,Male,41,Indore,2025-03-11
C04975,Customer 04975,Female,29,Indore,2025-03-09
C04976,Customer 04976,Male,64,Indore,2024-11-20
C04977,Customer 04977,Male,48,Indore,2024-06-05
C04978,Customer 04978,Male,36,Indore,2024-04-23
C04979,Customer 04979,Male,46,Indore,2024-04-21
C04980,Customer 04980,Female,38,Ujjain,2025-03-30
C04981,Customer 04981,Female,43,Bhopal,2024-03-13
C04982,Customer 04982,Male,45,Dewas,2024-07-11
C04983,Customer 04983,Male,34,Indore,2025-04-19
C04984,Customer 04984,Male,26,Indore,2024-09-29
C04985,Customer 04985,Male,38,Indore,2024-04-03
C04986,Customer 04986,Male,51,Ujjain,2025-12-19
C04987,Customer 04987,Female,28,Ujjain,2025-11-12
C04988,Customer 04988,Female,37,Bhopal,2025-10-29
C04989,Customer 04989,Female,64,Dewas,2025-05-29
C04990,Customer 04990,Female,56,Indore,2024-08-07
C04991,Customer 04991,Female,33,Indore,2024-01-05
C04992,Customer 04992,Female,46,Bhopal,2024-07-12
C04993,Customer 04993,Male,18,Indore,2024-02-23
C04994,Customer 04994,Female,35,Dewas,2024-07-27
C04995,Customer 04995,Male,39,Bhopal,2025-08-10
C04996,Customer 04996,Male,25,Indore,2025-12-30
C04997,Customer 04997,Female,24,Indore,2025-05-11
C04998,Customer 04998,Male,42,Indore,2025-09-21
C04999,Customer 04999,Male,47,Indore,2025-03-30
C05000,Customer 05000,Female,51,Indore,2024-03-20
C05001,Customer 05001,Male,61,Indore,2025-11-29
C05002,Customer 05002,Male,65,Indore,2024-01-08
C05003,Customer 05003,Female,58,Indore,2024-03-31
C05004,Customer 05004,Female,28,Bhopal,2024-12-11
C05005,Customer 05005,Female,32,Indore,2024-12-16
C05006,Customer 05006,Male,52,Dewas,2024-07-28
C05007,Customer 05007,Male,40,Indore,2024-09-14
C05008,Customer 05008,Female,62,Indore,2024-02-10
C05009,Customer 05009,Female,38,Indore,2025-12-27
C05010,Customer 05010,Female,45,Indore,2025-11-26
C05011,Customer 05011,Male,30,Indore,2024-10-30
C05012,Customer 05012,Male,51,Indore,2024-08-28
C05013,Customer 05013,Female,55,Indore,2025-09-09
C05014,Customer 05014,Male,23,Indore,2025-06-17
C05015,Customer 05015,Female,61,Indore,2024-09-01
C05016,Customer 05016,Male,21,Indore,2025-08-13
C05017,Customer 05017,Female,22,Indore,2024-10-30
C05018,Customer 05018,Female,57,Dewas,2025-06-18
C05019,Customer 05019,Female,23,Ujjain,2024-04-20
C05020,Customer 05020,Male,38,Indore,2024-05-09
C05021,Customer 05021,Female,45,Indore,2024-12-27
C05022,Customer 05022,Female,20,Indore,2024-09-16
C05023,Customer 05023,Male,40,Indore,2025-10-27
C05024,Customer 05024,Female,25,Indore,2025-06-14
C05025,Customer 05025,Female,36,Indore,2025-07-14
C05026,Customer 05026,Female,28,Indore,2025-08-08
C05027,Customer 05027,Female,27,Ujjain,2024-08-01
C05028,Customer 05028,Male,45,Bhopal,2024-02-22
C05029,Customer 05029,Male,37,Bhopal,2024-07-08
C05030,Customer 05030,Male,61,Indore,2025-10-02
C05031,Customer 05031,Female,45,Ujjain,2025-05-05
C05032,Customer 05032,Female,46,Indore,2024-05-23
C05033,Customer 05033,Female,25,Dewas,2024-06-28
C05034,Customer 05034,Male,36,Indore,2025-06-02
C05035,Customer 05035,Male,65,Indore,2025-12-18
C05036,Customer 05036,Female,38,Indore,2024-03-08
C05037,Customer 05037,Male,35,Indore,2025-10-16
C05038,Customer 05038,Male,26,Indore,2024-04-17
C05039,Customer 05039,Female,21,Indore,2024-07-03
C05040,Customer 05040,Male,58,Indore,2024-05-30
C05041,Customer 05041,Male,42,Indore,2025-12-23
C05042,Customer 05042,Male,51,Dewas,2025-08-12
C05043,Customer 05043,Male,26,Dewas,2025-04-19
C05044,Customer 05044,Other,26,Indore,2024-04-11
C05045,Customer 05045,Male,35,Dewas,2025-12-26
C05046,Customer 05046,Male,28,Indore,2024-05-18
C05047,Customer 05047,Male,30,Ujjain,2025-01-22
C05048,Customer 05048,Female,55,Indore,2025-11-28
C05049,Customer 05049,Male,26,Indore,2025-11-10
C05050,Customer 05050,Female,33,Dewas,2025-05-03
C05051,Customer 05051,Male,21,Indore,2024-02-27
C05052,Customer 05052,Male,51,Indore,2025-09-22
C05053,Customer 05053,Male,24,Indore,2024-03-28
C05054,Customer 05054,Female,32,Indore,2024-05-01
C05055,Customer 05055,Female,55,Indore,2024-08-31
C05056,Customer 05056,Male,28,Indore,2024-03-07
C05057,Customer 05057,Female,49,Dewas,2024-10-20
C05058,Customer 05058,Female,44,Bhopal,2024-05-09
C05059,Customer 05059,Male,47,Indore,2024-02-09
C05060,Customer 05060,Female,34,Indore,2024-07-30
C05061,Customer 05061,Male,53,Indore,2024-02-25
C05062,Customer 05062,Female,36,Indore,2025-12-12
C05063,Customer 05063,Female,24,Indore,2024-10-17
C05064,Customer 05064,Female,60,Indore,2025-09-10
C05065,Customer 05065,Female,62,Indore,2025-12-07
C05066,Customer 05066,Male,38,Indore,2024-12-17
C05067,Customer 05067,Female,45,Indore,2024-05-01
C05068,Customer 05068,Male,20,Indore,2024-04-04
C05069,Customer 05069,Male,31,Indore,2025-03-03
C05070,Customer 05070,Female,19,Indore,2025-09-28
C05071,Customer 05071,Female,46,Indore,2025-03-24
C05072,Customer 05072,Female,35,Indore,2025-09-29
C05073,Customer 05073,Male,54,Indore,2024-12-09
C05074,Customer 05074,Female,62,Indore,2025-07-01
C05075,Customer 05075,Female,62,Indore,2025-12-29
C05076,Customer 05076,Male,41,Dewas,2024-01-03
C05077,Customer 05077,Male,63,Indore,2024-01-30
C05078,Customer 05078,Male,29,Indore,2024-09-11
C05079,Customer 05079,Male,62,Indore,2024-02-14
C05080,Customer 05080,Other,49,Indore,2024-06-25
C05081,Customer 05081,Female,35,Indore,2024-08-09
C05082,Customer 05082,Female,30,Indore,2025-09-16
C05083,Customer 05083,Female,21,Indore,2024-05-01
C05084,Customer 05084,Male,40,Indore,2024-10-01
C05085,Customer 05085,Female,27,Indore,2024-11-07
C05086,Customer 05086,Male,22,Indore,2025-02-21
C05087,Customer 05087,Female,57,Indore,2024-11-24
C05088,Customer 05088,Male,31,Indore,2024-04-12
C05089,Customer 05089,Female,51,Indore,2025-11-18
C05090,Customer 05090,Male,45,Indore,2024-10-08
C05091,Customer 05091,Male,25,Bhopal,2024-09-01
C05092,Customer 05092,Female,33,Ujjain,2024-05-12
C05093,Customer 05093,Male,48,Indore,2025-11-01
C05094,Customer 05094,Female,24,Indore,2024-12-06
C05095,Customer 05095,Male,20,Indore,2024-01-22
C05096,Customer 05096,Female,46,Indore,2025-09-05
C05097,Customer 05097,Male,53,Indore,2024-05-29
C05098,Customer 05098,Male,56,Indore,2025-07-22
C05099,Customer 05099,Male,21,Dewas,2025-10-31
C05100,Customer 05100,Male,26,Indore,2025-12-07
C05101,Customer 05101,Male,34,Indore,2024-06-15
C05102,Customer 05102,Male,37,Indore,2024-12-10
C05103,Customer 05103,Male,31,Indore,2025-12-06
C05104,Customer 05104,Male,63,Indore,2025-04-05
C05105,Customer 05105,Female,46,Indore,2024-09-16
C05106,Customer 05106,Female,30,Indore,2024-07-18
C05107,Customer 05107,Male,53,Indore,2024-01-05
C05108,Customer 05108,Female,62,Indore,2024-10-26
C05109,Customer 05109,Female,34,Indore,2025-08-25
C05110,Customer 05110,Male,64,Indore,2025-06-19
C05111,Customer 05111,Female,60,Indore,2024-08-23
C05112,Customer 05112,Male,21,Indore,2025-06-23
C05113,Customer 05113,Female,37,Indore,2024-05-31
C05114,Customer 05114,Male,28,Dewas,2024-09-02
C05115,Customer 05115,Female,59,Indore,2024-01-05
C05116,Customer 05116,Female,39,Indore,2024-01-13
C05117,Customer 05117,Male,62,Indore,2025-07-20
C05118,Customer 05118,Male,25,Indore,2025-04-09
C05119,Customer 05119,Female,45,Indore,2024-10-12
C05120,Customer 05120,Male,62,Indore,2025-09-05
C05121,Customer 05121,Female,58,Indore,2024-12-04
C05122,Customer 05122,Female,47,Indore,2024-08-01
C05123,Customer 05123,Female,50,Indore,2024-04-22
C05124,Customer 05124,Female,50,Indore,2024-12-03
C05125,Customer 05125,Female,64,Indore,2024-03-30
C05126,Customer 05126,Female,53,Bhopal,2025-04-20
C05127,Customer 05127,Male,44,Ujjain,2024-01-30
C05128,Customer 05128,Male,37,Indore,2025-06-23
C05129,Customer 05129,Male,50,Indore,2025-04-12
C05130,Customer 05130,Female,42,Indore,2025-01-22
C05131,Customer 05131,Female,61,Indore,2025-08-02
C05132,Customer 05132,Male,60,Indore,2024-12-22
C05133,Customer 05133,Female,36,Indore,2025-10-16
C05134,Customer 05134,Male,64,Indore,2025-06-29
C05135,Customer 05135,Male,38,Indore,2025-04-03
C05136,Customer 05136,Female,59,Indore,2025-04-15
C05137,Customer 05137,Male,50,Indore,2024-08-14
C05138,Customer 05138,Female,20,Indore,2025-12-15
C05139,Customer 05139,Male,31,Indore,2025-07-26
C05140,Customer 05140,Female,32,Indore,2024-07-09
C05141,Customer 05141,Female,50,Bhopal,2024-01-02
C05142,Customer 05142,Male,59,Bhopal,2024-04-27
C05143,Customer 05143,Female,39,Indore,2024-11-03
C05144,Customer 05144,Female,18,Dewas,2025-07-17
C05145,Customer 05145,Male,48,Indore,2024-01-15
C05146,Customer 05146,Male,64,Indore,2025-02-27
C05147,Customer 05147,Female,52,Indore,2025-04-23
C05148,Customer 05148,Male,37,Indore,2024-04-05
C05149,Customer 05149,Male,49,Indore,2025-09-01
C05150,Customer 05150,Male,29,Indore,2024-02-24
C05151,Customer 05151,Male,33,Indore,2024-10-04
C05152,Customer 05152,Female,25,Indore,2025-02-16
C05153,Customer 05153,Male,31,Bhopal,2024-09-01
C05154,Customer 05154,Male,35,Indore,2025-01-30
C05155,Customer 05155,Male,47,Ujjain,2025-04-15
C05156,Customer 05156,Male,50,Indore,2024-02-07
C05157,Customer 05157,Female,51,Ujjain,2025-09-23
C05158,Customer 05158,Male,61,Dewas,2024-05-19
C05159,Customer 05159,Other,51,Indore,2024-07-01
C05160,Customer 05160,Male,24,Indore,2024-07-31
C05161,Customer 05161,Male,23,Indore,2024-05-05
C05162,Customer 05162,Female,23,Bhopal,2024-05-19
C05163,Customer 05163,Male,39,Indore,2025-09-12
C05164,Customer 05164,Female,25,Indore,2025-04-23
C05165,Customer 05165,Other,54,Indore,2025-06-04
C05166,Customer 05166,Male,32,Ujjain,2025-04-07
C05167,Customer 05167,Male,43,Indore,2024-02-01
C05168,Customer 05168,Female,56,Indore,2024-08-22
C05169,Customer 05169,Male,20,Indore,2024-03-13
C05170,Customer 05170,Male,27,Indore,2025-04-16
C05171,Customer 05171,Male,20,Indore,2025-10-09
C05172,Customer 05172,Male,47,Indore,2025-09-19
C05173,Customer 05173,Female,63,Indore,2025-10-29
C05174,Customer 05174,Male,39,Indore,2025-08-16
C05175,Customer 05175,Male,20,Indore,2025-09-10
C05176,Customer 05176,Female,18,Indore,
C05177,Customer 05177,Male,50,Indore,2025-09-20
C05178,Customer 05178,Male,36,Indore,2024-10-14
C05179,Customer 05179,Female,53,Indore,2024-07-31
C05180,Customer 05180,Male,51,Indore,2024-06-15
C05181,Customer 05181,Female,48,Indore,2024-02-18
C05182,Customer 05182,Female,60,Indore,2024-08-08
C05183,Customer 05183,Male,41,Indore,2025-02-05
C05184,Customer 05184,Female,29,Indore,2024-10-15
C05185,Customer 05185,Male,30,Indore,2024-06-27
C05186,Customer 05186,Male,33,Indore,2024-06-19
C05187,Customer 05187,Female,33,Indore,2024-01-04
C05188,Customer 05188,Female,37,Indore,2024-12-01
C05189,Customer 05189,Male,58,Indore,2024-07-13
C05190,Customer 05190,Female,65,Indore,2025-04-08
C05191,Customer 05191,Female,44,Indore,2025-07-10
C05192,Customer 05192,Female,56,Ujjain,2025-04-11
C05193,Customer 05193,Female,30,Indore,2024-12-09
C05194,Customer 05194,Male,21,Indore,2024-07-26
C05195,Customer 05195,Male,49,Indore,2025-09-18
C05196,Customer 05196,Female,62,Indore,2025-05-17
C05197,Customer 05197,Male,57,Indore,2024-05-09
C05198,Customer 05198,Female,51,Dewas,2025-11-02
C05199,Customer 05199,Male,56,Indore,2024-01-01
C05200,Customer 05200,Male,60,Indore,2025-05-01
C05201,Customer 05201,Male,34,Indore,2025-03-23
C05202,Customer 05202,Other,41,Bhopal,2025-11-02
C05203,Customer 05203,Male,46,Indore,2024-11-18
C05204,Customer 05204,Female,63,Indore,2024-01-24
C05205,Customer 05205,Male,45,Indore,2025-01-11
C05206,Customer 05206,Male,62,Indore,2024-06-04
C05207,Customer 05207,Male,64,Indore,2024-09-28
C05208,Customer 05208,Female,39,Bhopal,2024-04-02
C05209,Customer 05209,Male,45,Indore,2025-06-07
C05210,Customer 05210,Male,42,Indore,2024-04-30
C05211,Customer 05211,Male,58,Indore,2025-03-27
C05212,Customer 05212,Male,20,Indore,2025-08-24
C05213,Customer 05213,Female,30,Indore,2025-08-09
C05214,Customer 05214,Female,48,Indore,2024-11-17
C05215,Customer 05215,Male,30,Bhopal,2024-01-31
C05216,Customer 05216,Female,58,Indore,2025-03-09
C05217,Customer 05217,Female,35,Bhopal,2025-12-07
C05218,Customer 05218,Male,54,Indore,2025-08-23
C05219,Customer 05219,Female,60,Indore,2025-09-01
C05220,Customer 05220,Female,51,Indore,2024-05-08
C05221,Customer 05221,Male,34,Indore,2025-03-28
C05222,Customer 05222,Male,38,Indore,2025-03-11
C05223,Customer 05223,Female,53,Indore,2025-08-29
C05224,Customer 05224,Female,57,Ujjain,2025-11-06
C05225,Customer 05225,Male,36,Indore,2025-05-21
C05226,Customer 05226,Male,29,Indore,2025-10-13
C05227,Customer 05227,Male,45,Bhopal,2024-11-12
C05228,Customer 05228,Female,28,Bhopal,2025-04-08
C05229,Customer 05229,Female,65,Indore,2024-11-23
C05230,Customer 05230,Other,54,Indore,2024-04-18
C05231,Customer 05231,Male,45,Indore,2025-06-09
C05232,Customer 05232,Female,52,Indore,2025-04-19
C05233,Customer 05233,Female,61,Indore,2025-01-26
C05234,Customer 05234,Male,32,Indore,2025-11-03
C05235,Customer 05235,Male,33,Bhopal,2025-10-05
C05236,Customer 05236,Female,62,Indore,2024-04-22
C05237,Customer 05237,Female,24,Indore,2024-10-12
C05238,Customer 05238,Male,64,Indore,2025-08-28
C05239,Customer 05239,Female,20,Indore,2024-12-12
C05240,Customer 05240,Male,48,Indore,2025-08-23
C05241,Customer 05241,Female,29,Indore,2025-10-07
C05242,Customer 05242,Female,25,Indore,2024-09-17
C05243,Customer 05243,Female,42,Indore,2025-12-18
C05244,Customer 05244,Other,61,Indore,2024-11-02
C05245,Customer 05245,Female,52,Indore,2024-02-03
C05246,Customer 05246,Male,29,Indore,2024-06-17
C05247,Customer 05247,Female,38,Indore,2024-12-10
C05248,Customer 05248,Male,43,Indore,2024-05-25
C05249,Customer 05249,Male,19,Indore,2025-06-15
C05250,Customer 05250,Male,31,Indore,2025-09-10
C05251,Customer 05251,Male,63,Indore,2025-10-09
C05252,Customer 05252,Female,21,Indore,2025-06-21
C05253,Customer 05253,Male,34,Ujjain,2024-09-02
C05254,Customer 05254,Female,64,Indore,2024-12-06
C05255,Customer 05255,Female,65,Indore,2025-10-28
C05256,Customer 05256,Male,22,Indore,2025-07-07
C05257,Customer 05257,Female,41,Indore,2025-11-20
C05258,Customer 05258,Male,24,Indore,2024-03-21
C05259,Customer 05259,Male,40,Indore,2025-11-19
C05260,Customer 05260,Female,64,Indore,2025-12-05
C05261,Customer 05261,Male,34,Indore,2024-07-09
C05262,Customer 05262,Male,29,Indore,2024-10-09
C05263,Customer 05263,Female,28,Ujjain,2025-09-03
C05264,Customer 05264,Female,28,Indore,2025-05-03
C05265,Customer 05265,Male,51,Indore,2024-02-04
C05266,Customer 05266,Female,64,Indore,2024-10-20
C05267,Customer 05267,Female,54,Indore,2024-02-11
C05268,Customer 05268,Female,46,Indore,2024-06-18
C05269,Customer 05269,Male,65,Indore,2025-07-22
C05270,Customer 05270,Female,53,Indore,2025-07-19
C05271,Customer 05271,Female,44,Indore,2025-01-28
C05272,Customer 05272,Female,59,Dewas,2024-07-06
C05273,Customer 05273,Female,39,Indore,2024-10-22
C05274,Customer 05274,Male,19,Indore,2025-01-19
C05275,Customer 05275,Male,64,Indore,2025-08-20
C05276,Customer 05276,Male,53,Indore,2024-03-04
C05277,Customer 05277,Male,65,Indore,2024-03-21
C05278,Customer 05278,Female,47,Bhopal,2024-07-03
C05279,Customer 05279,Male,24,Indore,2025-04-05
C05280,Customer 05280,Female,29,Indore,2024-12-10
C05281,Customer 05281,Female,20,Indore,2025-06-21
C05282,Customer 05282,Male,34,Indore,2024-08-25
C05283,Customer 05283,Male,58,Indore,2024-10-22
C05284,Customer 05284,Female,49,Ujjain,2025-05-01
C05285,Customer 05285,Female,25,Dewas,2025-01-03
C05286,Customer 05286,Male,40,Bhopal,2024-10-25
C05287,Customer 05287,Male,55,Indore,2024-03-30
C05288,Customer 05288,Female,47,Indore,2025-03-15
C05289,Customer 05289,Female,32,Ujjain,2025-06-12
C05290,Customer 05290,Male,27,Bhopal,2024-03-28
C05291,Customer 05291,Female,55,Dewas,2024-01-24
C05292,Customer 05292,Male,32,Dewas,2024-11-27
C05293,Customer 05293,Male,47,Indore,2024-02-27
C05294,Customer 05294,Male,63,Indore,2025-04-08
C05295,Customer 05295,Male,43,Indore,2024-07-07
C05296,Customer 05296,Male,62,Indore,2025-04-08
C05297,Customer 05297,Male,31,Indore,2024-08-09
C05298,Customer 05298,Male,20,Dewas,2024-12-18
C05299,Customer 05299,Male,53,Indore,2024-02-20
C05300,Customer 05300,Male,43,Indore,2024-03-28
C05301,Customer 05301,Female,31,Indore,2024-08-09
C05302,Customer 05302,Male,48,Indore,2025-05-02
C05303,Customer 05303,Male,31,Indore,2024-06-15
C05304,Customer 05304,Female,57,Indore,2025-12-06
C05305,Customer 05305,Other,27,Indore,2024-04-10
C05306,Customer 05306,Male,26,Indore,2025-12-14
C05307,Customer 05307,Female,63,Indore,2025-02-27
C05308,Customer 05308,Female,57,Indore,2025-06-08
C05309,Customer 05309,Female,60,Indore,2024-05-26
C05310,Customer 05310,Male,59,Indore,2024-09-18
C05311,Customer 05311,Female,35,Dewas,2024-05-25
C05312,Customer 05312,Male,53,Indore,2025-05-02
C05313,Customer 05313,Female,53,Indore,2025-06-04
C05314,Customer 05314,Female,29,Indore,2024-03-21
C05315,Customer 05315,Male,57,Bhopal,2025-08-02
C05316,Customer 05316,Female,20,Indore,2024-05-05
C05317,Customer 05317,Male,35,Indore,2025-07-15
C05318,Customer 05318,Female,24,Indore,2025-08-04
C05319,Customer 05319,Male,48,Indore,2024-05-18
C05320,Customer 05320,Male,18,Indore,2025-11-12
C05321,Customer 05321,Male,48,Indore,2025-08-24
C05322,Customer 05322,Female,30,Bhopal,2024-05-18
C05323,Customer 05323,Male,46,Indore,2024-03-12
C05324,Customer 05324,Male,20,Dewas,2024-09-01
C05325,Customer 05325,Male,46,Indore,2025-08-01
C05326,Customer 05326,Female,52,Indore,2025-10-03
C05327,Customer 05327,Female,32,Indore,2024-07-28
C05328,Customer 05328,Male,38,Indore,2024-07-12
C05329,Customer 05329,Male,36,Ujjain,2025-06-21
C05330,Customer 05330,Male,45,Bhopal,2024-11-27
C05331,Customer 05331,Male,21,Indore,2025-05-25
C05332,Customer 05332,Male,62,Bhopal,2024-10-19
C05333,Customer 05333,Female,30,Indore,2025-12-30
C05334,Customer 05334,Male,32,Ujjain,2024-02-05
C05335,Customer 05335,Male,65,Indore,2025-06-11
C05336,Customer 05336,Male,56,Indore,2024-03-18
C05337,Customer 05337,Female,49,Indore,2024-01-21
C05338,Customer 05338,Female,20,Indore,2025-10-08
C05339,Customer 05339,Female,47,Ujjain,2024-09-01
C05340,Customer 05340,Male,37,Indore,2025-01-29
C05341,Customer 05341,Male,19,Ujjain,2025-11-26
C05342,Customer 05342,Male,42,Indore,2025-11-14
C05343,Customer 05343,Male,28,Dewas,2024-02-23
C05344,Customer 05344,Female,18,Indore,2024-04-02
C05345,Customer 05345,Female,65,Indore,2024-10-19
C05346,Customer 05346,Female,65,Indore,2025-01-10
C05347,Customer 05347,Female,27,Indore,2024-06-24
C05348,Customer 05348,Male,34,Indore,2024-07-08
C05349,Customer 05349,Female,47,Indore,2024-07-10
C05350,Customer 05350,Male,52,Indore,2025-09-07
C05351,Customer 05351,Male,36,Indore,2024-03-08
C05352,Customer 05352,Female,63,Indore,2024-11-19
C05353,Customer 05353,Male,51,Indore,2024-06-03
C05354,Customer 05354,Male,49,Ujjain,2025-03-29
C05355,Customer 05355,Male,29,Indore,2024-08-13
C05356,Customer 05356,Female,60,Indore,2024-08-20
C05357,Customer 05357,Female,34,Indore,2025-05-22
C05358,Customer 05358,Male,23,Bhopal,2024-04-13
C05359,Customer 05359,Female,30,Indore,2025-04-10
C05360,Customer 05360,Male,56,Indore,2025-03-03
C05361,Customer 05361,Male,39,Indore,2025-03-17
C05362,Customer 05362,Female,28,Indore,2025-12-24
C05363,Customer 05363,Female,24,Indore,2024-05-05
C05364,Customer 05364,Other,62,Indore,2025-09-26
C05365,Customer 05365,Male,62,Indore,2024-02-05
C05366,Customer 05366,Female,38,Indore,2024-08-25
C05367,Customer 05367,Female,18,Indore,2024-08-29
C05368,Customer 05368,Female,47,Indore,2024-05-12
C05369,Customer 05369,Male,36,Indore,2024-08-14
C05370,Customer 05370,Female,64,Indore,2025-02-06
C05371,Customer 05371,Female,63,Indore,2025-01-30
C05372,Customer 05372,Male,46,Indore,2024-03-30
C05373,Customer 05373,Male,52,Indore,2024-09-11
C05374,Customer 05374,Male,37,Indore,2024-03-23
C05375,Customer 05375,Female,53,Indore,2025-05-14
C05376,Customer 05376,Female,56,Indore,2025-10-12
C05377,Customer 05377,Female,18,Bhopal,2024-11-04
C05378,Customer 05378,Female,40,Indore,2025-06-15
C05379,Customer 05379,Female,48,Indore,2024-03-24
C05380,Customer 05380,Male,52,Indore,2024-01-27
C05381,Customer 05381,Male,64,Bhopal,2025-07-23
C05382,Customer 05382,Male,62,Indore,2025-01-13
C05383,Customer 05383,Male,39,Indore,2024-11-25
C05384,Customer 05384,Male,63,Indore,2025-01-27
C05385,Customer 05385,Female,24,Indore,2024-08-04
C05386,Customer 05386,Male,50,Indore,2025-01-15
C05387,Customer 05387,Male,62,Indore,2025-09-28
C05388,Customer 05388,Male,53,Bhopal,2025-12-12
C05389,Customer 05389,Male,61,Ujjain,2025-05-22
C05390,Customer 05390,Female,24,Bhopal,2024-10-09
C05391,Customer 05391,Female,44,Indore,2024-08-01
C05392,Customer 05392,Female,19,Indore,2024-06-04
C05393,Customer 05393,Male,34,Indore,2025-06-13
C05394,Customer 05394,Female,18,Dewas,2025-09-08
C05395,Customer 05395,Female,63,Indore,2024-06-07
C05396,Customer 05396,Female,47,Dewas,2024-02-10
C05397,Customer 05397,Male,39,Ujjain,2025-05-19
C05398,Customer 05398,Female,45,Indore,2025-06-02
C05399,Customer 05399,Female,50,Indore,2024-01-05
C05400,Customer 05400,Female,43,Indore,2024-01-21
C05401,Customer 05401,Female,52,Indore,2025-10-07
C05402,Customer 05402,Male,28,Indore,2025-09-23
C05403,Customer 05403,Female,24,Indore,2024-08-29
C05404,Customer 05404,Male,45,Indore,2024-04-15
C05405,Customer 05405,Female,42,Indore,2024-12-08
C05406,Customer 05406,Male,58,Indore,2025-10-04
C05407,Customer 05407,Male,48,Dewas,2025-02-20
C05408,Customer 05408,Male,20,Indore,2024-02-07
C05409,Customer 05409,Female,50,Indore,2025-08-21
C05410,Customer 05410,Male,51,Indore,2024-12-01
C05411,Customer 05411,Female,38,Indore,2025-04-17
C05412,Customer 05412,Female,54,Indore,2024-04-22
C05413,Customer 05413,Male,36,Indore,2024-09-07
C05414,Customer 05414,Male,54,Indore,2024-12-10
C05415,Customer 05415,Male,38,Indore,2024-03-11
C05416,Customer 05416,Female,31,Indore,2024-09-20
C05417,Customer 05417,Female,27,Indore,2025-08-03
C05418,Customer 05418,Male,24,Indore,2025-01-18
C05419,Customer 05419,Male,46,Indore,2025-01-25
C05420,Customer 05420,Female,57,Ujjain,2025-08-20
C05421,Customer 05421,Female,25,Indore,2025-12-30
C05422,Customer 05422,Female,56,Indore,2025-07-15
C05423,Customer 05423,Female,30,Indore,2025-04-17
C05424,Customer 05424,Male,63,Indore,2025-05-25
C05425,Customer 05425,Male,36,Indore,2024-05-13
C05426,Customer 05426,Male,28,Ujjain,2025-01-23
C05427,Customer 05427,Male,19,Indore,2024-03-01
C05428,Customer 05428,Male,23,Indore,2025-04-14
C05429,Customer 05429,Male,46,Ujjain,2024-12-16
C05430,Customer 05430,Male,58,Indore,2024-02-27
C05431,Customer 05431,Female,22,Indore,2024-07-03
C05432,Customer 05432,Female,58,Indore,2024-07-21
C05433,Customer 05433,Female,47,Indore,2024-02-01
C05434,Customer 05434,Female,56,Indore,2025-10-18
C05435,Customer 05435,Male,53,Indore,2024-06-17
C05436,Customer 05436,Female,44,Ujjain,2024-01-22
C05437,Customer 05437,Male,35,Indore,2024-03-19
C05438,Customer 05438,Female,53,Indore,2024-05-15
C05439,Customer 05439,Male,33,Indore,2024-10-28
C05440,Customer 05440,Other,22,Indore,2025-11-18
C05441,Customer 05441,Male,26,Indore,2025-01-21
C05442,Customer 05442,Male,51,Indore,2025-08-11
C05443,Customer 05443,Female,51,Bhopal,2025-06-25
C05444,Customer 05444,Male,53,Indore,2024-10-10
C05445,Customer 05445,Female,48,Indore,2024-11-24
C05446,Customer 05446,Female,37,Indore,2025-04-04
C05447,Customer 05447,Female,34,Bhopal,2024-06-01
C05448,Customer 05448,Female,37,Indore,2025-12-25
C05449,Customer 05449,Female,45,Indore,2025-11-21
C05450,Customer 05450,Male,38,Indore,2025-05-01
C05451,Customer 05451,Female,36,Indore,2025-08-17
C05452,Customer 05452,Female,20,Indore,2025-12-12
C05453,Customer 05453,Female,47,Indore,2025-10-02
C05454,Customer 05454,Male,22,Indore,2024-07-09
C05455,Customer 05455,Female,59,Indore,2024-02-21
C05456,Customer 05456,Other,23,Indore,2025-08-17
C05457,Customer 05457,Female,20,Indore,2024-12-06
C05458,Customer 05458,Male,59,Indore,2025-11-30
C05459,Customer 05459,Male,41,Dewas,2025-06-08
C05460,Customer 05460,Male,61,Indore,2024-01-17
C05461,Customer 05461,Female,18,Indore,2024-08-29
C05462,Customer 05462,Female,53,Indore,2024-12-05
C05463,Customer 05463,Male,32,Indore,2025-10-31
C05464,Customer 05464,Male,58,Indore,2025-11-08
C05465,Customer 05465,Male,55,Ujjain,2025-10-12
C05466,Customer 05466,Male,61,Indore,
C05467,Customer 05467,Female,35,Indore,2024-10-20
C05468,Customer 05468,Female,40,Indore,2024-01-28
C05469,Customer 05469,Male,64,Indore,2025-02-13
C05470,Customer 05470,Female,46,Indore,2024-12-24
C05471,Customer 05471,Male,58,Ujjain,2025-11-03
C05472,Customer 05472,Female,39,Indore,2025-02-19
C05473,Customer 05473,Male,41,Ujjain,2024-06-30
C05474,Customer 05474,Male,62,Indore,2025-10-28
C05475,Customer 05475,Male,65,Indore,2025-12-26
C05476,Customer 05476,Female,30,Indore,2024-12-05
C05477,Customer 05477,Female,50,Indore,2024-12-18
C05478,Customer 05478,Female,39,Indore,2024-03-09
C05479,Customer 05479,Male,52,Indore,2025-04-21
C05480,Customer 05480,Male,34,Indore,2024-11-20
C05481,Customer 05481,Male,39,Indore,2025-05-08
C05482,Customer 05482,Female,22,Indore,2024-10-21
C05483,Customer 05483,Male,42,Ujjain,2024-07-27
C05484,Customer 05484,Female,23,Indore,2024-06-05
C05485,Customer 05485,Female,34,Indore,2024-03-15
C05486,Customer 05486,Female,48,Indore,2024-10-13
C05487,Customer 05487,Male,34,Indore,2024-08-18
C05488,Customer 05488,Male,50,Dewas,2025-07-30
C05489,Customer 05489,Male,56,Indore,2024-09-27
C05490,Customer 05490,Female,65,Indore,2024-03-23
C05491,Customer 05491,Female,54,Bhopal,2025-08-08
C05492,Customer 05492,Male,65,Indore,2024-09-21
C05493,Customer 05493,Male,21,Dewas,2024-09-25
C05494,Customer 05494,Female,60,Indore,2024-10-27
C05495,Customer 05495,Female,31,Indore,2024-03-30
C05496,Customer 05496,Male,30,Dewas,2024-12-25
C05497,Customer 05497,Female,44,Indore,2024-10-26
C05498,Customer 05498,Male,41,Indore,2024-01-02
C05499,Customer 05499,Male,44,Indore,2025-02-16
C05500,Customer 05500,Female,25,Indore,2024-06-24
C05501,Customer 05501,Female,64,Indore,2024-05-04
C05502,Customer 05502,Female,56,Dewas,2025-12-27
C05503,Customer 05503,Male,38,Ujjain,2025-08-01
C05504,Customer 05504,Female,58,Indore,2024-06-26
C05505,Customer 05505,Male,28,Dewas,2024-01-05
C05506,Customer 05506,Male,48,Indore,2025-12-14
C05507,Customer 05507,Female,44,Indore,2024-04-26
C05508,Customer 05508,Male,59,Indore,2025-03-06
C05509,Customer 05509,Female,63,Indore,2025-01-24
C05510,Customer 05510,Female,65,Indore,2025-04-23
C05511,Customer 05511,Male,44,Indore,2025-04-15
C05512,Customer 05512,Male,25,Dewas,2024-12-15
C05513,Customer 05513,Male,50,Indore,2024-03-24
C05514,Customer 05514,Male,29,Indore,2025-08-23
C05515,Customer 05515,Female,52,Indore,2024-08-14
C05516,Customer 05516,Female,51,Bhopal,2025-03-28
C05517,Customer 05517,Male,33,Indore,2025-03-22
C05518,Customer 05518,Male,53,Indore,2024-04-20
C05519,Customer 05519,Female,19,Indore,2024-11-18
C05520,Customer 05520,Female,29,Ujjain,2025-06-07
C05521,Customer 05521,Male,44,Indore,2025-06-22
C05522,Customer 05522,Male,34,Indore,2024-04-14
C05523,Customer 05523,Female,37,Indore,2024-03-26
C05524,Customer 05524,Male,38,Indore,2025-05-17
C05525,Customer 05525,Male,47,Ujjain,2025-05-20
C05526,Customer 05526,Female,59,Indore,2024-06-04
C05527,Customer 05527,Female,37,Indore,2025-12-11
C05528,Customer 05528,Female,25,Indore,2025-05-10
C05529,Customer 05529,Female,35,Bhopal,2025-01-20
C05530,Customer 05530,Female,35,Indore,2025-10-10
C05531,Customer 05531,Male,35,Indore,2025-04-07
C05532,Customer 05532,Male,19,Indore,2025-06-26
C05533,Customer 05533,Male,29,Indore,2025-11-06
C05534,Customer 05534,Male,49,Indore,2024-04-22
C05535,Customer 05535,Female,59,Indore,2025-03-21
C05536,Customer 05536,Female,25,Indore,2024-10-13
C05537,Customer 05537,Female,27,Indore,2024-07-19
C05538,Customer 05538,Female,28,Indore,2025-01-13
C05539,Customer 05539,Male,31,Indore,2025-05-27
C05540,Customer 05540,Male,43,Indore,2025-12-23
C05541,Customer 05541,Female,64,Indore,2024-09-21
C05542,Customer 05542,Female,47,Indore,2024-07-06
C05543,Customer 05543,Female,59,Indore,2024-12-22
C05544,Customer 05544,Female,21,Indore,2024-08-28
C05545,Customer 05545,Female,56,Dewas,2024-07-11
C05546,Customer 05546,Female,28,Indore,2024-04-19
C05547,Customer 05547,Male,41,Indore,2025-05-13
C05548,Customer 05548,Female,39,Indore,2025-09-14
C05549,Customer 05549,Female,20,Indore,2024-03-05
C05550,Customer 05550,Male,54,Indore,2024-03-05
C05551,Customer 05551,Female,19,Indore,2024-11-12
C05552,Customer 05552,Male,29,Indore,2024-04-04
C05553,Customer 05553,Female,38,Indore,2025-04-03
C05554,Customer 05554,Male,22,Indore,2025-12-09
C05555,Customer 05555,Female,24,Indore,2025-01-29
C05556,Customer 05556,Male,21,Dewas,2024-07-14
C05557,Customer 05557,Female,60,Indore,2025-07-03
C05558,Customer 05558,Male,58,Indore,2024-02-08
C05559,Customer 05559,Male,53,Indore,2024-05-28
C05560,Customer 05560,Male,39,Indore,2025-01-10
C05561,Customer 05561,Female,46,Dewas,2025-11-06
C05562,Customer 05562,Male,26,Indore,2024-12-31
C05563,Customer 05563,Male,43,Indore,2025-03-31
C05564,Customer 05564,Female,29,Indore,2024-10-02
C05565,Customer 05565,Female,65,Indore,2025-07-08
C05566,Customer 05566,Female,18,Indore,2025-05-24
C05567,Customer 05567,Male,25,Ujjain,2024-08-25
C05568,Customer 05568,Female,50,Indore,2025-02-08
C05569,Customer 05569,Male,21,Indore,2024-06-11
C05570,Customer 05570,Male,31,Ujjain,2024-11-15
C05571,Customer 05571,Female,46,Indore,2025-09-10
C05572,Customer 05572,Female,31,Indore,2025-09-08
C05573,Customer 05573,Female,26,Bhopal,2024-03-09
C05574,Customer 05574,Male,26,Indore,2024-04-18
C05575,Customer 05575,Male,43,Ujjain,2024-06-28
C05576,Customer 05576,Male,64,Indore,2024-05-11
C05577,Customer 05577,Other,59,Bhopal,2025-06-02
C05578,Customer 05578,Male,34,Indore,2025-03-30
C05579,Customer 05579,Male,58,Indore,2025-02-11
C05580,Customer 05580,Male,21,Dewas,2025-10-22
C05581,Customer 05581,Female,63,Indore,2024-07-03
C05582,Customer 05582,Male,20,Indore,2025-04-01
C05583,Customer 05583,Female,46,Indore,2025-05-19
C05584,Customer 05584,Male,42,Indore,2025-10-29
C05585,Customer 05585,Female,38,Indore,2025-05-24
C05586,Customer 05586,Male,29,Indore,2024-10-16
C05587,Customer 05587,Female,18,Dewas,2024-09-01
C05588,Customer 05588,Female,18,Dewas,2024-02-07
C05589,Customer 05589,Male,62,Indore,2024-04-24
C05590,Customer 05590,Female,63,Ujjain,2025-05-12
C05591,Customer 05591,Male,65,Indore,2024-12-02
C05592,Customer 05592,Female,24,Dewas,2025-04-03
C05593,Customer 05593,Female,27,Bhopal,2024-04-28
C05594,Customer 05594,Male,32,Indore,2025-10-05
C05595,Customer 05595,Male,57,Indore,2024-02-25
C05596,Customer 05596,Male,28,Indore,2025-02-27
C05597,Customer 05597,Male,63,Indore,2024-04-29
C05598,Customer 05598,Male,62,Indore,2024-02-19
C05599,Customer 05599,Male,40,Dewas,2024-12-30
C05600,Customer 05600,Male,30,Indore,2025-01-07
C05601,Customer 05601,Female,44,Ujjain,2024-12-27
C05602,Customer 05602,Male,58,Bhopal,2024-03-22
C05603,Customer 05603,Male,34,Indore,2025-07-14
C05604,Customer 05604,Female,30,Indore,2024-02-17
C05605,Customer 05605,Male,29,Indore,2025-10-07
C05606,Customer 05606,Male,46,Indore,2024-08-25
C05607,Customer 05607,Male,38,Indore,2025-01-16
C05608,Customer 05608,Female,37,Dewas,2025-01-23
C05609,Customer 05609,Female,37,Indore,2024-11-30
C05610,Customer 05610,Male,48,Indore,2025-11-15
C05611,Customer 05611,Female,25,Indore,2025-10-18
C05612,Customer 05612,Female,41,Indore,2024-07-05
C05613,Customer 05613,Female,28,Indore,2024-04-29
C05614,Customer 05614,Female,56,Bhopal,2025-11-26
C05615,Customer 05615,Female,50,Indore,2024-12-22
C05616,Customer 05616,Male,59,Indore,2024-12-28
C05617,Customer 05617,Male,32,Indore,2025-08-13
C05618,Customer 05618,Male,21,Indore,2024-06-11
C05619,Customer 05619,Female,18,Indore,2024-01-08
C05620,Customer 05620,Female,49,Indore,2025-09-02
C05621,Customer 05621,Female,28,Indore,2024-11-12
C05622,Customer 05622,Other,47,Indore,2024-01-27
C05623,Customer 05623,Male,54,Indore,2024-10-02
C05624,Customer 05624,Female,36,Indore,2025-04-16
C05625,Customer 05625,Female,53,Indore,2025-12-16
C05626,Customer 05626,Female,51,Indore,2025-11-02
C05627,Customer 05627,Other,24,Indore,2025-04-21
C05628,Customer 05628,Female,62,Indore,2024-06-26
C05629,Customer 05629,Male,37,Indore,2025-12-04
C05630,Customer 05630,Female,29,Bhopal,2025-07-05
C05631,Customer 05631,Male,49,Dewas,2024-12-25
C05632,Customer 05632,Female,19,Indore,2024-08-23
C05633,Customer 05633,Female,39,Indore,2024-02-02
C05634,Customer 05634,Male,58,Ujjain,2025-06-24
C05635,Customer 05635,Female,65,Ujjain,2025-06-28
C05636,Customer 05636,Male,57,Indore,2024-04-09
C05637,Customer 05637,Male,41,Dewas,2025-10-18
C05638,Customer 05638,Male,48,Indore,2024-11-25
C05639,Customer 05639,Female,21,Indore,2024-03-05
C05640,Customer 05640,Female,41,Indore,2024-05-01
C05641,Customer 05641,Female,60,Bhopal,2025-07-08
C05642,Customer 05642,Male,34,Indore,2025-12-21
C05643,Customer 05643,Female,57,Indore,2025-04-20
C05644,Customer 05644,Female,36,Indore,2024-05-06
C05645,Customer 05645,Male,57,Indore,2024-07-04
C05646,Customer 05646,Male,55,Indore,2024-03-31
C05647,Customer 05647,Male,51,Indore,2025-07-08
C05648,Customer 05648,Female,64,Indore,2024-02-15
C05649,Customer 05649,Female,50,Indore,2024-01-25
C05650,Customer 05650,Female,23,Indore,2025-12-07
C05651,Customer 05651,Male,53,Indore,2024-12-14
C05652,Customer 05652,Female,30,Indore,2025-09-02
C05653,Customer 05653,Male,64,Indore,2025-03-10
C05654,Customer 05654,Male,26,Indore,2024-11-25
C05655,Customer 05655,Female,52,Indore,2024-10-20
C05656,Customer 05656,Male,51,Indore,2024-09-02
C05657,Customer 05657,Female,33,Indore,2024-06-14
C05658,Customer 05658,Male,35,Ujjain,2024-09-13
C05659,Customer 05659,Female,35,Indore,2024-12-17
C05660,Customer 05660,Male,55,Indore,2024-07-07
C05661,Customer 05661,Female,60,Indore,2025-11-28
C05662,Customer 05662,Male,49,Indore,2025-11-24
C05663,Customer 05663,Male,24,Indore,2024-10-01
C05664,Customer 05664,Female,40,Indore,2024-02-03
C05665,Customer 05665,Male,40,Dewas,2025-12-19
C05666,Customer 05666,Female,63,Indore,2025-07-09
C05667,Customer 05667,Other,35,Indore,2025-05-04
C05668,Customer 05668,Male,24,Indore,2025-05-13
C05669,Customer 05669,Male,59,Dewas,2024-09-01
C05670,Customer 05670,Female,57,Indore,2024-09-10
C05671,Customer 05671,Female,41,Bhopal,2024-04-18
C05672,Customer 05672,Female,31,Indore,2024-11-18
C05673,Customer 05673,Female,22,Indore,2024-04-23
C05674,Customer 05674,Female,63,Indore,2025-04-29
C05675,Customer 05675,Male,39,Indore,2024-10-04
C05676,Customer 05676,Female,39,Indore,2024-01-29
C05677,Customer 05677,Female,27,Indore,2025-02-01
C05678,Customer 05678,Male,43,Bhopal,2024-08-09
C05679,Customer 05679,Male,32,Indore,2024-11-13
C05680,Customer 05680,Male,55,Indore,2024-09-27
C05681,Customer 05681,Male,58,Ujjain,2025-02-01
C05682,Customer 05682,Female,59,Indore,2025-03-26
C05683,Customer 05683,Male,18,Indore,2025-08-31
C05684,Customer 05684,Male,31,Indore,2024-12-08
C05685,Customer 05685,Male,53,Indore,2025-01-15
C05686,Customer 05686,Other,48,Bhopal,2025-01-10
C05687,Customer 05687,Female,45,Indore,2024-12-05
C05688,Customer 05688,Male,51,Dewas,2024-01-07
C05689,Customer 05689,Male,52,Bhopal,2024-09-29
C05690,Customer 05690,Other,56,Indore,2024-10-14
C05691,Customer 05691,Female,40,Indore,2025-12-17
C05692,Customer 05692,Male,63,Indore,2024-07-02
C05693,Customer 05693,Male,61,Indore,2025-07-23
C05694,Customer 05694,Male,36,Indore,2025-09-14
C05695,Customer 05695,Male,35,Indore,2024-07-04
C05696,Customer 05696,Female,32,Bhopal,2025-10-04
C05697,Customer 05697,Female,18,Indore,2025-08-23
C05698,Customer 05698,Male,42,Indore,2025-04-24
C05699,Customer 05699,Female,43,Indore,2025-09-21
C05700,Customer 05700,Male,52,Indore,2024-09-13
C05701,Customer 05701,Female,32,Indore,2025-05-18
C05702,Customer 05702,Female,21,Indore,2024-04-19
C05703,Customer 05703,Male,32,Indore,2025-08-01
C05704,Customer 05704,Male,59,Indore,2024-05-27
C05705,Customer 05705,Female,55,Dewas,2024-08-01
C05706,Customer 05706,Male,62,Indore,2025-07-27
C05707,Customer 05707,Male,56,Indore,2025-07-21
C05708,Customer 05708,Female,18,Indore,2025-03-12
C05709,Customer 05709,Other,39,Indore,2024-11-29
C05710,Customer 05710,Male,28,Bhopal,2025-03-04
C05711,Customer 05711,Female,63,Indore,2024-04-05
C05712,Customer 05712,Male,55,Ujjain,2025-10-19
C05713,Customer 05713,Female,54,Dewas,2024-02-17
C05714,Customer 05714,Female,43,Indore,2024-10-04
C05715,Customer 05715,Female,44,Indore,2024-07-21
C05716,Customer 05716,Male,30,Dewas,2024-07-17
C05717,Customer 05717,Female,24,Indore,2025-05-22
C05718,Customer 05718,Female,25,Indore,2024-11-24
C05719,Customer 05719,Male,63,Indore,2024-05-03
C05720,Customer 05720,Male,40,Indore,2024-07-18
C05721,Customer 05721,Male,43,Indore,2024-03-15
C05722,Customer 05722,Male,61,Bhopal,2024-06-05
C05723,Customer 05723,Female,44,Indore,2024-05-13
C05724,Customer 05724,Male,26,Indore,2024-11-07
C05725,Customer 05725,Male,63,Indore,2024-04-29
C05726,Customer 05726,Female,55,Indore,2024-01-12
C05727,Customer 05727,Male,64,Indore,2025-09-11
C05728,Customer 05728,Female,30,Bhopal,2025-06-28
C05729,Customer 05729,Male,24,Indore,2024-04-29
C05730,Customer 05730,Female,28,Indore,2024-03-23
C05731,Customer 05731,Female,27,Indore,2025-11-23
C05732,Customer 05732,Female,50,Indore,2024-08-15
C05733,Customer 05733,Male,56,Indore,2024-07-04
C05734,Customer 05734,Female,20,Indore,2024-07-29
C05735,Customer 05735,Male,58,Indore,2024-02-12
C05736,Customer 05736,Male,46,Indore,2025-05-23
C05737,Customer 05737,Male,54,Indore,2024-03-13
C05738,Customer 05738,Female,62,Indore,2024-01-19
C05739,Customer 05739,Male,33,Indore,2024-06-13
C05740,Customer 05740,Female,33,Indore,2024-09-23
C05741,Customer 05741,Male,61,Indore,2025-03-15
C05742,Customer 05742,Male,60,Indore,2024-05-07
C05743,Customer 05743,Female,24,Indore,2025-03-28
C05744,Customer 05744,Male,32,Indore,2024-10-27
C05745,Customer 05745,Female,55,Indore,2024-11-13
C05746,Customer 05746,Male,23,Ujjain,2025-10-15
C05747,Customer 05747,Female,35,Indore,2024-02-03
C05748,Customer 05748,Female,36,Indore,2024-04-07
C05749,Customer 05749,Male,19,Indore,2024-07-28
C05750,Customer 05750,Male,20,Indore,2024-11-11
C05751,Customer 05751,Female,63,Indore,2024-11-15
C05752,Customer 05752,Female,42,Indore,2025-12-10
C05753,Customer 05753,Male,53,Indore,2025-03-10
C05754,Customer 05754,Male,45,Indore,2024-09-12
C05755,Customer 05755,Female,55,Indore,2025-07-07
C05756,Customer 05756,Female,45,Indore,2025-02-08
C05757,Customer 05757,Male,49,Indore,2025-09-07
C05758,Customer 05758,Male,58,Indore,2025-03-29
C05759,Customer 05759,Male,53,Indore,2024-07-07
C05760,Customer 05760,Female,56,Indore,2025-07-27
C05761,Customer 05761,Male,53,Indore,2025-01-22
C05762,Customer 05762,Other,60,Indore,2024-05-22
C05763,Customer 05763,Male,40,Indore,2024-08-09
C05764,Customer 05764,Male,19,Indore,2025-03-15
C05765,Customer 05765,Female,27,Bhopal,2025-06-15
C05766,Customer 05766,Female,23,Indore,2024-10-06
C05767,Customer 05767,Female,25,Indore,2024-09-04
C05768,Customer 05768,Male,32,Indore,2024-04-25
C05769,Customer 05769,Female,62,Indore,2025-02-08
C05770,Customer 05770,Female,46,Indore,2024-09-11
C05771,Customer 05771,Male,45,Indore,2024-10-23
C05772,Customer 05772,Male,39,Indore,2025-06-08
C05773,Customer 05773,Male,51,Indore,2025-07-11
C05774,Customer 05774,Male,37,Indore,2024-11-29
C05775,Customer 05775,Female,50,Indore,2024-03-11
C05776,Customer 05776,Male,32,Indore,2024-02-28
C05777,Customer 05777,Female,24,Indore,2025-12-16
C05778,Customer 05778,Female,41,Indore,2024-02-20
C05779,Customer 05779,Female,43,Indore,2024-01-16
C05780,Customer 05780,Female,27,Dewas,2025-05-18
C05781,Customer 05781,Male,32,Indore,2024-02-20
C05782,Customer 05782,Male,54,Indore,2024-05-07
C05783,Customer 05783,Male,41,Indore,2024-06-18
C05784,Customer 05784,Female,28,Indore,2025-08-02
C05785,Customer 05785,Male,57,Indore,2025-09-24
C05786,Customer 05786,Female,38,Indore,2024-06-28
C05787,Customer 05787,Male,57,Indore,2024-11-23
C05788,Customer 05788,Male,55,Bhopal,2025-12-03
C05789,Customer 05789,Male,32,Indore,2024-10-27
C05790,Customer 05790,Female,32,Indore,2024-09-07
C05791,Customer 05791,Female,54,Indore,2025-06-01
C05792,Customer 05792,Male,62,Indore,2024-09-18
C05793,Customer 05793,Female,31,Indore,2024-03-31
C05794,Customer 05794,Male,60,Indore,2024-07-12
C05795,Customer 05795,Other,38,Indore,2024-11-24
C05796,Customer 05796,Female,61,Indore,2024-03-04
C05797,Customer 05797,Male,37,Dewas,2024-10-20
C05798,Customer 05798,Female,50,Indore,2024-08-13
C05799,Customer 05799,Male,20,Indore,2025-03-20
C05800,Customer 05800,Female,57,Indore,2024-11-29
C05801,Customer 05801,Male,40,Indore,2024-03-03
C05802,Customer 05802,Female,61,Indore,2025-05-11
C05803,Customer 05803,Male,64,Indore,2025-08-05
C05804,Customer 05804,Female,40,Indore,2025-06-15
C05805,Customer 05805,Female,44,Indore,2025-04-03
C05806,Customer 05806,Female,52,Ujjain,2024-11-28
C05807,Customer 05807,Female,42,Bhopal,2024-09-01
C05808,Customer 05808,Female,49,Indore,2024-03-04
C05809,Customer 05809,Male,39,Indore,2024-09-22
C05810,Customer 05810,Male,25,Indore,2024-06-10
C05811,Customer 05811,Male,55,Indore,2024-02-14
C05812,Customer 05812,Other,35,Indore,2024-01-25
C05813,Customer 05813,Male,45,Indore,2024-10-26
C05814,Customer 05814,Female,45,Indore,2024-08-12
C05815,Customer 05815,Female,28,Indore,2024-03-14
C05816,Customer 05816,Male,29,Indore,2024-04-25
C05817,Customer 05817,Male,19,Indore,2024-05-31
C05818,Customer 05818,Male,54,Indore,2025-08-03
C05819,Customer 05819,Male,21,Indore,2025-12-14
C05820,Customer 05820,Male,58,Indore,2024-03-31
C05821,Customer 05821,Male,62,Indore,2025-07-15
C05822,Customer 05822,Female,62,Dewas,2024-10-15
C05823,Customer 05823,Female,64,Indore,2024-04-01
C05824,Customer 05824,Male,51,Dewas,2025-01-21
C05825,Customer 05825,Male,40,Indore,2025-02-18
C05826,Customer 05826,Male,30,Indore,2025-06-24
C05827,Customer 05827,Female,24,Indore,2024-06-20
C05828,Customer 05828,Female,49,Indore,2025-11-15
C05829,Customer 05829,Male,40,Indore,2025-01-06
C05830,Customer 05830,Male,25,Indore,2025-05-12
C05831,Customer 05831,Female,64,Bhopal,2024-08-23
C05832,Customer 05832,Female,64,Ujjain,2024-02-11
C05833,Customer 05833,Male,54,Indore,2024-05-28
C05834,Customer 05834,Female,51,Indore,2025-12-25
C05835,Customer 05835,Male,65,Indore,2025-11-17
C05836,Customer 05836,Male,46,Indore,2025-09-02
C05837,Customer 05837,Female,54,Indore,2025-04-22
C05838,Customer 05838,Female,40,Indore,2024-04-29
C05839,Customer 05839,Male,55,Indore,2025-06-12
C05840,Customer 05840,Female,46,Indore,2025-06-24
C05841,Customer 05841,Male,61,Indore,2024-02-17
C05842,Customer 05842,Female,22,Bhopal,2025-01-20
C05843,Customer 05843,Male,57,Indore,2024-05-07
C05844,Customer 05844,Female,28,Indore,2025-05-16
C05845,Customer 05845,Female,31,Indore,2025-03-22
C05846,Customer 05846,Male,59,Indore,2025-08-02
C05847,Customer 05847,Female,19,Bhopal,2024-02-08
C05848,Customer 05848,Female,52,Indore,2025-04-17
C05849,Customer 05849,Female,62,Bhopal,2024-05-12
C05850,Customer 05850,Male,52,Indore,2024-04-28
C05851,Customer 05851,Female,59,Indore,2024-11-19
C05852,Customer 05852,Female,45,Indore,2024-02-21
C05853,Customer 05853,Male,25,Ujjain,2024-05-15
C05854,Customer 05854,Female,49,Indore,2025-02-07
C05855,Customer 05855,Male,21,Indore,2024-06-17
C05856,Customer 05856,Male,62,Indore,2025-08-04
C05857,Customer 05857,Female,24,Indore,2025-07-01
C05858,Customer 05858,Female,56,Ujjain,2025-05-31
C05859,Customer 05859,Female,65,Indore,2024-12-25
C05860,Customer 05860,Male,44,Indore,2025-10-21
C05861,Customer 05861,Female,54,Indore,2024-08-24
C05862,Customer 05862,Male,34,Indore,2024-03-08
C05863,Customer 05863,Male,27,Dewas,2024-05-29
C05864,Customer 05864,Male,21,Indore,2025-04-25
C05865,Customer 05865,Female,40,Indore,2025-02-18
C05866,Customer 05866,Female,31,Indore,2024-08-08
C05867,Customer 05867,Female,22,Dewas,2024-09-17
C05868,Customer 05868,Female,19,Indore,2024-09-22
C05869,Customer 05869,Male,63,Indore,2025-04-03
C05870,Customer 05870,Female,41,Bhopal,2025-09-17
C05871,Customer 05871,Male,35,Indore,2025-11-07
C05872,Customer 05872,Male,44,Indore,2024-02-25
C05873,Customer 05873,Male,41,Indore,2025-02-11
C05874,Customer 05874,Female,46,Indore,2025-04-13
C05875,Customer 05875,Female,28,Ujjain,2024-08-30
C05876,Customer 05876,Female,65,Indore,2025-05-28
C05877,Customer 05877,Male,35,Indore,2025-10-16
C05878,Customer 05878,Male,65,Indore,2024-06-17
C05879,Customer 05879,Female,21,Indore,2025-07-28
C05880,Customer 05880,Male,50,Indore,2025-03-08
C05881,Customer 05881,Female,31,Indore,2025-10-27
C05882,Customer 05882,Female,61,Indore,2025-07-31
C05883,Customer 05883,Male,59,Ujjain,2024-10-11
C05884,Customer 05884,Female,49,Indore,2025-03-29
C05885,Customer 05885,Female,21,Indore,2024-07-06
C05886,Customer 05886,Male,37,Indore,2025-12-05
C05887,Customer 05887,Female,38,Indore,2024-10-22
C05888,Customer 05888,Male,20,Indore,2025-06-06
C05889,Customer 05889,Female,42,Ujjain,2025-11-22
C05890,Customer 05890,Female,21,Indore,2025-01-16
C05891,Customer 05891,Female,64,Indore,2024-12-08
C05892,Customer 05892,Female,28,Indore,2025-08-24
C05893,Customer 05893,Male,33,Indore,2024-08-10
C05894,Customer 05894,Female,53,Ujjain,2024-11-30
C05895,Customer 05895,Male,23,Indore,2025-04-01
C05896,Customer 05896,Female,48,Indore,2025-03-23
C05897,Customer 05897,Female,57,Indore,2025-09-06
C05898,Customer 05898,Male,30,Indore,2024-12-02
C05899,Customer 05899,Male,40,Dewas,2024-12-20
C05900,Customer 05900,Female,21,Indore,2024-12-21
C05901,Customer 05901,Female,54,Indore,2024-08-19
C05902,Customer 05902,Male,59,Indore,2024-09-23
C05903,Customer 05903,Male,54,Indore,2024-07-08
C05904,Customer 05904,Male,61,Indore,2024-02-17
C05905,Customer 05905,Female,50,Indore,2024-10-10
C05906,Customer 05906,Male,59,Indore,2024-02-24
C05907,Customer 05907,Female,46,Indore,2024-12-04
C05908,Customer 05908,Male,54,Indore,2024-04-28
C05909,Customer 05909,Female,36,Indore,2024-01-02
C05910,Customer 05910,Male,37,Indore,2024-08-11
C05911,Customer 05911,Female,49,Indore,2024-07-21
C05912,Customer 05912,Male,61,Indore,2025-10-17
C05913,Customer 05913,Female,33,Indore,2024-01-11
C05914,Customer 05914,Male,22,Indore,2024-09-15
C05915,Customer 05915,Female,63,Indore,2024-10-24
C05916,Customer 05916,Female,29,Indore,2025-10-30
C05917,Customer 05917,Male,62,Indore,2024-07-15
C05918,Customer 05918,Female,38,Indore,2025-08-26
C05919,Customer 05919,Female,31,Bhopal,2025-02-18
C05920,Customer 05920,Male,54,Indore,2024-11-28
C05921,Customer 05921,Male,39,Indore,2024-06-01
C05922,Customer 05922,Male,47,Indore,2025-01-10
C05923,Customer 05923,Female,40,Indore,2024-05-13
C05924,Customer 05924,Female,22,Indore,2024-04-25
C05925,Customer 05925,Male,46,Indore,2024-03-07
C05926,Customer 05926,Female,47,Indore,2025-10-23
C05927,Customer 05927,Female,35,Indore,2024-09-12
C05928,Customer 05928,Female,63,Indore,2025-07-06
C05929,Customer 05929,Female,18,Indore,2025-11-23
C05930,Customer 05930,Female,56,Indore,2024-07-06
C05931,Customer 05931,Female,34,Indore,2024-02-08
C05932,Customer 05932,Male,20,Indore,2025-04-24
C05933,Customer 05933,Female,59,Indore,2024-11-22
C05934,Customer 05934,Male,24,Indore,2025-12-29
C05935,Customer 05935,Male,44,Indore,2024-05-09
C05936,Customer 05936,Male,45,Indore,2025-09-17
C05937,Customer 05937,Female,61,Indore,2024-03-03
C05938,Customer 05938,Female,48,Indore,2024-04-06
C05939,Customer 05939,Male,32,Bhopal,2025-02-15
C05940,Customer 05940,Male,65,Indore,2025-06-13
C05941,Customer 05941,Male,25,Ujjain,2025-03-21
C05942,Customer 05942,Female,23,Ujjain,2025-12-17
C05943,Customer 05943,Male,45,Indore,2025-12-25
C05944,Customer 05944,Female,21,Indore,2025-08-31
C05945,Customer 05945,Male,47,Indore,2024-08-23
C05946,Customer 05946,Male,60,Indore,2025-11-10
C05947,Customer 05947,Male,34,Indore,2025-07-25
C05948,Customer 05948,Male,51,Indore,2024-03-25
C05949,Customer 05949,Female,23,Indore,2024-12-20
C05950,Customer 05950,Male,53,Indore,2025-02-05
C05951,Customer 05951,Male,52,Indore,2024-06-14
C05952,Customer 05952,Male,56,Indore,2024-08-15
C05953,Customer 05953,Male,56,Bhopal,2025-01-01
C05954,Customer 05954,Male,33,Indore,2025-02-13
C05955,Customer 05955,Male,19,Indore,2024-02-29
C05956,Customer 05956,Female,25,Indore,2024-06-12
C05957,Customer 05957,Female,32,Indore,2024-08-17
C05958,Customer 05958,Male,44,Indore,2025-08-16
C05959,Customer 05959,Male,33,Indore,2024-06-05
C05960,Customer 05960,Female,18,Indore,2025-12-03
C05961,Customer 05961,Male,27,Indore,2025-01-08
C05962,Customer 05962,Male,24,Indore,2024-08-29
C05963,Customer 05963,Male,65,Indore,2024-06-16
C05964,Customer 05964,Male,27,Indore,2024-04-30
C05965,Customer 05965,Female,29,Indore,2024-01-02
C05966,Customer 05966,Male,34,Indore,2024-04-27
C05967,Customer 05967,Female,62,Indore,2025-10-09
C05968,Customer 05968,Male,29,Indore,2025-09-30
C05969,Customer 05969,Male,32,Indore,2025-05-21
C05970,Customer 05970,Female,63,Indore,2025-01-08
C05971,Customer 05971,Male,49,Indore,2024-04-17
C05972,Customer 05972,Female,49,Indore,2024-10-25
C05973,Customer 05973,Male,43,Indore,2025-03-08
C05974,Customer 05974,Female,31,Indore,2024-04-21
C05975,Customer 05975,Male,43,Indore,2025-02-09
C05976,Customer 05976,Female,22,Indore,2025-05-14
C05977,Customer 05977,Male,55,Indore,2025-11-05
C05978,Customer 05978,Female,63,Indore,2024-01-19
C05979,Customer 05979,Male,21,Indore,2024-01-20
C05980,Customer 05980,Female,45,Indore,2025-07-14
C05981,Customer 05981,Male,18,Bhopal,2025-05-20
C05982,Customer 05982,Female,30,Indore,2024-06-02
C05983,Customer 05983,Male,60,Indore,2025-05-29
C05984,Customer 05984,Male,20,Indore,2025-04-22
C05985,Customer 05985,Male,42,Indore,2025-01-18
C05986,Customer 05986,Male,59,Indore,2025-11-11
C05987,Customer 05987,Male,33,Indore,2024-07-16
C05988,Customer 05988,Female,38,Indore,2024-06-27
C05989,Customer 05989,Female,30,Indore,2025-09-06
C05990,Customer 05990,Male,61,Indore,2025-06-11
C05991,Customer 05991,Female,53,Indore,2024-02-16
C05992,Customer 05992,Female,25,Indore,2025-07-11
C05993,Customer 05993,Male,61,Indore,2025-09-03
C05994,Customer 05994,Female,36,Indore,2024-07-01
C05995,Customer 05995,Female,64,Indore,2024-12-19
C05996,Customer 05996,Other,33,Indore,2025-05-01
C05997,Customer 05997,Male,29,Indore,2024-08-03
C05998,Customer 05998,Female,37,Indore,2025-02-26
C05999,Customer 05999,Male,35,Indore,2025-10-07
C06000,Customer 06000,Male,29,Indore,2024-01-09
C06001,Customer 06001,Male,65,Indore,2024-07-31
C06002,Customer 06002,Other,42,Dewas,2024-05-18
C06003,Customer 06003,Female,28,Indore,2024-11-16
C06004,Customer 06004,Female,39,Indore,2024-03-31
C06005,Customer 06005,Female,63,Indore,2024-11-10
C06006,Customer 06006,Male,51,Indore,2024-04-21
C06007,Customer 06007,Male,30,Indore,2024-04-22
C06008,Customer 06008,Male,63,Indore,2025-12-10
C06009,Customer 06009,Male,55,Indore,2025-01-08
C06010,Customer 06010,Female,29,Indore,2024-09-19
C06011,Customer 06011,Female,56,Dewas,2025-01-02
C06012,Customer 06012,Male,53,Indore,2025-01-12
C06013,Customer 06013,Male,45,Indore,2025-11-04
C06014,Customer 06014,Male,44,Indore,2025-08-18
C06015,Customer 06015,Male,56,Indore,2025-07-10
C06016,Customer 06016,Female,30,Ujjain,2024-02-14
C06017,Customer 06017,Female,60,Indore,2024-09-27
C06018,Customer 06018,Female,57,Dewas,2025-05-09
C06019,Customer 06019,Male,44,Indore,2025-12-22
C06020,Customer 06020,Male,48,Indore,2025-11-16
C06021,Customer 06021,Male,19,Indore,2024-09-03
C06022,Customer 06022,Female,35,Indore,2024-06-22
C06023,Customer 06023,Female,43,Indore,2024-02-05
C06024,Customer 06024,Male,59,Indore,2024-10-28
C06025,Customer 06025,Female,48,Indore,2024-06-06
C06026,Customer 06026,Male,55,Dewas,2025-10-12
C06027,Customer 06027,Female,39,Indore,2024-02-02
C06028,Customer 06028,Female,53,Dewas,2025-01-16
C06029,Customer 06029,Female,36,Indore,2025-02-27
C06030,Customer 06030,Female,31,Indore,2025-11-13
C06031,Customer 06031,Male,31,Indore,2025-09-13
C06032,Customer 06032,Male,46,Indore,2025-11-09
C06033,Customer 06033,Male,34,Indore,2025-09-28
C06034,Customer 06034,Male,54,Dewas,2025-12-26
C06035,Customer 06035,Female,26,Indore,2024-10-21
C06036,Customer 06036,Female,18,Indore,2025-11-23
C06037,Customer 06037,Male,21,Indore,2025-08-17
C06038,Customer 06038,Female,24,Indore,2025-02-18
C06039,Customer 06039,Male,28,Indore,2024-11-14
C06040,Customer 06040,Male,31,Indore,2024-01-25
C06041,Customer 06041,Male,59,Dewas,
C06042,Customer 06042,Male,36,Dewas,2025-03-09
C06043,Customer 06043,Male,57,Indore,2024-02-28
C06044,Customer 06044,Male,20,Indore,2024-06-25
C06045,Customer 06045,Male,25,Indore,2025-06-25
C06046,Customer 06046,Other,46,Dewas,2024-02-14
C06047,Customer 06047,Male,54,Dewas,2025-03-27
C06048,Customer 06048,Male,60,Dewas,2024-11-04
C06049,Customer 06049,Male,26,Indore,2024-06-02
C06050,Customer 06050,Female,36,Indore,2025-07-05
C06051,Customer 06051,Male,29,Indore,2024-05-19
C06052,Customer 06052,Female,44,Indore,2025-08-04
C06053,Customer 06053,Female,54,Indore,2025-01-19
C06054,Customer 06054,Female,65,Bhopal,2025-10-09
C06055,Customer 06055,Female,42,Indore,2025-09-15
C06056,Customer 06056,Male,62,Ujjain,2024-02-02
C06057,Customer 06057,Male,55,Dewas,2025-12-08
C06058,Customer 06058,Male,65,Dewas,2025-01-05
C06059,Customer 06059,Female,34,Indore,2024-06-26
C06060,Customer 06060,Male,61,Indore,2024-12-25
C06061,Customer 06061,Male,50,Indore,2025-10-07
C06062,Customer 06062,Female,56,Indore,2025-12-03
C06063,Customer 06063,Male,31,Indore,2025-03-11
C06064,Customer 06064,Female,45,Indore,2024-01-06
C06065,Customer 06065,Female,35,Indore,2025-11-21
C06066,Customer 06066,Male,50,Ujjain,2025-09-09
C06067,Customer 06067,Male,59,Dewas,2024-08-18
C06068,Customer 06068,Male,32,Indore,2025-02-04
C06069,Customer 06069,Female,28,Ujjain,2025-12-27
C06070,Customer 06070,Female,53,Indore,2025-09-08
C06071,Customer 06071,Female,32,Indore,2024-01-23
C06072,Customer 06072,Female,65,Indore,2024-06-09
C06073,Customer 06073,Female,47,Indore,2024-07-12
C06074,Customer 06074,Male,32,Indore,2024-09-22
C06075,Customer 06075,Male,40,Indore,2024-03-23
C06076,Customer 06076,Female,60,Indore,2024-06-16
C06077,Customer 06077,Male,65,Indore,2025-10-16
C06078,Customer 06078,Male,32,Ujjain,2025-07-08
C06079,Customer 06079,Female,46,Dewas,2024-12-09
C06080,Customer 06080,Male,28,Indore,2024-01-12
C06081,Customer 06081,Female,62,Indore,2025-06-17
C06082,Customer 06082,Female,35,Indore,2025-06-13
C06083,Customer 06083,Male,57,Indore,2025-03-25
C06084,Customer 06084,Female,48,Dewas,2025-07-27
C06085,Customer 06085,Male,26,Indore,2025-12-01
C06086,Customer 06086,Male,39,Bhopal,2025-08-13
C06087,Customer 06087,Male,28,Indore,2025-05-04
C06088,Customer 06088,Male,34,Indore,2024-06-15
C06089,Customer 06089,Male,50,Indore,2025-10-23
C06090,Customer 06090,Male,28,Indore,2025-04-09
C06091,Customer 06091,Male,56,Indore,2025-09-08
C06092,Customer 06092,Male,25,Indore,2024-01-07
C06093,Customer 06093,Female,21,Indore,2024-06-11
C06094,Customer 06094,Female,53,Indore,2024-07-13
C06095,Customer 06095,Male,36,Indore,2024-11-14
C06096,Customer 06096,Male,41,Indore,2024-05-09
C06097,Customer 06097,Male,58,Indore,2024-04-18
C06098,Customer 06098,Male,35,Indore,2024-08-06
C06099,Customer 06099,Female,50,Bhopal,2025-05-20
C06100,Customer 06100,Female,63,Indore,2025-03-04
C06101,Customer 06101,Male,53,Indore,2025-10-03
C06102,Customer 06102,Male,27,Indore,2024-08-31
C06103,Customer 06103,Male,31,Indore,2025-03-13
C06104,Customer 06104,Female,24,Indore,2024-11-02
C06105,Customer 06105,Male,29,Indore,2025-08-19
C06106,Customer 06106,Other,39,Indore,2024-09-11
C06107,Customer 06107,Female,44,Indore,2024-11-22
C06108,Customer 06108,Male,65,Indore,2025-02-12
C06109,Customer 06109,Female,54,Indore,2024-01-01
C06110,Customer 06110,Female,28,Indore,2024-07-12
C06111,Customer 06111,Female,53,Dewas,2024-12-29
C06112,Customer 06112,Male,30,Indore,2024-05-01
C06113,Customer 06113,Male,49,Indore,2024-12-29
C06114,Customer 06114,Female,25,Indore,2024-01-04
C06115,Customer 06115,Female,24,Indore,2024-05-28
C06116,Customer 06116,Female,60,Indore,2024-03-01
C06117,Customer 06117,Female,60,Indore,2024-04-26
C06118,Customer 06118,Female,34,Indore,2025-11-14
C06119,Customer 06119,Female,39,Indore,2024-08-25
C06120,Customer 06120,Male,63,Indore,2024-05-17
C06121,Customer 06121,Female,51,Indore,2025-12-30
C06122,Customer 06122,Female,37,Indore,2025-04-02
C06123,Customer 06123,Female,25,Dewas,2025-04-29
C06124,Customer 06124,Female,39,Bhopal,2024-03-22
C06125,Customer 06125,Male,44,Indore,2025-12-14
C06126,Customer 06126,Female,51,Indore,2025-08-09
C06127,Customer 06127,Female,38,Indore,2024-02-16
C06128,Customer 06128,Male,32,Indore,2024-12-09
C06129,Customer 06129,Male,22,Indore,2024-12-04
C06130,Customer 06130,Male,55,Indore,2024-08-23
C06131,Customer 06131,Male,34,Indore,2025-04-08
C06132,Customer 06132,Male,25,Indore,2025-10-24
C06133,Customer 06133,Male,36,Dewas,2025-01-10
C06134,Customer 06134,Female,22,Indore,2024-05-02
C06135,Customer 06135,Female,40,Indore,2024-09-02
C06136,Customer 06136,Female,36,Indore,2024-09-10
C06137,Customer 06137,Female,31,Ujjain,2025-07-19
C06138,Customer 06138,Male,27,Indore,2025-11-29
C06139,Customer 06139,Male,48,Indore,2024-10-07
C06140,Customer 06140,Female,30,Indore,2024-03-07
C06141,Customer 06141,Male,39,Ujjain,2025-10-14
C06142,Customer 06142,Female,54,Indore,2025-06-16
C06143,Customer 06143,Female,56,Indore,2025-06-17
C06144,Customer 06144,Female,27,Ujjain,2024-06-23
C06145,Customer 06145,Other,48,Indore,2024-07-09
C06146,Customer 06146,Male,60,Indore,2024-10-11
C06147,Customer 06147,Male,52,Indore,2024-10-31
C06148,Customer 06148,Female,30,Indore,2025-02-10
C06149,Customer 06149,Male,47,Indore,2024-11-27
C06150,Customer 06150,Female,51,Indore,2024-10-31
C06151,Customer 06151,Male,53,Indore,2025-10-30
C06152,Customer 06152,Female,52,Bhopal,2025-07-04
C06153,Customer 06153,Female,64,Indore,2024-12-02
C06154,Customer 06154,Female,21,Indore,2024-01-30
C06155,Customer 06155,Male,21,Indore,2025-03-15
C06156,Customer 06156,Male,64,Indore,2024-09-14
C06157,Customer 06157,Female,23,Indore,2025-07-16
C06158,Customer 06158,Male,45,Indore,2024-08-21
C06159,Customer 06159,Female,47,Indore,2024-01-26
C06160,Customer 06160,Female,44,Ujjain,2025-06-06
C06161,Customer 06161,Female,22,Indore,2025-01-18
C06162,Customer 06162,Female,61,Indore,2025-06-19
C06163,Customer 06163,Male,56,Indore,2025-01-27
C06164,Customer 06164,Female,52,Indore,2025-04-06
C06165,Customer 06165,Female,56,Indore,2025-12-28
C06166,Customer 06166,Male,61,Indore,2024-05-17
C06167,Customer 06167,Female,32,Indore,2024-04-19
C06168,Customer 06168,Male,36,Indore,2025-04-19
C06169,Customer 06169,Male,47,Indore,2024-11-23
C06170,Customer 06170,Male,55,Indore,2024-07-24
C06171,Customer 06171,Female,49,Indore,2024-03-11
C06172,Customer 06172,Male,57,Indore,2024-07-28
C06173,Customer 06173,Female,46,Indore,2024-07-03
C06174,Customer 06174,Female,23,Indore,2025-08-24
C06175,Customer 06175,Male,43,Indore,2025-01-17
C06176,Customer 06176,Male,44,Indore,2025-02-02
C06177,Customer 06177,Female,52,Dewas,2025-06-28
C06178,Customer 06178,Male,45,Indore,2025-10-20
C06179,Customer 06179,Female,22,Indore,2025-11-12
C06180,Customer 06180,Male,58,Indore,2025-12-26
C06181,Customer 06181,Male,65,Indore,2024-11-09
C06182,Customer 06182,Female,33,Indore,2024-08-15
C06183,Customer 06183,Male,58,Indore,2025-10-19
C06184,Customer 06184,Male,35,Indore,2024-05-25
C06185,Customer 06185,Male,30,Indore,2024-01-22
C06186,Customer 06186,Male,60,Indore,2025-08-23
C06187,Customer 06187,Female,42,Indore,2025-11-22
C06188,Customer 06188,Female,27,Indore,2024-10-26
C06189,Customer 06189,Male,46,Indore,2024-09-21
C06190,Customer 06190,Female,27,Indore,2024-02-19
C06191,Customer 06191,Female,23,Ujjain,2025-01-09
C06192,Customer 06192,Male,33,Indore,2024-03-01
C06193,Customer 06193,Male,42,Indore,2024-01-19
C06194,Customer 06194,Female,61,Indore,2024-11-03
C06195,Customer 06195,Female,21,Indore,2025-06-20
C06196,Customer 06196,Female,54,Indore,2024-07-25
C06197,Customer 06197,Female,51,Indore,2024-11-20
C06198,Customer 06198,Male,36,Ujjain,2024-03-15
C06199,Customer 06199,Female,50,Indore,2025-10-14
C06200,Customer 06200,Female,21,Indore,2025-02-21
C06201,Customer 06201,Female,61,Indore,2024-11-23
C06202,Customer 06202,Male,51,Indore,2024-10-07
C06203,Customer 06203,Male,29,Indore,2025-08-25
C06204,Customer 06204,Male,48,Indore,2024-03-15
C06205,Customer 06205,Female,33,Indore,2025-07-29
C06206,Customer 06206,Male,19,Indore,2025-08-16
C06207,Customer 06207,Male,19,Indore,2025-10-11
C06208,Customer 06208,Male,53,Dewas,2025-08-31
C06209,Customer 06209,Male,23,Indore,2025-09-03
C06210,Customer 06210,Female,40,Indore,2024-08-28
C06211,Customer 06211,Female,56,Indore,2024-01-05
C06212,Customer 06212,Female,64,Indore,2024-08-02
C06213,Customer 06213,Male,61,Indore,2025-08-01
C06214,Customer 06214,Female,54,Indore,2025-05-01
C06215,Customer 06215,Male,63,Indore,2024-12-22
C06216,Customer 06216,Male,33,Indore,2025-01-28
C06217,Customer 06217,Male,60,Indore,2024-06-03
C06218,Customer 06218,Male,61,Indore,2025-01-25
C06219,Customer 06219,Male,36,Dewas,2025-01-03
C06220,Customer 06220,Female,41,Indore,2024-01-29
C06221,Customer 06221,Female,44,Indore,2025-02-26
C06222,Customer 06222,Female,24,Indore,2024-01-09
C06223,Customer 06223,Male,47,Indore,2024-07-18
C06224,Customer 06224,Male,58,Indore,2025-03-20
C06225,Customer 06225,Male,31,Ujjain,2024-11-29
C06226,Customer 06226,Other,61,Bhopal,2024-08-17
C06227,Customer 06227,Female,32,Indore,2025-01-27
C06228,Customer 06228,Female,29,Indore,2024-11-03
C06229,Customer 06229,Male,46,Dewas,2024-11-26
C06230,Customer 06230,Female,40,Indore,2024-12-25
C06231,Customer 06231,Male,30,Dewas,2025-11-05
C06232,Customer 06232,Female,26,Indore,2025-08-09
C06233,Customer 06233,Female,41,Indore,2024-07-01
C06234,Customer 06234,Female,56,Bhopal,2025-01-21
C06235,Customer 06235,Female,47,Indore,2024-04-18
C06236,Customer 06236,Male,18,Indore,2024-12-04
C06237,Customer 06237,Female,27,Indore,
C06238,Customer 06238,Female,55,Ujjain,2024-06-29
C06239,Customer 06239,Male,64,Indore,2025-06-23
C06240,Customer 06240,Male,32,Ujjain,2025-07-18
C06241,Customer 06241,Male,26,Indore,2025-03-12
C06242,Customer 06242,Male,30,Bhopal,2024-02-09
C06243,Customer 06243,Male,40,Indore,2024-08-09
C06244,Customer 06244,Female,50,Indore,2024-10-23
C06245,Customer 06245,Male,26,Indore,2025-11-08
C06246,Customer 06246,Male,20,Indore,2024-01-29
C06247,Customer 06247,Female,47,Bhopal,2025-12-01
C06248,Customer 06248,Female,26,Indore,2024-07-20
C06249,Customer 06249,Female,42,Indore,2025-04-29
C06250,Customer 06250,Male,64,Indore,2024-05-09
C06251,Customer 06251,Female,41,Indore,2024-02-17
C06252,Customer 06252,Female,49,Indore,2025-02-19
C06253,Customer 06253,Male,24,Indore,2025-08-22
C06254,Customer 06254,Male,53,Indore,2025-07-24
C06255,Customer 06255,Female,42,Indore,2025-04-01
C06256,Customer 06256,Female,37,Indore,2024-02-18
C06257,Customer 06257,Female,34,Ujjain,2025-12-28
C06258,Customer 06258,Female,53,Dewas,2024-03-16
C06259,Customer 06259,Female,43,Indore,2025-06-29
C06260,Customer 06260,Female,36,Bhopal,2024-09-04
C06261,Customer 06261,Male,54,Indore,2024-10-16
C06262,Customer 06262,Male,65,Indore,2025-06-18
C06263,Customer 06263,Male,20,Indore,2025-06-14
C06264,Customer 06264,Female,60,Indore,2025-03-11
C06265,Customer 06265,Female,45,Indore,2025-01-17
C06266,Customer 06266,Female,39,Indore,2024-04-05
C06267,Customer 06267,Male,64,Dewas,2024-09-07
C06268,Customer 06268,Female,36,Indore,2024-08-28
C06269,Customer 06269,Male,63,Indore,2024-10-31
C06270,Customer 06270,Male,33,Indore,2025-07-10
C06271,Customer 06271,Female,23,Indore,2025-08-10
C06272,Customer 06272,Female,54,Indore,2025-09-10
C06273,Customer 06273,Other,48,Indore,2025-07-25
C06274,Customer 06274,Male,65,Indore,2025-03-15
C06275,Customer 06275,Male,51,Indore,2025-05-02
C06276,Customer 06276,Male,48,Ujjain,2025-05-12
C06277,Customer 06277,Male,28,Indore,2024-05-11
C06278,Customer 06278,Female,53,Ujjain,2025-02-05
C06279,Customer 06279,Female,23,Indore,2025-10-30
C06280,Customer 06280,Female,44,Bhopal,2025-01-10
C06281,Customer 06281,Male,24,Indore,2025-07-20
C06282,Customer 06282,Female,49,Indore,2025-11-28
C06283,Customer 06283,Male,25,Indore,2025-11-17
C06284,Customer 06284,Female,50,Indore,2025-06-26
C06285,Customer 06285,Male,64,Dewas,2025-01-05
C06286,Customer 06286,Male,61,Indore,2025-02-15
C06287,Customer 06287,Female,32,Dewas,2024-06-03
C06288,Customer 06288,Female,44,Indore,2024-09-01
C06289,Customer 06289,Male,47,Indore,2025-06-25
C06290,Customer 06290,Male,39,Indore,2025-07-14
C06291,Customer 06291,Female,64,Indore,2025-11-12
C06292,Customer 06292,Male,46,Dewas,2024-03-15
C06293,Customer 06293,Male,58,Indore,2024-07-24
C06294,Customer 06294,Male,65,Bhopal,2025-03-03
C06295,Customer 06295,Male,47,Indore,2025-02-24
C06296,Customer 06296,Female,19,Bhopal,2025-11-03
C06297,Customer 06297,Female,32,Indore,2024-05-28
C06298,Customer 06298,Female,64,Indore,2024-03-28
C06299,Customer 06299,Other,44,Indore,2025-05-20
C06300,Customer 06300,Male,24,Dewas,2024-06-16
C06301,Customer 06301,Male,44,Dewas,2024-07-07
C06302,Customer 06302,Male,38,Indore,2024-04-23
C06303,Customer 06303,Male,30,Indore,2024-01-13
C06304,Customer 06304,Male,34,Indore,2025-11-08
C06305,Customer 06305,Female,28,Indore,2024-06-05
C06306,Customer 06306,Female,27,Bhopal,2024-06-29
C06307,Customer 06307,Male,50,Indore,2024-11-15
C06308,Customer 06308,Female,31,Indore,2024-10-18
C06309,Customer 06309,Female,54,Indore,2025-09-07
C06310,Customer 06310,Female,25,Indore,2025-09-14
C06311,Customer 06311,Female,50,Dewas,2025-10-21
C06312,Customer 06312,Female,24,Indore,2025-04-21
C06313,Customer 06313,Female,51,Indore,2025-10-12
C06314,Customer 06314,Female,24,Indore,2025-03-08
C06315,Customer 06315,Female,24,Indore,2024-06-17
C06316,Customer 06316,Male,58,Indore,2025-02-05
C06317,Customer 06317,Male,53,Indore,2024-06-06
C06318,Customer 06318,Female,24,Indore,2025-01-18
C06319,Customer 06319,Male,37,Indore,2025-02-01
C06320,Customer 06320,Male,35,Indore,2024-02-25
C06321,Customer 06321,Female,62,Indore,2024-03-13
C06322,Customer 06322,Male,60,Indore,2025-04-17
C06323,Customer 06323,Female,58,Indore,2024-06-28
C06324,Customer 06324,Female,31,Indore,2025-08-25
C06325,Customer 06325,Female,57,Indore,2024-07-12
C06326,Customer 06326,Male,31,Indore,2025-12-07
C06327,Customer 06327,Male,38,Indore,2025-01-18
C06328,Customer 06328,Female,44,Bhopal,2024-08-16
C06329,Customer 06329,Female,63,Indore,2025-11-05
C06330,Customer 06330,Other,43,Indore,2025-08-25
C06331,Customer 06331,Male,44,Indore,2025-12-23
C06332,Customer 06332,Male,41,Indore,2024-09-22
C06333,Customer 06333,Female,22,Indore,2025-09-30
C06334,Customer 06334,Male,59,Dewas,2024-03-11
C06335,Customer 06335,Female,55,Indore,2024-03-31
C06336,Customer 06336,Male,45,Indore,2025-08-28
C06337,Customer 06337,Male,59,Indore,2024-03-16
C06338,Customer 06338,Male,60,Bhopal,2025-09-07
C06339,Customer 06339,Male,49,Indore,2025-03-20
C06340,Customer 06340,Female,41,Indore,2024-07-15
C06341,Customer 06341,Female,23,Indore,2024-07-02
C06342,Customer 06342,Male,27,Indore,2024-03-17
C06343,Customer 06343,Female,63,Indore,2025-03-23
C06344,Customer 06344,Male,20,Ujjain,2024-10-23
C06345,Customer 06345,Female,24,Indore,2025-01-22
C06346,Customer 06346,Male,46,Dewas,2024-11-17
C06347,Customer 06347,Female,51,Ujjain,2025-02-24
C06348,Customer 06348,Female,24,Ujjain,2025-06-29
C06349,Customer 06349,Female,34,Indore,2025-09-25
C06350,Customer 06350,Female,30,Indore,2024-11-01
C06351,Customer 06351,Female,38,Indore,2024-12-11
C06352,Customer 06352,Female,48,Ujjain,2025-12-15
C06353,Customer 06353,Female,26,Indore,2025-10-02
C06354,Customer 06354,Female,62,Indore,2025-12-25
C06355,Customer 06355,Female,64,Indore,2025-10-11
C06356,Customer 06356,Male,30,Indore,2024-09-17
C06357,Customer 06357,Female,34,Indore,2024-12-11
C06358,Customer 06358,Male,25,Indore,2025-11-14
C06359,Customer 06359,Female,26,Indore,2025-10-20
C06360,Customer 06360,Male,26,Indore,2024-05-28
C06361,Customer 06361,Female,57,Indore,2025-02-21
C06362,Customer 06362,Male,65,Indore,2024-01-29
C06363,Customer 06363,Male,47,Indore,2025-09-05
C06364,Customer 06364,Male,24,Indore,2025-04-07
C06365,Customer 06365,Female,34,Indore,2025-07-14
C06366,Customer 06366,Male,56,Dewas,2024-07-07
C06367,Customer 06367,Male,55,Indore,2024-03-05
C06368,Customer 06368,Female,22,Indore,2025-04-03
C06369,Customer 06369,Female,34,Indore,2025-11-06
C06370,Customer 06370,Male,57,Indore,2024-08-11
C06371,Customer 06371,Male,18,Indore,2025-04-20
C06372,Customer 06372,Male,33,Indore,2024-11-21
C06373,Customer 06373,Female,34,Indore,2025-06-02
C06374,Customer 06374,Male,47,Indore,2025-07-26
C06375,Customer 06375,Male,48,Bhopal,2024-07-10
C06376,Customer 06376,Male,52,Indore,2024-03-28
C06377,Customer 06377,Male,62,Indore,2025-04-02
C06378,Customer 06378,Female,25,Indore,2024-06-06
C06379,Customer 06379,Male,65,Indore,2024-09-29
C06380,Customer 06380,Male,47,Indore,2024-11-27
C06381,Customer 06381,Male,56,Indore,2024-10-08
C06382,Customer 06382,Male,38,Indore,2025-10-18
C06383,Customer 06383,Male,32,Indore,2024-06-11
C06384,Customer 06384,Female,51,Indore,2024-06-22
C06385,Customer 06385,Female,44,Indore,2024-04-17
C06386,Customer 06386,Female,19,Indore,2024-10-27
C06387,Customer 06387,Female,27,Indore,2024-11-26
C06388,Customer 06388,Female,22,Indore,2024-05-23
C06389,Customer 06389,Male,44,Indore,2024-02-27
C06390,Customer 06390,Female,21,Dewas,2024-10-24
C06391,Customer 06391,Female,64,Indore,2024-07-06
C06392,Customer 06392,Female,30,Bhopal,2025-03-15
C06393,Customer 06393,Female,34,Bhopal,2025-05-02
C06394,Customer 06394,Male,38,Indore,2025-01-24
C06395,Customer 06395,Female,40,Indore,2024-01-20
C06396,Customer 06396,Female,50,Indore,2024-07-30
C06397,Customer 06397,Other,32,Indore,2025-06-19
C06398,Customer 06398,Male,31,Ujjain,2025-08-25
C06399,Customer 06399,Male,26,Indore,2025-12-28
C06400,Customer 06400,Male,61,Indore,2025-07-17
C06401,Customer 06401,Female,54,Indore,2025-10-11
C06402,Customer 06402,Male,47,Indore,2025-10-26
C06403,Customer 06403,Male,46,Dewas,2024-08-07
C06404,Customer 06404,Other,40,Bhopal,2024-06-21
C06405,Customer 06405,Male,51,Indore,2024-01-01
C06406,Customer 06406,Female,24,Indore,2025-04-12
C06407,Customer 06407,Male,26,Indore,2024-01-25
C06408,Customer 06408,Female,21,Indore,2024-07-22
C06409,Customer 06409,Female,19,Dewas,2024-07-19
C06410,Customer 06410,Female,44,Indore,2024-07-09
C06411,Customer 06411,Female,50,Indore,2025-02-12
C06412,Customer 06412,Male,49,Indore,2025-04-22
C06413,Customer 06413,Male,61,Indore,2024-10-30
C06414,Customer 06414,Male,62,Indore,2025-07-31
C06415,Customer 06415,Female,63,Indore,2025-06-19
C06416,Customer 06416,Female,54,Indore,2024-03-22
C06417,Customer 06417,Male,44,Indore,2025-08-25
C06418,Customer 06418,Female,45,Indore,2025-11-14
C06419,Customer 06419,Male,20,Indore,2025-06-30
C06420,Customer 06420,Female,53,Indore,2025-06-29
C06421,Customer 06421,Female,60,Bhopal,2024-09-18
C06422,Customer 06422,Male,25,Dewas,2024-06-25
C06423,Customer 06423,Male,61,Indore,2025-10-17
C06424,Customer 06424,Male,58,Indore,2024-08-02
C06425,Customer 06425,Female,54,Indore,2024-05-20
C06426,Customer 06426,Female,62,Indore,2024-09-24
C06427,Customer 06427,Male,55,Dewas,2024-05-18
C06428,Customer 06428,Male,39,Indore,2024-02-16
C06429,Customer 06429,Male,31,Indore,2024-02-29
C06430,Customer 06430,Female,32,Indore,2025-07-14
C06431,Customer 06431,Female,63,Indore,2025-07-17
C06432,Customer 06432,Male,21,Bhopal,2024-03-01
C06433,Customer 06433,Female,35,Indore,2025-12-26
C06434,Customer 06434,Female,18,Indore,2024-04-04
C06435,Customer 06435,Male,29,Indore,2025-09-23
C06436,Customer 06436,Male,58,Indore,2025-04-19
C06437,Customer 06437,Female,59,Indore,2024-02-09
C06438,Customer 06438,Female,34,Indore,2024-12-11
C06439,Customer 06439,Male,36,Indore,2024-11-22
C06440,Customer 06440,Male,53,Bhopal,2025-03-12
C06441,Customer 06441,Male,65,Indore,2025-02-09
C06442,Customer 06442,Female,24,Indore,2024-07-29
C06443,Customer 06443,Male,26,Indore,2024-02-07
C06444,Customer 06444,Male,25,Indore,2025-04-12
C06445,Customer 06445,Female,42,Ujjain,2024-11-12
C06446,Customer 06446,Female,24,Indore,2024-07-29
C06447,Customer 06447,Male,59,Bhopal,2024-03-23
C06448,Customer 06448,Male,25,Indore,2024-12-21
C06449,Customer 06449,Female,41,Bhopal,2025-09-21
C06450,Customer 06450,Male,34,Indore,2025-06-22
C06451,Customer 06451,Male,29,Indore,2024-07-27
C06452,Customer 06452,Female,63,Indore,2025-09-28
C06453,Customer 06453,Male,48,Indore,2024-10-02
C06454,Customer 06454,Female,29,Indore,2025-05-06
C06455,Customer 06455,Female,19,Indore,2024-10-24
C06456,Customer 06456,Male,29,Indore,2025-08-06
C06457,Customer 06457,Male,44,Bhopal,2024-02-27
C06458,Customer 06458,Female,63,Indore,2024-10-22
C06459,Customer 06459,Female,24,Ujjain,2025-04-03
C06460,Customer 06460,Female,30,Indore,2025-09-22
C06461,Customer 06461,Female,53,Indore,2025-01-30
C06462,Customer 06462,Male,18,Indore,2025-01-08
C06463,Customer 06463,Female,52,Bhopal,2024-03-02
C06464,Customer 06464,Male,47,Indore,2025-03-21
C06465,Customer 06465,Male,48,Indore,2024-03-27
C06466,Customer 06466,Male,34,Indore,2025-09-02
C06467,Customer 06467,Male,25,Indore,2025-02-02
C06468,Customer 06468,Female,20,Dewas,2024-05-03
C06469,Customer 06469,Male,27,Indore,2025-06-02
C06470,Customer 06470,Male,51,Indore,2025-10-07
C06471,Customer 06471,Male,39,Indore,2024-10-09
C06472,Customer 06472,Female,21,Indore,2025-05-28
C06473,Customer 06473,Female,49,Indore,2025-11-02
C06474,Customer 06474,Male,46,Indore,2024-06-05
C06475,Customer 06475,Male,63,Indore,2024-08-13
C06476,Customer 06476,Male,28,Indore,2025-10-16
C06477,Customer 06477,Female,63,Indore,2025-01-28
C06478,Customer 06478,Female,30,Indore,2024-09-22
C06479,Customer 06479,Female,21,Ujjain,2024-09-22
C06480,Customer 06480,Female,19,Indore,2025-07-02
C06481,Customer 06481,Male,51,Indore,2024-10-14
C06482,Customer 06482,Female,60,Indore,2024-10-18
C06483,Customer 06483,Female,39,Indore,2024-11-15
C06484,Customer 06484,Male,22,Indore,2025-04-17
C06485,Customer 06485,Male,26,Indore,2025-02-02
C06486,Customer 06486,Female,37,Ujjain,2024-03-13
C06487,Customer 06487,Female,38,Indore,2025-06-11
C06488,Customer 06488,Male,34,Indore,2024-03-23
C06489,Customer 06489,Female,29,Indore,2024-06-22
C06490,Customer 06490,Female,45,Indore,2025-03-03
C06491,Customer 06491,Male,35,Indore,2025-08-10
C06492,Customer 06492,Male,20,Indore,2024-10-17
C06493,Customer 06493,Male,22,Indore,2025-01-15
C06494,Customer 06494,Female,31,Indore,2025-07-16
C06495,Customer 06495,Male,65,Dewas,2024-12-28
C06496,Customer 06496,Male,43,Indore,2024-07-04
C06497,Customer 06497,Female,36,Indore,2024-01-05
C06498,Customer 06498,Female,58,Indore,2024-09-18
C06499,Customer 06499,Male,34,Indore,2024-06-27
C06500,Customer 06500,Male,56,Indore,2024-05-21
C06501,Customer 06501,Male,59,Dewas,2024-09-24
C06502,Customer 06502,Female,21,Indore,2025-09-17
C06503,Customer 06503,Female,59,Indore,2025-04-14
C06504,Customer 06504,Male,52,Ujjain,2025-11-22
C06505,Customer 06505,Female,41,Indore,2024-03-08
C06506,Customer 06506,Female,58,Indore,2024-04-16
C06507,Customer 06507,Female,30,Indore,2025-07-24
C06508,Customer 06508,Female,50,Indore,2025-03-12
C06509,Customer 06509,Male,32,Indore,2024-01-31
C06510,Customer 06510,Male,32,Bhopal,2025-06-30
C06511,Customer 06511,Female,48,Indore,2025-06-04
C06512,Customer 06512,Female,60,Indore,2025-09-12
C06513,Customer 06513,Female,45,Indore,2025-10-16
C06514,Customer 06514,Male,27,Indore,2024-02-11
C06515,Customer 06515,Female,24,Indore,2024-07-05
C06516,Customer 06516,Female,50,Indore,2025-08-19
C06517,Customer 06517,Male,24,Indore,2025-12-13
C06518,Customer 06518,Male,22,Bhopal,2024-10-27
C06519,Customer 06519,Female,43,Indore,2024-09-17
C06520,Customer 06520,Female,33,Indore,2025-05-04
C06521,Customer 06521,Male,25,Indore,2025-11-01
C06522,Customer 06522,Female,39,Indore,2025-10-26
C06523,Customer 06523,Male,51,Indore,2025-11-26
C06524,Customer 06524,Male,57,Indore,2024-09-13
C06525,Customer 06525,Female,45,Indore,2024-03-07
C06526,Customer 06526,Female,63,Indore,2025-12-25
C06527,Customer 06527,Female,53,Indore,2024-08-07
C06528,Customer 06528,Female,64,Ujjain,2024-11-18
C06529,Customer 06529,Male,24,Indore,2025-08-28
C06530,Customer 06530,Female,57,Indore,2024-02-28
C06531,Customer 06531,Male,60,Indore,2024-06-26
C06532,Customer 06532,Male,45,Indore,2025-04-05
C06533,Customer 06533,Male,19,Indore,2024-10-16
C06534,Customer 06534,Male,26,Indore,2024-04-21
C06535,Customer 06535,Male,23,Indore,2024-11-19
C06536,Customer 06536,Male,18,Indore,2024-06-30
C06537,Customer 06537,Male,20,Indore,2025-04-10
C06538,Customer 06538,Male,27,Indore,2024-08-11
C06539,Customer 06539,Female,54,Indore,2025-02-01
C06540,Customer 06540,Male,61,Indore,2024-06-08
C06541,Customer 06541,Male,40,Indore,2025-03-29
C06542,Customer 06542,Female,50,Indore,
C06543,Customer 06543,Female,26,Indore,2025-11-05
C06544,Customer 06544,Female,30,Indore,2024-01-03
C06545,Customer 06545,Male,45,Indore,2025-08-15
C06546,Customer 06546,Female,24,Indore,2025-11-21
C06547,Customer 06547,Male,43,Bhopal,2024-12-25
C06548,Customer 06548,Male,33,Indore,2024-11-10
C06549,Customer 06549,Male,57,Bhopal,2025-08-28
C06550,Customer 06550,Female,43,Indore,2025-12-29
C06551,Customer 06551,Male,56,Indore,2024-01-22
C06552,Customer 06552,Male,49,Indore,2025-02-24
C06553,Customer 06553,Male,53,Indore,2024-05-05
C06554,Customer 06554,Female,59,Dewas,2025-02-08
C06555,Customer 06555,Female,18,Indore,2025-10-16
C06556,Customer 06556,Male,38,Indore,2024-09-24
C06557,Customer 06557,Female,30,Indore,2025-09-06
C06558,Customer 06558,Female,43,Indore,2025-07-21
C06559,Customer 06559,Female,62,Indore,2024-04-15
C06560,Customer 06560,Male,26,Indore,2025-10-17
C06561,Customer 06561,Female,54,Indore,2025-06-28
C06562,Customer 06562,Male,40,Ujjain,2025-09-20
C06563,Customer 06563,Female,18,Indore,2024-06-19
C06564,Customer 06564,Male,19,Indore,2024-10-31
C06565,Customer 06565,Male,60,Indore,2024-11-29
C06566,Customer 06566,Male,45,Indore,2024-01-18
C06567,Customer 06567,Female,53,Indore,2025-02-03
C06568,Customer 06568,Male,48,Indore,2024-06-16
C06569,Customer 06569,Female,58,Indore,2024-11-30
C06570,Customer 06570,Male,22,Indore,2024-06-03
C06571,Customer 06571,Female,54,Indore,2025-09-21
C06572,Customer 06572,Female,42,Indore,2025-01-10
C06573,Customer 06573,Female,25,Indore,2024-03-21
C06574,Customer 06574,Female,51,Indore,2025-03-25
C06575,Customer 06575,Female,56,Bhopal,2024-11-05
C06576,Customer 06576,Male,49,Indore,2025-11-10
C06577,Customer 06577,Female,28,Ujjain,2025-11-15
C06578,Customer 06578,Male,64,Indore,2024-12-20
C06579,Customer 06579,Female,42,Indore,2024-11-19
C06580,Customer 06580,Female,20,Indore,2025-12-30
C06581,Customer 06581,Male,62,Indore,2024-08-15
C06582,Customer 06582,Male,49,Indore,2024-07-09
C06583,Customer 06583,Male,52,Indore,2025-11-10
C06584,Customer 06584,Female,49,Indore,2024-10-23
C06585,Customer 06585,Female,51,Indore,2024-07-07
C06586,Customer 06586,Female,54,Indore,2024-07-11
C06587,Customer 06587,Female,22,Bhopal,2025-05-27
C06588,Customer 06588,Female,62,Indore,2024-01-09
C06589,Customer 06589,Male,45,Dewas,2025-08-09
C06590,Customer 06590,Male,45,Indore,2024-05-22
C06591,Customer 06591,Female,25,Indore,2025-05-01
C06592,Customer 06592,Female,44,Indore,2024-07-12
C06593,Customer 06593,Female,33,Indore,2025-06-05
C06594,Customer 06594,Male,35,Indore,2025-03-08
C06595,Customer 06595,Male,42,Indore,2024-05-18
C06596,Customer 06596,Male,65,Indore,2024-01-30
C06597,Customer 06597,Male,18,Indore,2024-10-05
C06598,Customer 06598,Male,25,Indore,2024-02-11
C06599,Customer 06599,Female,38,Indore,2024-08-15
C06600,Customer 06600,Male,51,Indore,2025-04-24
C06601,Customer 06601,Female,41,Indore,2025-02-20
C06602,Customer 06602,Male,54,Dewas,2024-07-19
C06603,Customer 06603,Female,43,Indore,2024-11-16
C06604,Customer 06604,Male,64,Indore,2025-12-22
C06605,Customer 06605,Male,31,Indore,2025-11-20
C06606,Customer 06606,Male,46,Indore,2025-01-02
C06607,Customer 06607,Female,47,Indore,2025-08-20
C06608,Customer 06608,Female,20,Indore,2025-07-13
C06609,Customer 06609,Male,24,Indore,2025-12-18
C06610,Customer 06610,Male,53,Indore,2024-11-21
C06611,Customer 06611,Female,28,Ujjain,2024-11-05
C06612,Customer 06612,Male,49,Indore,2025-12-03
C06613,Customer 06613,Male,29,Indore,2024-12-26
C06614,Customer 06614,Female,32,Indore,2025-06-11
C06615,Customer 06615,Female,55,Indore,2025-10-01
C06616,Customer 06616,Male,41,Dewas,2024-10-29
C06617,Customer 06617,Male,18,Indore,2025-11-27
C06618,Customer 06618,Female,35,Indore,2025-10-03
C06619,Customer 06619,Male,63,Ujjain,2025-11-07
C06620,Customer 06620,Male,24,Indore,2025-08-27
C06621,Customer 06621,Female,59,Indore,2024-10-05
C06622,Customer 06622,Female,58,Indore,2025-12-25
C06623,Customer 06623,Male,19,Indore,2025-10-14
C06624,Customer 06624,Other,57,Indore,2025-09-18
C06625,Customer 06625,Female,48,Bhopal,2024-11-16
C06626,Customer 06626,Male,50,Indore,2025-04-21
C06627,Customer 06627,Other,47,Dewas,2024-10-30
C06628,Customer 06628,Male,48,Indore,2025-06-02
C06629,Customer 06629,Male,51,Indore,2024-02-25
C06630,Customer 06630,Female,24,Indore,2024-07-10
C06631,Customer 06631,Male,42,Indore,2024-01-22
C06632,Customer 06632,Male,33,Indore,2024-03-20
C06633,Customer 06633,Male,39,Indore,2024-10-10
C06634,Customer 06634,Male,53,Indore,2025-03-03
C06635,Customer 06635,Female,44,Dewas,
C06636,Customer 06636,Female,34,Bhopal,2025-12-29
C06637,Customer 06637,Other,21,Indore,2024-05-21
C06638,Customer 06638,Male,52,Indore,2025-08-19
C06639,Customer 06639,Male,58,Indore,2025-02-06
C06640,Customer 06640,Male,39,Indore,2025-08-11
C06641,Customer 06641,Male,64,Ujjain,2025-08-12
C06642,Customer 06642,Male,52,Indore,2024-06-10
C06643,Customer 06643,Female,61,Indore,2025-08-16
C06644,Customer 06644,Female,32,Indore,2024-08-03
C06645,Customer 06645,Female,57,Indore,2025-04-22
C06646,Customer 06646,Male,61,Indore,2025-07-16
C06647,Customer 06647,Female,38,Indore,2025-11-06
C06648,Customer 06648,Male,30,Indore,2024-09-07
C06649,Customer 06649,Male,64,Indore,2025-12-25
C06650,Customer 06650,Female,28,Indore,2025-12-23
C06651,Customer 06651,Female,44,Indore,2025-02-13
C06652,Customer 06652,Male,48,Indore,2025-11-05
C06653,Customer 06653,Male,61,Indore,2024-11-14
C06654,Customer 06654,Male,49,Dewas,2025-01-22
C06655,Customer 06655,Female,47,Indore,2024-03-25
C06656,Customer 06656,Male,35,Indore,2025-05-29
C06657,Customer 06657,Other,33,Indore,2024-01-05
C06658,Customer 06658,Male,52,Indore,2024-08-22
C06659,Customer 06659,Male,26,Indore,2025-02-16
C06660,Customer 06660,Male,56,Indore,2025-01-09
C06661,Customer 06661,Female,54,Indore,2024-10-01
C06662,Customer 06662,Male,27,Indore,2025-01-05
C06663,Customer 06663,Female,29,Indore,2025-06-15
C06664,Customer 06664,Female,25,Indore,2025-12-07
C06665,Customer 06665,Female,20,Indore,2025-01-28
C06666,Customer 06666,Female,36,Indore,2025-10-22
C06667,Customer 06667,Female,28,Indore,2025-09-19
C06668,Customer 06668,Female,25,Indore,2024-01-04
C06669,Customer 06669,Female,43,Indore,2025-06-17
C06670,Customer 06670,Male,62,Indore,2025-12-02
C06671,Customer 06671,Male,40,Dewas,2025-06-07
C06672,Customer 06672,Male,27,Indore,2025-02-09
C06673,Customer 06673,Male,35,Indore,2025-02-16
C06674,Customer 06674,Male,29,Indore,2024-07-07
C06675,Customer 06675,Female,56,Bhopal,2024-11-12
C06676,Customer 06676,Male,43,Bhopal,2025-06-22
C06677,Customer 06677,Male,28,Bhopal,2025-03-06
C06678,Customer 06678,Female,27,Ujjain,2024-12-05
C06679,Customer 06679,Male,20,Indore,2025-10-15
C06680,Customer 06680,Male,24,Indore,2025-06-02
C06681,Customer 06681,Male,21,Indore,2025-03-05
C06682,Customer 06682,Male,57,Indore,2025-03-02
C06683,Customer 06683,Male,25,Indore,2025-06-05
C06684,Customer 06684,Female,55,Indore,2025-11-21
C06685,Customer 06685,Female,30,Indore,2025-05-29
C06686,Customer 06686,Male,29,Indore,2025-09-06
C06687,Customer 06687,Male,52,Indore,2024-10-26
C06688,Customer 06688,Male,55,Indore,2024-02-23
C06689,Customer 06689,Female,60,Ujjain,2024-06-10
C06690,Customer 06690,Male,53,Indore,2025-03-24
C06691,Customer 06691,Male,64,Indore,2024-07-29
C06692,Customer 06692,Female,19,Indore,2025-03-22
C06693,Customer 06693,Male,32,Ujjain,2024-03-10
C06694,Customer 06694,Male,51,Indore,2024-10-27
C06695,Customer 06695,Male,56,Indore,2024-03-08
C06696,Customer 06696,Female,43,Indore,2024-10-08
C06697,Customer 06697,Female,65,Indore,2024-06-02
C06698,Customer 06698,Female,22,Indore,2025-04-06
C06699,Customer 06699,Male,65,Indore,2024-08-11
C06700,Customer 06700,Female,42,Indore,2025-01-02
C06701,Customer 06701,Female,51,Indore,2024-07-07
C06702,Customer 06702,Female,64,Indore,2025-01-20
C06703,Customer 06703,Male,21,Ujjain,2024-02-10
C06704,Customer 06704,Female,51,Indore,2025-11-15
C06705,Customer 06705,Male,44,Indore,2025-11-07
C06706,Customer 06706,Male,59,Indore,2025-10-03
C06707,Customer 06707,Female,46,Indore,2025-05-31
C06708,Customer 06708,Male,22,Indore,2024-05-09
C06709,Customer 06709,Female,35,Indore,2025-11-18
C06710,Customer 06710,Male,21,Ujjain,2024-01-22
C06711,Customer 06711,Female,18,Indore,2024-02-10
C06712,Customer 06712,Female,37,Ujjain,2024-06-01
C06713,Customer 06713,Female,23,Indore,2025-07-11
C06714,Customer 06714,Male,37,Ujjain,2024-12-15
C06715,Customer 06715,Male,37,Indore,2024-01-09
C06716,Customer 06716,Female,63,Indore,2025-09-04
C06717,Customer 06717,Male,44,Indore,2024-02-16
C06718,Customer 06718,Female,43,Indore,2024-11-25
C06719,Customer 06719,Female,49,Indore,2025-12-19
C06720,Customer 06720,Male,27,Indore,2024-01-03
C06721,Customer 06721,Male,35,Indore,2025-02-12
C06722,Customer 06722,Male,58,Indore,2024-02-05
C06723,Customer 06723,Female,29,Indore,2024-08-30
C06724,Customer 06724,Male,27,Bhopal,2025-03-09
C06725,Customer 06725,Male,41,Indore,2025-02-21
C06726,Customer 06726,Male,41,Indore,2024-08-06
C06727,Customer 06727,Female,55,Indore,2024-07-19
C06728,Customer 06728,Male,63,Bhopal,2025-01-28
C06729,Customer 06729,Male,42,Indore,2025-06-22
C06730,Customer 06730,Female,25,Indore,2025-08-23
C06731,Customer 06731,Female,31,Indore,2024-09-25
C06732,Customer 06732,Female,60,Indore,2024-05-03
C06733,Customer 06733,Male,48,Indore,2025-02-03
C06734,Customer 06734,Male,41,Indore,2024-10-07
C06735,Customer 06735,Female,33,Indore,2025-03-08
C06736,Customer 06736,Male,37,Indore,2025-02-03
C06737,Customer 06737,Female,55,Indore,2024-01-02
C06738,Customer 06738,Female,64,Indore,2024-11-24
C06739,Customer 06739,Male,32,Bhopal,2025-09-26
C06740,Customer 06740,Female,31,Indore,2025-01-17
C06741,Customer 06741,Female,29,Indore,2025-08-11
C06742,Customer 06742,Male,51,Dewas,2024-03-18
C06743,Customer 06743,Female,25,Indore,2024-11-27
C06744,Customer 06744,Male,36,Indore,2024-06-11
C06745,Customer 06745,Male,63,Indore,2024-05-29
C06746,Customer 06746,Male,22,Indore,2025-07-13
C06747,Customer 06747,Female,44,Bhopal,2025-09-17
C06748,Customer 06748,Female,58,Indore,2025-05-19
C06749,Customer 06749,Female,30,Indore,2025-07-29
C06750,Customer 06750,Male,49,Dewas,2024-05-29
C06751,Customer 06751,Female,48,Indore,2025-08-07
C06752,Customer 06752,Male,58,Ujjain,2024-02-16
C06753,Customer 06753,Female,63,Indore,2024-12-27
C06754,Customer 06754,Male,54,Indore,2025-11-23
C06755,Customer 06755,Male,19,Indore,2025-01-08
C06756,Customer 06756,Male,24,Indore,2024-04-04
C06757,Customer 06757,Female,65,Indore,2024-04-10
C06758,Customer 06758,Male,28,Indore,2025-01-24
C06759,Customer 06759,Female,28,Indore,2025-08-17
C06760,Customer 06760,Male,40,Indore,2024-03-22
C06761,Customer 06761,Male,48,Indore,2025-09-24
C06762,Customer 06762,Male,61,Indore,2025-02-16
C06763,Customer 06763,Female,62,Indore,2024-01-03
C06764,Customer 06764,Female,25,Indore,2024-01-13
C06765,Customer 06765,Male,49,Indore,2024-06-12
C06766,Customer 06766,Male,65,Ujjain,2025-09-08
C06767,Customer 06767,Male,38,Indore,2024-12-10
C06768,Customer 06768,Female,48,Indore,2024-06-14
C06769,Customer 06769,Male,18,Indore,2024-03-15
C06770,Customer 06770,Female,30,Indore,2024-02-29
C06771,Customer 06771,Female,28,Indore,2025-01-16
C06772,Customer 06772,Male,46,Indore,2024-03-13
C06773,Customer 06773,Male,21,Indore,2025-10-22
C06774,Customer 06774,Female,53,Indore,2024-05-02
C06775,Customer 06775,Female,32,Bhopal,2025-04-11
C06776,Customer 06776,Male,20,Indore,2024-10-15
C06777,Customer 06777,Male,46,Indore,2025-05-30
C06778,Customer 06778,Male,38,Indore,2025-04-25
C06779,Customer 06779,Male,19,Indore,2024-08-24
C06780,Customer 06780,Male,23,Indore,2025-12-20
C06781,Customer 06781,Male,48,Indore,2024-06-20
C06782,Customer 06782,Female,41,Indore,2025-01-19
C06783,Customer 06783,Male,57,Indore,2025-03-21
C06784,Customer 06784,Male,34,Indore,2024-07-25
C06785,Customer 06785,Male,22,Indore,2024-05-29
C06786,Customer 06786,Female,19,Indore,2025-07-24
C06787,Customer 06787,Female,29,Indore,2024-05-30
C06788,Customer 06788,Male,22,Indore,2025-11-03
C06789,Customer 06789,Male,59,Indore,2024-04-22
C06790,Customer 06790,Female,58,Indore,2024-08-19
C06791,Customer 06791,Male,37,Indore,2025-05-02
C06792,Customer 06792,Male,25,Indore,2025-01-17
C06793,Customer 06793,Male,18,Indore,2025-01-08
C06794,Customer 06794,Male,23,Ujjain,2025-11-28
C06795,Customer 06795,Male,28,Dewas,2024-09-03
C06796,Customer 06796,Female,20,Indore,2024-05-19
C06797,Customer 06797,Female,48,Indore,2025-09-15
C06798,Customer 06798,Male,45,Indore,2025-02-05
C06799,Customer 06799,Female,64,Indore,2025-12-07
C06800,Customer 06800,Male,60,Indore,2024-05-04
C06801,Customer 06801,Male,22,Indore,2024-12-21
C06802,Customer 06802,Female,43,Indore,2024-08-26
C06803,Customer 06803,Female,33,Indore,2025-05-27
C06804,Customer 06804,Male,48,Indore,2025-09-24
C06805,Customer 06805,Male,45,Indore,2025-08-23
C06806,Customer 06806,Female,24,Indore,2025-06-15
C06807,Customer 06807,Female,55,Indore,2024-09-29
C06808,Customer 06808,Female,26,Indore,2024-06-25
C06809,Customer 06809,Male,56,Indore,2025-02-09
C06810,Customer 06810,Male,52,Indore,2024-04-23
C06811,Customer 06811,Male,60,Dewas,2024-01-27
C06812,Customer 06812,Male,44,Indore,2025-11-30
C06813,Customer 06813,Female,29,Indore,2025-02-21
C06814,Customer 06814,Male,42,Indore,2025-08-21
C06815,Customer 06815,Male,60,Indore,2025-08-14
C06816,Customer 06816,Female,46,Indore,2025-04-06
C06817,Customer 06817,Male,48,Indore,2024-06-28
C06818,Customer 06818,Male,51,Bhopal,2025-07-20
C06819,Customer 06819,Female,50,Indore,2024-09-03
C06820,Customer 06820,Female,44,Indore,2025-05-14
C06821,Customer 06821,Female,19,Indore,
C06822,Customer 06822,Male,31,Indore,2025-03-09
C06823,Customer 06823,Female,30,Dewas,2024-08-20
C06824,Customer 06824,Female,41,Indore,2025-09-12
C06825,Customer 06825,Male,22,Indore,2025-01-03
C06826,Customer 06826,Male,51,Indore,2025-10-28
C06827,Customer 06827,Female,40,Indore,2024-06-16
C06828,Customer 06828,Male,36,Indore,2024-03-08
C06829,Customer 06829,Female,47,Ujjain,2025-07-04
C06830,Customer 06830,Male,60,Indore,2025-10-16
C06831,Customer 06831,Male,33,Dewas,2024-12-10
C06832,Customer 06832,Male,57,Indore,2025-06-13
C06833,Customer 06833,Female,51,Indore,2024-02-21
C06834,Customer 06834,Male,28,Bhopal,2025-03-20
C06835,Customer 06835,Female,31,Bhopal,2025-08-14
C06836,Customer 06836,Female,65,Bhopal,2025-11-23
C06837,Customer 06837,Female,64,Indore,2024-05-19
C06838,Customer 06838,Female,32,Indore,2025-12-21
C06839,Customer 06839,Female,52,Indore,2025-02-12
C06840,Customer 06840,Male,24,Indore,2024-11-30
C06841,Customer 06841,Female,46,Indore,2024-10-07
C06842,Customer 06842,Female,61,Indore,2025-02-08
C06843,Customer 06843,Male,39,Indore,2024-05-01
C06844,Customer 06844,Male,40,Indore,2025-12-23
C06845,Customer 06845,Female,41,Indore,2025-10-08
C06846,Customer 06846,Male,52,Indore,2025-04-04
C06847,Customer 06847,Female,27,Dewas,2025-11-19
C06848,Customer 06848,Male,25,Indore,2024-02-08
C06849,Customer 06849,Male,65,Indore,2024-03-15
C06850,Customer 06850,Female,65,Indore,2025-07-14
C06851,Customer 06851,Male,29,Dewas,2024-08-04
C06852,Customer 06852,Male,46,Bhopal,2024-09-02
C06853,Customer 06853,Female,46,Indore,2025-02-21
C06854,Customer 06854,Male,40,Indore,2024-07-21
C06855,Customer 06855,Female,43,Indore,2025-10-17
C06856,Customer 06856,Female,54,Indore,2025-06-02
C06857,Customer 06857,Female,49,Indore,2025-09-04
C06858,Customer 06858,Male,55,Indore,2024-10-22
C06859,Customer 06859,Male,23,Indore,2025-03-25
C06860,Customer 06860,Female,25,Indore,2024-08-15
C06861,Customer 06861,Female,34,Indore,2024-04-12
C06862,Customer 06862,Female,29,Indore,2024-04-01
C06863,Customer 06863,Female,39,Bhopal,2024-12-22
C06864,Customer 06864,Male,31,Indore,2025-11-29
C06865,Customer 06865,Male,51,Indore,2024-05-25
C06866,Customer 06866,Male,36,Indore,2024-09-23
C06867,Customer 06867,Male,23,Indore,2024-04-28
C06868,Customer 06868,Male,35,Bhopal,2025-05-17
C06869,Customer 06869,Female,53,Indore,2024-09-20
C06870,Customer 06870,Male,54,Ujjain,2024-10-02
C06871,Customer 06871,Male,55,Bhopal,
C06872,Customer 06872,Male,32,Indore,2024-02-28
C06873,Customer 06873,Female,55,Indore,2024-12-12
C06874,Customer 06874,Female,57,Dewas,2025-10-26
C06875,Customer 06875,Female,26,Ujjain,2024-07-04
C06876,Customer 06876,Female,23,Bhopal,2024-04-24
C06877,Customer 06877,Male,19,Dewas,2024-12-27
C06878,Customer 06878,Female,33,Indore,2024-08-23
C06879,Customer 06879,Male,18,Indore,2025-03-17
C06880,Customer 06880,Male,47,Indore,2025-07-31
C06881,Customer 06881,Female,65,Indore,2024-09-19
C06882,Customer 06882,Female,50,Indore,2024-02-20
C06883,Customer 06883,Male,18,Indore,2024-12-16
C06884,Customer 06884,Male,56,Indore,2025-02-20
C06885,Customer 06885,Female,33,Dewas,2024-01-13
C06886,Customer 06886,Male,34,Indore,2025-01-28
C06887,Customer 06887,Male,65,Indore,2025-06-15
C06888,Customer 06888,Male,65,Indore,2024-07-31
C06889,Customer 06889,Male,55,Indore,2024-09-26
C06890,Customer 06890,Female,35,Indore,2024-02-09
C06891,Customer 06891,Male,39,Bhopal,2025-10-08
C06892,Customer 06892,Male,39,Indore,2024-06-29
C06893,Customer 06893,Female,52,Indore,2024-09-21
C06894,Customer 06894,Female,48,Indore,2024-04-15
C06895,Customer 06895,Male,57,Indore,2025-05-01
C06896,Customer 06896,Male,44,Indore,2025-02-07
C06897,Customer 06897,Male,53,Indore,2025-01-24
C06898,Customer 06898,Female,21,Indore,2025-08-30
C06899,Customer 06899,Female,22,Indore,2024-05-02
C06900,Customer 06900,Female,42,Indore,2024-02-06
C06901,Customer 06901,Female,48,Indore,2025-12-10
C06902,Customer 06902,Female,31,Indore,2025-05-17
C06903,Customer 06903,Female,47,Bhopal,2025-06-10
C06904,Customer 06904,Male,64,Indore,2025-08-19
C06905,Customer 06905,Male,29,Indore,2024-04-01
C06906,Customer 06906,Other,44,Indore,2024-04-09
C06907,Customer 06907,Male,62,Indore,2025-11-16
C06908,Customer 06908,Male,41,Indore,2025-03-30
C06909,Customer 06909,Female,47,Indore,2025-12-27
C06910,Customer 06910,Male,35,Indore,2025-08-20
C06911,Customer 06911,Female,31,Bhopal,2025-01-28
C06912,Customer 06912,Female,36,Indore,2025-08-16
C06913,Customer 06913,Male,39,Indore,2025-05-19
C06914,Customer 06914,Female,43,Indore,2024-04-26
C06915,Customer 06915,Male,24,Indore,2025-11-09
C06916,Customer 06916,Male,45,Indore,2025-05-05
C06917,Customer 06917,Female,55,Dewas,2024-12-07
C06918,Customer 06918,Female,22,Ujjain,2025-03-01
C06919,Customer 06919,Female,53,Indore,2025-04-14
C06920,Customer 06920,Male,35,Dewas,2024-05-13
C06921,Customer 06921,Female,31,Indore,2024-06-28
C06922,Customer 06922,Male,65,Indore,2025-11-07
C06923,Customer 06923,Female,40,Indore,2024-07-30
C06924,Customer 06924,Male,31,Indore,2025-06-01
C06925,Customer 06925,Female,49,Indore,2025-08-07
C06926,Customer 06926,Male,22,Indore,2025-02-16
C06927,Customer 06927,Male,39,Indore,2024-12-22
C06928,Customer 06928,Male,45,Ujjain,2025-03-28
C06929,Customer 06929,Female,60,Indore,2025-03-10
C06930,Customer 06930,Female,29,Indore,2024-03-17
C06931,Customer 06931,Female,35,Indore,2024-10-09
C06932,Customer 06932,Male,53,Indore,2025-12-27
C06933,Customer 06933,Male,48,Bhopal,2025-11-07
C06934,Customer 06934,Male,30,Indore,2025-11-16
C06935,Customer 06935,Female,37,Indore,2025-09-01
C06936,Customer 06936,Male,62,Indore,2025-06-20
C06937,Customer 06937,Female,53,Indore,2025-02-24
C06938,Customer 06938,Female,24,Indore,2024-05-30
C06939,Customer 06939,Female,40,Indore,2025-05-17
C06940,Customer 06940,Female,51,Indore,2025-10-27
C06941,Customer 06941,Female,49,Indore,2025-08-10
C06942,Customer 06942,Female,38,Bhopal,2025-05-29
C06943,Customer 06943,Male,23,Dewas,2025-08-07
C06944,Customer 06944,Female,33,Indore,2025-09-14
C06945,Customer 06945,Male,52,Indore,2024-11-30
C06946,Customer 06946,Male,64,Indore,2025-08-06
C06947,Customer 06947,Male,37,Dewas,
C06948,Customer 06948,Male,59,Indore,2024-09-11
C06949,Customer 06949,Male,58,Indore,2024-08-05
C06950,Customer 06950,Male,28,Indore,2024-07-26
C06951,Customer 06951,Female,49,Indore,2024-10-16
C06952,Customer 06952,Male,31,Indore,2025-07-30
C06953,Customer 06953,Female,41,Indore,2024-10-11
C06954,Customer 06954,Male,61,Indore,2025-05-30
C06955,Customer 06955,Female,56,Indore,2025-12-08
C06956,Customer 06956,Female,60,Indore,2025-09-22
C06957,Customer 06957,Female,48,Ujjain,2025-12-02
C06958,Customer 06958,Female,34,Indore,2025-11-08
C06959,Customer 06959,Male,42,Indore,2024-08-19
C06960,Customer 06960,Female,26,Dewas,2025-10-03
C06961,Customer 06961,Male,39,Indore,2025-08-26
C06962,Customer 06962,Male,62,Indore,2024-11-27
C06963,Customer 06963,Female,65,Indore,2025-09-28
C06964,Customer 06964,Male,52,Indore,2024-07-25
C06965,Customer 06965,Female,54,Indore,2025-09-17
C06966,Customer 06966,Female,34,Dewas,2024-12-26
C06967,Customer 06967,Male,45,Indore,2024-12-16
C06968,Customer 06968,Male,18,Indore,2025-01-07
C06969,Customer 06969,Male,26,Indore,2024-04-10
C06970,Customer 06970,Female,30,Indore,2025-06-27
C06971,Customer 06971,Female,64,Indore,2025-04-14
C06972,Customer 06972,Male,49,Indore,2024-05-10
C06973,Customer 06973,Male,45,Indore,2025-06-12
C06974,Customer 06974,Female,48,Indore,2025-04-21
C06975,Customer 06975,Female,25,Indore,2024-09-04
C06976,Customer 06976,Male,25,Indore,2025-01-09
C06977,Customer 06977,Male,51,Indore,2025-01-30
C06978,Customer 06978,Female,40,Indore,2025-07-29
C06979,Customer 06979,Male,27,Indore,2024-03-18
C06980,Customer 06980,Male,54,Indore,2025-12-12
C06981,Customer 06981,Female,65,Indore,2024-02-10
C06982,Customer 06982,Female,42,Ujjain,2024-09-14
C06983,Customer 06983,Male,50,Indore,2024-06-29
C06984,Customer 06984,Male,62,Dewas,2024-10-16
C06985,Customer 06985,Male,21,Indore,2024-05-04
C06986,Customer 06986,Male,24,Indore,2025-09-15
C06987,Customer 06987,Female,50,Indore,2025-04-12
C06988,Customer 06988,Male,19,Indore,2024-08-22
C06989,Customer 06989,Female,65,Indore,2025-05-14
C06990,Customer 06990,Female,63,Indore,2025-12-14
C06991,Customer 06991,Male,49,Indore,2025-07-05
C06992,Customer 06992,Male,22,Indore,2025-12-11
C06993,Customer 06993,Female,63,Indore,2025-09-29
C06994,Customer 06994,Female,34,Indore,2024-03-14
C06995,Customer 06995,Female,29,Indore,2025-11-21
C06996,Customer 06996,Male,29,Indore,2024-01-05
C06997,Customer 06997,Female,52,Indore,2024-04-27
C06998,Customer 06998,Female,38,Indore,2025-10-22
C06999,Customer 06999,Female,38,Indore,2024-11-09
C07000,Customer 07000,Male,19,Indore,2024-07-19
C07001,Customer 07001,Female,38,Indore,2025-06-26
C07002,Customer 07002,Female,32,Indore,2025-03-05
C07003,Customer 07003,Male,28,Indore,2025-10-28
C07004,Customer 07004,Male,27,Dewas,2025-12-10
C07005,Customer 07005,Male,35,Indore,2025-09-10
C07006,Customer 07006,Male,40,Indore,2024-06-07
C07007,Customer 07007,Male,48,Dewas,2025-11-11
C07008,Customer 07008,Female,43,Indore,2024-10-27
C07009,Customer 07009,Male,19,Indore,2025-02-23
C07010,Customer 07010,Male,56,Indore,2024-09-14
C07011,Customer 07011,Female,24,Indore,2024-03-02
C07012,Customer 07012,Male,41,Indore,2025-10-22
C07013,Customer 07013,Male,56,Indore,2024-06-10
C07014,Customer 07014,Female,49,Indore,2024-03-26
C07015,Customer 07015,Female,43,Indore,2024-01-13
C07016,Customer 07016,Female,40,Indore,2024-10-01
C07017,Customer 07017,Female,31,Indore,2025-02-20
C07018,Customer 07018,Male,46,Indore,2024-05-03
C07019,Customer 07019,Female,42,Indore,2025-09-07
C07020,Customer 07020,Male,48,Indore,2024-02-18
C07021,Customer 07021,Female,19,Dewas,2024-01-03
C07022,Customer 07022,Male,19,Indore,2025-12-23
C07023,Customer 07023,Female,40,Indore,2025-08-05
C07024,Customer 07024,Female,64,Indore,2024-09-27
C07025,Customer 07025,Female,28,Indore,2025-07-03
C07026,Customer 07026,Male,46,Indore,2024-06-01
C07027,Customer 07027,Male,59,Indore,2024-11-12
C07028,Customer 07028,Female,52,Indore,2025-12-27
C07029,Customer 07029,Female,26,Indore,2025-03-09
C07030,Customer 07030,Male,49,Ujjain,2025-06-05
C07031,Customer 07031,Female,47,Ujjain,2025-09-03
C07032,Customer 07032,Female,32,Indore,2025-05-04
C07033,Customer 07033,Male,31,Indore,2024-07-17
C07034,Customer 07034,Female,34,Indore,2025-03-11
C07035,Customer 07035,Female,39,Indore,2025-11-16
C07036,Customer 07036,Male,47,Indore,2024-08-04
C07037,Customer 07037,Male,34,Indore,2025-05-24
C07038,Customer 07038,Female,33,Indore,2024-02-09
C07039,Customer 07039,Female,25,Indore,2025-11-28
C07040,Customer 07040,Male,56,Indore,2025-05-03
C07041,Customer 07041,Female,48,Indore,2025-08-03
C07042,Customer 07042,Female,29,Bhopal,2024-09-05
C07043,Customer 07043,Female,50,Dewas,2024-03-25
C07044,Customer 07044,Male,29,Indore,2025-11-10
C07045,Customer 07045,Female,42,Indore,2025-02-07
C07046,Customer 07046,Male,55,Indore,2024-01-29
C07047,Customer 07047,Male,65,Indore,2024-02-06
C07048,Customer 07048,Male,35,Indore,2025-05-21
C07049,Customer 07049,Male,36,Indore,2025-06-15
C07050,Customer 07050,Female,20,Indore,2025-10-19
C07051,Customer 07051,Male,52,Indore,2024-09-16
C07052,Customer 07052,Female,22,Indore,2025-10-12
C07053,Customer 07053,Male,52,Indore,2024-09-11
C07054,Customer 07054,Male,44,Indore,2024-03-26
C07055,Customer 07055,Other,54,Ujjain,2025-07-17
C07056,Customer 07056,Female,63,Indore,2025-10-15
C07057,Customer 07057,Male,38,Indore,2025-09-25
C07058,Customer 07058,Female,33,Indore,2025-02-15
C07059,Customer 07059,Male,45,Indore,2025-01-22
C07060,Customer 07060,Male,42,Indore,2025-02-03
C07061,Customer 07061,Female,50,Indore,2025-02-25
C07062,Customer 07062,Female,34,Indore,2025-10-24
C07063,Customer 07063,Male,60,Indore,2024-11-28
C07064,Customer 07064,Female,47,Indore,2025-10-21
C07065,Customer 07065,Female,58,Indore,
C07066,Customer 07066,Male,21,Ujjain,2025-08-17
C07067,Customer 07067,Female,19,Indore,2024-05-28
C07068,Customer 07068,Female,26,Indore,2024-06-18
C07069,Customer 07069,Female,48,Indore,2024-11-20
C07070,Customer 07070,Male,42,Indore,2024-08-15
C07071,Customer 07071,Female,54,Indore,2024-11-21
C07072,Customer 07072,Male,53,Indore,2024-01-05
C07073,Customer 07073,Female,22,Indore,2024-05-31
C07074,Customer 07074,Female,41,Indore,2024-08-08
C07075,Customer 07075,Male,41,Indore,2024-06-05
C07076,Customer 07076,Female,46,Indore,2024-09-14
C07077,Customer 07077,Female,62,Indore,2024-01-06
C07078,Customer 07078,Female,48,Indore,2024-10-16
C07079,Customer 07079,Male,54,Indore,2024-07-22
C07080,Customer 07080,Male,36,Indore,2024-10-04
C07081,Customer 07081,Female,40,Indore,2024-05-13
C07082,Customer 07082,Male,52,Indore,2025-08-11
C07083,Customer 07083,Female,23,Indore,2025-03-22
C07084,Customer 07084,Male,23,Indore,2024-12-11
C07085,Customer 07085,Male,54,Indore,2024-04-25
C07086,Customer 07086,Male,47,Indore,2025-12-13
C07087,Customer 07087,Male,18,Indore,2025-08-21
C07088,Customer 07088,Female,25,Indore,2025-08-02
C07089,Customer 07089,Male,45,Dewas,2025-09-04
C07090,Customer 07090,Male,42,Indore,2025-11-04
C07091,Customer 07091,Male,50,Indore,2024-11-08
C07092,Customer 07092,Female,55,Indore,2025-02-24
C07093,Customer 07093,Male,31,Indore,2025-08-05
C07094,Customer 07094,Female,28,Indore,2024-06-21
C07095,Customer 07095,Female,19,Indore,2024-06-17
C07096,Customer 07096,Female,47,Indore,2024-04-12
C07097,Customer 07097,Female,47,Dewas,2024-08-15
C07098,Customer 07098,Female,21,Indore,2024-05-12
C07099,Customer 07099,Female,30,Indore,2025-07-25
C07100,Customer 07100,Male,24,Bhopal,2025-10-18
C07101,Customer 07101,Male,55,Indore,2024-07-29
C07102,Customer 07102,Male,20,Bhopal,2024-04-18
C07103,Customer 07103,Female,26,Indore,2024-07-11
C07104,Customer 07104,Female,31,Dewas,2024-12-22
C07105,Customer 07105,Female,28,Bhopal,2025-11-25
C07106,Customer 07106,Male,54,Bhopal,2025-06-04
C07107,Customer 07107,Female,31,Indore,2025-10-05
C07108,Customer 07108,Male,36,Dewas,2025-03-01
C07109,Customer 07109,Male,25,Indore,2024-03-14
C07110,Customer 07110,Male,24,Indore,2024-04-05
C07111,Customer 07111,Male,24,Indore,2024-05-08
C07112,Customer 07112,Female,20,Indore,2024-12-08
C07113,Customer 07113,Male,20,Indore,2025-01-05
C07114,Customer 07114,Male,35,Indore,2025-02-04
C07115,Customer 07115,Female,62,Bhopal,2024-08-09
C07116,Customer 07116,Female,50,Indore,2025-10-01
C07117,Customer 07117,Female,54,Dewas,2025-05-26
C07118,Customer 07118,Male,45,Dewas,2025-05-19
C07119,Customer 07119,Female,53,Indore,2024-11-30
C07120,Customer 07120,Female,33,Indore,2025-01-08
C07121,Customer 07121,Male,32,Indore,2025-04-30
C07122,Customer 07122,Female,46,Indore,2024-01-07
C07123,Customer 07123,Male,35,Indore,2025-01-23
C07124,Customer 07124,Male,63,Indore,2025-03-11
C07125,Customer 07125,Female,63,Indore,2024-04-25
C07126,Customer 07126,Female,36,Indore,2024-04-12
C07127,Customer 07127,Male,46,Indore,2025-07-18
C07128,Customer 07128,Female,23,Indore,2024-01-03
C07129,Customer 07129,Female,62,Indore,2025-06-27
C07130,Customer 07130,Female,64,Indore,2024-03-20
C07131,Customer 07131,Male,44,Indore,
C07132,Customer 07132,Female,24,Bhopal,2025-01-30
C07133,Customer 07133,Male,44,Indore,2025-01-23
C07134,Customer 07134,Female,36,Indore,2024-09-16
C07135,Customer 07135,Male,34,Indore,2024-11-07
C07136,Customer 07136,Male,58,Ujjain,2024-12-01
C07137,Customer 07137,Female,28,Indore,2024-07-28
C07138,Customer 07138,Male,22,Indore,2025-05-25
C07139,Customer 07139,Male,19,Indore,2025-03-23
C07140,Customer 07140,Male,64,Indore,2024-02-14
C07141,Customer 07141,Female,29,Indore,2025-02-07
C07142,Customer 07142,Male,59,Indore,2024-11-04
C07143,Customer 07143,Female,59,Indore,2024-08-14
C07144,Customer 07144,Male,28,Indore,2024-12-14
C07145,Customer 07145,Male,27,Indore,2024-04-22
C07146,Customer 07146,Male,45,Indore,2024-01-30
C07147,Customer 07147,Male,24,Indore,2024-10-02
C07148,Customer 07148,Male,31,Dewas,2024-12-27
C07149,Customer 07149,Male,30,Ujjain,2025-12-26
C07150,Customer 07150,Female,22,Indore,2024-03-27
C07151,Customer 07151,Female,59,Indore,2025-03-11
C07152,Customer 07152,Male,25,Bhopal,2024-01-22
C07153,Customer 07153,Male,18,Indore,2025-01-19
C07154,Customer 07154,Female,22,Indore,2024-01-21
C07155,Customer 07155,Male,28,Indore,2025-11-18
C07156,Customer 07156,Male,60,Indore,2025-05-05
C07157,Customer 07157,Female,65,Indore,2025-04-11
C07158,Customer 07158,Female,27,Indore,2025-03-31
C07159,Customer 07159,Female,32,Indore,2025-11-10
C07160,Customer 07160,Male,56,Indore,2024-08-08
C07161,Customer 07161,Male,64,Bhopal,2025-08-16
C07162,Customer 07162,Female,46,Indore,2025-08-13
C07163,Customer 07163,Male,42,Indore,2025-05-12
C07164,Customer 07164,Female,65,Indore,2024-06-07
C07165,Customer 07165,Female,23,Bhopal,2024-05-22
C07166,Customer 07166,Male,28,Indore,2024-02-14
C07167,Customer 07167,Female,34,Indore,2025-03-26
C07168,Customer 07168,Female,32,Indore,2024-08-23
C07169,Customer 07169,Female,33,Indore,2025-11-12
C07170,Customer 07170,Male,19,Indore,2024-08-12
C07171,Customer 07171,Male,53,Indore,2025-02-11
C07172,Customer 07172,Male,36,Indore,2024-10-20
C07173,Customer 07173,Male,55,Indore,2024-10-06
C07174,Customer 07174,Female,38,Indore,2025-08-25
C07175,Customer 07175,Male,28,Indore,2025-02-20
C07176,Customer 07176,Male,58,Indore,2024-05-26
C07177,Customer 07177,Male,20,Indore,2025-08-04
C07178,Customer 07178,Female,51,Indore,2025-04-15
C07179,Customer 07179,Male,35,Indore,2024-02-18
C07180,Customer 07180,Male,32,Indore,2024-01-17
C07181,Customer 07181,Male,42,Indore,2024-05-28
C07182,Customer 07182,Female,32,Indore,2025-07-08
C07183,Customer 07183,Male,47,Bhopal,2024-07-30
C07184,Customer 07184,Female,34,Indore,2025-12-16
C07185,Customer 07185,Female,35,Indore,2025-12-17
C07186,Customer 07186,Male,48,Indore,2024-03-03
C07187,Customer 07187,Female,60,Indore,2025-06-19
C07188,Customer 07188,Male,35,Indore,2025-06-28
C07189,Customer 07189,Female,52,Indore,2025-12-21
C07190,Customer 07190,Female,30,Indore,2025-05-01
C07191,Customer 07191,Male,31,Indore,2025-04-24
C07192,Customer 07192,Male,53,Indore,2025-11-18
C07193,Customer 07193,Male,35,Ujjain,2024-02-13
C07194,Customer 07194,Other,22,Indore,2025-10-26
C07195,Customer 07195,Male,31,Indore,2025-03-31
C07196,Customer 07196,Female,42,Indore,2025-05-25
C07197,Customer 07197,Male,61,Indore,2024-12-20
C07198,Customer 07198,Female,56,Indore,2025-11-30
C07199,Customer 07199,Male,29,Dewas,2024-01-12
C07200,Customer 07200,Female,57,Ujjain,2024-12-21
C07201,Customer 07201,Male,45,Indore,2024-05-16
C07202,Customer 07202,Female,52,Indore,2025-04-18
C07203,Customer 07203,Male,18,Indore,2025-08-20
C07204,Customer 07204,Male,20,Indore,2024-02-22
C07205,Customer 07205,Male,60,Indore,2025-07-26
C07206,Customer 07206,Female,24,Indore,2024-04-22
C07207,Customer 07207,Male,26,Indore,2025-09-11
C07208,Customer 07208,Female,53,Indore,2025-04-22
C07209,Customer 07209,Male,40,Indore,2024-11-30
C07210,Customer 07210,Female,41,Indore,2025-02-20
C07211,Customer 07211,Female,27,Indore,2024-03-07
C07212,Customer 07212,Female,65,Bhopal,2024-11-15
C07213,Customer 07213,Male,29,Indore,2025-09-25
C07214,Customer 07214,Male,36,Indore,2024-09-10
C07215,Customer 07215,Male,49,Indore,2025-02-04
C07216,Customer 07216,Male,41,Indore,2024-10-26
C07217,Customer 07217,Female,39,Indore,2024-01-05
C07218,Customer 07218,Female,20,Indore,2025-03-21
C07219,Customer 07219,Female,57,Indore,2024-08-22
C07220,Customer 07220,Male,44,Indore,2025-03-22
C07221,Customer 07221,Female,36,Indore,2024-02-08
C07222,Customer 07222,Male,26,Ujjain,2024-07-18
C07223,Customer 07223,Female,30,Indore,2025-11-12
C07224,Customer 07224,Male,19,Dewas,2024-01-21
C07225,Customer 07225,Male,53,Indore,2025-11-17
C07226,Customer 07226,Male,46,Indore,2024-03-14
C07227,Customer 07227,Female,28,Indore,2024-05-28
C07228,Customer 07228,Female,51,Indore,2025-09-16
C07229,Customer 07229,Male,21,Indore,2024-10-10
C07230,Customer 07230,Male,21,Indore,2024-03-26
C07231,Customer 07231,Male,18,Ujjain,2024-04-11
C07232,Customer 07232,Female,42,Indore,2025-06-14
C07233,Customer 07233,Male,43,Indore,2024-03-03
C07234,Customer 07234,Female,28,Indore,2025-09-19
C07235,Customer 07235,Other,40,Indore,2025-11-22
C07236,Customer 07236,Female,19,Indore,2025-07-03
C07237,Customer 07237,Male,36,Indore,2025-02-11
C07238,Customer 07238,Female,46,Indore,2025-08-26
C07239,Customer 07239,Female,57,Indore,2024-06-21
C07240,Customer 07240,Male,21,Indore,2025-12-17
C07241,Customer 07241,Female,33,Indore,2025-06-04
C07242,Customer 07242,Female,64,Indore,2025-06-04
C07243,Customer 07243,Male,54,Indore,2025-06-16
C07244,Customer 07244,Male,44,Indore,2024-01-24
C07245,Customer 07245,Male,22,Ujjain,2024-04-04
C07246,Customer 07246,Female,32,Indore,2025-12-04
C07247,Customer 07247,Male,40,Indore,2024-10-22
C07248,Customer 07248,Female,20,Ujjain,2024-06-28
C07249,Customer 07249,Female,35,Indore,2024-05-10
C07250,Customer 07250,Female,60,Indore,2025-06-16
C07251,Customer 07251,Male,43,Indore,2024-01-08
C07252,Customer 07252,Female,23,Ujjain,2024-07-19
C07253,Customer 07253,Male,61,Indore,2025-01-19
C07254,Customer 07254,Male,34,Indore,2025-06-09
C07255,Customer 07255,Female,63,Indore,2025-07-01
C07256,Customer 07256,Male,55,Indore,2025-02-09
C07257,Customer 07257,Female,59,Indore,2025-01-07
C07258,Customer 07258,Male,65,Indore,2024-06-12
C07259,Customer 07259,Male,44,Indore,2025-07-10
C07260,Customer 07260,Male,37,Indore,2025-10-17
C07261,Customer 07261,Other,23,Dewas,2025-06-06
C07262,Customer 07262,Female,52,Indore,2024-12-19
C07263,Customer 07263,Female,29,Indore,2025-02-12
C07264,Customer 07264,Male,65,Indore,2025-05-25
C07265,Customer 07265,Male,20,Ujjain,2024-07-30
C07266,Customer 07266,Female,65,Indore,2025-09-16
C07267,Customer 07267,Male,21,Indore,2024-12-10
C07268,Customer 07268,Male,62,Bhopal,2024-01-11
C07269,Customer 07269,Female,21,Indore,2024-12-01
C07270,Customer 07270,Male,21,Indore,2024-12-05
C07271,Customer 07271,Female,56,Indore,2025-11-08
C07272,Customer 07272,Female,38,Indore,2024-09-14
C07273,Customer 07273,Male,61,Indore,2024-02-23
C07274,Customer 07274,Male,19,Indore,2025-08-27
C07275,Customer 07275,Male,33,Indore,2024-10-22
C07276,Customer 07276,Female,24,Indore,2025-07-10
C07277,Customer 07277,Female,36,Dewas,2024-08-04
C07278,Customer 07278,Male,60,Indore,2025-12-01
C07279,Customer 07279,Male,50,Ujjain,2025-01-22
C07280,Customer 07280,Female,26,Ujjain,2024-04-16
C07281,Customer 07281,Female,54,Indore,2025-04-17
C07282,Customer 07282,Male,34,Indore,2024-01-08
C07283,Customer 07283,Male,44,Indore,2025-06-27
C07284,Customer 07284,Male,50,Dewas,2024-06-16
C07285,Customer 07285,Female,29,Indore,2024-11-26
C07286,Customer 07286,Female,62,Indore,2024-02-06
C07287,Customer 07287,Male,28,Ujjain,2024-08-18
C07288,Customer 07288,Female,30,Indore,2024-07-01
C07289,Customer 07289,Male,48,Bhopal,2024-10-18
C07290,Customer 07290,Male,30,Indore,2025-06-05
C07291,Customer 07291,Male,55,Dewas,2024-03-10
C07292,Customer 07292,Female,43,Indore,2024-08-24
C07293,Customer 07293,Male,48,Indore,2025-04-08
C07294,Customer 07294,Female,39,Dewas,2024-04-27
C07295,Customer 07295,Male,23,Indore,2025-12-29
C07296,Customer 07296,Male,37,Indore,2024-07-09
C07297,Customer 07297,Male,38,Indore,2025-05-20
C07298,Customer 07298,Female,27,Indore,2025-05-18
C07299,Customer 07299,Male,36,Indore,2025-02-04
C07300,Customer 07300,Female,52,Dewas,2024-11-12
C07301,Customer 07301,Male,43,Indore,2025-12-18
C07302,Customer 07302,Male,24,Indore,2024-08-09
C07303,Customer 07303,Male,54,Indore,2025-10-19
C07304,Customer 07304,Male,25,Indore,2024-07-07
C07305,Customer 07305,Male,22,Indore,2024-10-18
C07306,Customer 07306,Male,61,Indore,2024-08-10
C07307,Customer 07307,Female,53,Indore,2025-02-20
C07308,Customer 07308,Female,45,Indore,2025-02-10
C07309,Customer 07309,Male,20,Ujjain,2024-02-07
C07310,Customer 07310,Male,56,Indore,2025-03-28
C07311,Customer 07311,Male,25,Bhopal,2024-07-25
C07312,Customer 07312,Male,32,Indore,2025-02-03
C07313,Customer 07313,Male,44,Indore,2024-07-05
C07314,Customer 07314,Female,53,Indore,2024-12-25
C07315,Customer 07315,Male,33,Indore,2025-08-26
C07316,Customer 07316,Male,43,Indore,2024-01-06
C07317,Customer 07317,Male,62,Indore,2024-05-12
C07318,Customer 07318,Male,61,Ujjain,2025-04-17
C07319,Customer 07319,Female,21,Indore,2025-08-26
C07320,Customer 07320,Male,29,Indore,2025-05-27
C07321,Customer 07321,Male,34,Indore,2024-03-23
C07322,Customer 07322,Female,58,Indore,2025-11-21
C07323,Customer 07323,Male,61,Indore,2025-01-11
C07324,Customer 07324,Female,43,Indore,2024-11-30
C07325,Customer 07325,Female,48,Indore,2025-10-20
C07326,Customer 07326,Male,32,Indore,2024-04-11
C07327,Customer 07327,Female,51,Dewas,2024-10-14
C07328,Customer 07328,Male,46,Indore,2024-01-31
C07329,Customer 07329,Female,26,Indore,2024-11-09
C07330,Customer 07330,Male,31,Indore,2024-06-02
C07331,Customer 07331,Male,53,Indore,2025-07-13
C07332,Customer 07332,Female,21,Ujjain,2025-07-06
C07333,Customer 07333,Female,55,Indore,2024-06-01
C07334,Customer 07334,Other,54,Indore,2025-11-24
C07335,Customer 07335,Female,41,Indore,2024-08-19
C07336,Customer 07336,Male,34,Indore,2024-04-30
C07337,Customer 07337,Male,30,Indore,2024-07-03
C07338,Customer 07338,Male,37,Ujjain,2025-03-31
C07339,Customer 07339,Male,34,Indore,2025-01-22
C07340,Customer 07340,Male,44,Indore,2025-09-23
C07341,Customer 07341,Female,50,Indore,2024-08-13
C07342,Customer 07342,Male,38,Indore,2025-09-15
C07343,Customer 07343,Male,34,Indore,
C07344,Customer 07344,Male,39,Indore,2024-01-26
C07345,Customer 07345,Female,42,Indore,2024-07-12
C07346,Customer 07346,Female,20,Indore,2024-01-19
C07347,Customer 07347,Female,44,Indore,2025-06-20
C07348,Customer 07348,Male,44,Bhopal,2025-07-12
C07349,Customer 07349,Female,63,Indore,2025-12-11
C07350,Customer 07350,Male,29,Indore,2024-09-20
C07351,Customer 07351,Female,32,Indore,2025-05-29
C07352,Customer 07352,Female,55,Dewas,2025-04-15
C07353,Customer 07353,Male,37,Indore,2024-08-26
C07354,Customer 07354,Male,39,Indore,2024-10-15
C07355,Customer 07355,Female,19,Indore,2025-01-02
C07356,Customer 07356,Male,21,Bhopal,2025-02-15
C07357,Customer 07357,Female,62,Indore,2024-01-22
C07358,Customer 07358,Male,30,Indore,2024-12-19
C07359,Customer 07359,Male,49,Indore,2025-06-25
C07360,Customer 07360,Male,39,Indore,2025-07-12
C07361,Customer 07361,Male,42,Indore,2025-02-23
C07362,Customer 07362,Male,44,Indore,2024-11-10
C07363,Customer 07363,Male,34,Indore,2024-11-24
C07364,Customer 07364,Female,23,Indore,2025-04-14
C07365,Customer 07365,Male,60,Indore,2025-04-07
C07366,Customer 07366,Female,33,Indore,2025-03-15
C07367,Customer 07367,Female,25,Indore,2025-10-25
C07368,Customer 07368,Female,50,Indore,2024-09-04
C07369,Customer 07369,Male,27,Indore,2024-06-19
C07370,Customer 07370,Male,51,Indore,2024-10-05
C07371,Customer 07371,Male,36,Dewas,2024-05-27
C07372,Customer 07372,Female,31,Ujjain,2025-09-12
C07373,Customer 07373,Female,20,Indore,2024-05-22
C07374,Customer 07374,Male,58,Indore,2024-03-11
C07375,Customer 07375,Male,40,Bhopal,
C07376,Customer 07376,Female,57,Indore,2025-09-29
C07377,Customer 07377,Male,28,Indore,2025-04-11
C07378,Customer 07378,Female,64,Indore,2025-08-16
C07379,Customer 07379,Female,23,Indore,2024-02-10
C07380,Customer 07380,Female,51,Indore,2024-12-21
C07381,Customer 07381,Male,18,Ujjain,2024-05-23
C07382,Customer 07382,Male,52,Indore,2025-11-13
C07383,Customer 07383,Female,42,Indore,2024-10-05
C07384,Customer 07384,Female,46,Indore,2025-04-15
C07385,Customer 07385,Male,40,Bhopal,2025-10-16
C07386,Customer 07386,Male,35,Indore,2025-09-30
C07387,Customer 07387,Female,31,Dewas,2024-02-27
C07388,Customer 07388,Female,34,Indore,2024-06-16
C07389,Customer 07389,Female,19,Indore,2025-09-21
C07390,Customer 07390,Other,48,Indore,2024-06-14
C07391,Customer 07391,Male,36,Dewas,2025-01-07
C07392,Customer 07392,Male,49,Indore,2024-03-22
C07393,Customer 07393,Female,45,Dewas,2024-05-13
C07394,Customer 07394,Female,58,Indore,2024-12-29
C07395,Customer 07395,Male,25,Dewas,2025-04-29
C07396,Customer 07396,Male,59,Indore,2024-02-15
C07397,Customer 07397,Female,58,Indore,2024-09-18
C07398,Customer 07398,Male,57,Indore,2025-04-13
C07399,Customer 07399,Male,56,Indore,2025-09-26
C07400,Customer 07400,Female,39,Indore,2024-08-09
C07401,Customer 07401,Female,41,Indore,2024-04-01
C07402,Customer 07402,Female,55,Indore,2024-01-19
C07403,Customer 07403,Male,19,Indore,2024-09-26
C07404,Customer 07404,Female,58,Indore,2025-07-30
C07405,Customer 07405,Female,58,Indore,2025-10-30
C07406,Customer 07406,Female,36,Ujjain,2025-02-18
C07407,Customer 07407,Female,58,Indore,2025-10-26
C07408,Customer 07408,Male,19,Indore,2024-09-03
C07409,Customer 07409,Male,45,Indore,2025-12-11
C07410,Customer 07410,Male,49,Indore,2024-10-28
C07411,Customer 07411,Male,36,Indore,2024-01-16
C07412,Customer 07412,Female,33,Indore,2025-09-11
C07413,Customer 07413,Female,47,Indore,2025-05-17
C07414,Customer 07414,Female,39,Indore,2025-01-29
C07415,Customer 07415,Female,31,Indore,2025-11-26
C07416,Customer 07416,Male,18,Indore,2024-07-02
C07417,Customer 07417,Male,62,Dewas,2025-03-16
C07418,Customer 07418,Male,19,Indore,2025-08-03
C07419,Customer 07419,Male,39,Indore,2024-09-06
C07420,Customer 07420,Male,63,Indore,2025-01-10
C07421,Customer 07421,Female,50,Indore,2025-04-02
C07422,Customer 07422,Other,32,Indore,2025-12-30
C07423,Customer 07423,Male,58,Indore,2024-03-28
C07424,Customer 07424,Male,39,Indore,2024-12-11
C07425,Customer 07425,Female,57,Indore,2025-12-29
C07426,Customer 07426,Male,56,Dewas,2025-01-24
C07427,Customer 07427,Female,58,Indore,2024-06-28
C07428,Customer 07428,Female,58,Ujjain,2025-09-28
C07429,Customer 07429,Female,28,Dewas,2025-01-10
C07430,Customer 07430,Male,21,Indore,2024-07-01
C07431,Customer 07431,Female,24,Indore,2024-11-24
C07432,Customer 07432,Male,38,Ujjain,2025-05-04
C07433,Customer 07433,Female,24,Indore,2024-07-18
C07434,Customer 07434,Male,21,Indore,2025-11-26
C07435,Customer 07435,Male,29,Ujjain,2025-04-23
C07436,Customer 07436,Female,44,Indore,2025-03-30
C07437,Customer 07437,Female,34,Indore,2025-03-15
C07438,Customer 07438,Female,37,Dewas,2025-08-23
C07439,Customer 07439,Female,48,Indore,2025-05-13
C07440,Customer 07440,Female,43,Indore,2025-09-21
C07441,Customer 07441,Male,48,Indore,2024-06-04
C07442,Customer 07442,Female,52,Indore,2025-04-03
C07443,Customer 07443,Female,26,Ujjain,2025-11-01
C07444,Customer 07444,Female,22,Indore,2024-07-01
C07445,Customer 07445,Female,65,Indore,2025-03-11
C07446,Customer 07446,Male,25,Indore,2025-12-14
C07447,Customer 07447,Female,38,Dewas,2025-07-31
C07448,Customer 07448,Male,33,Indore,2024-02-15
C07449,Customer 07449,Male,33,Indore,2024-08-31
C07450,Customer 07450,Female,35,Ujjain,2024-06-04
C07451,Customer 07451,Male,64,Indore,2025-01-28
C07452,Customer 07452,Female,45,Bhopal,2024-09-05
C07453,Customer 07453,Male,35,Bhopal,2025-08-29
C07454,Customer 07454,Male,31,Ujjain,2024-09-11
C07455,Customer 07455,Female,65,Indore,2024-12-27
C07456,Customer 07456,Female,54,Indore,2025-12-13
C07457,Customer 07457,Female,57,Indore,2025-10-07
C07458,Customer 07458,Female,33,Indore,2025-01-11
C07459,Customer 07459,Female,38,Indore,2024-06-01
C07460,Customer 07460,Male,18,Ujjain,2024-08-27
C07461,Customer 07461,Male,28,Indore,2025-04-04
C07462,Customer 07462,Male,28,Indore,2024-05-31
C07463,Customer 07463,Female,19,Indore,2025-03-15
C07464,Customer 07464,Female,49,Indore,2025-08-25
C07465,Customer 07465,Male,36,Dewas,2024-08-27
C07466,Customer 07466,Female,22,Indore,2024-07-01
C07467,Customer 07467,Female,20,Indore,2024-11-05
C07468,Customer 07468,Male,45,Indore,2024-09-15
C07469,Customer 07469,Male,43,Indore,2025-04-04
C07470,Customer 07470,Female,40,Indore,2025-03-06
C07471,Customer 07471,Female,47,Indore,2025-05-14
C07472,Customer 07472,Female,25,Indore,2024-03-16
C07473,Customer 07473,Male,53,Indore,2024-10-23
C07474,Customer 07474,Other,46,Dewas,2024-12-27
C07475,Customer 07475,Male,30,Indore,2024-07-01
C07476,Customer 07476,Male,42,Ujjain,2024-02-28
C07477,Customer 07477,Other,39,Dewas,2025-07-05
C07478,Customer 07478,Male,63,Indore,2025-07-10
C07479,Customer 07479,Female,50,Indore,2025-02-09
C07480,Customer 07480,Male,54,Dewas,2025-06-10
C07481,Customer 07481,Female,24,Ujjain,2024-07-05
C07482,Customer 07482,Female,40,Indore,2024-01-25
C07483,Customer 07483,Male,23,Indore,2024-10-25
C07484,Customer 07484,Female,32,Indore,2024-07-10
C07485,Customer 07485,Male,32,Indore,2025-11-21
C07486,Customer 07486,Female,57,Indore,2025-07-26
C07487,Customer 07487,Male,51,Indore,2024-05-10
C07488,Customer 07488,Male,31,Indore,2025-11-06
C07489,Customer 07489,Male,46,Indore,2025-05-18
C07490,Customer 07490,Male,33,Dewas,2024-07-25
C07491,Customer 07491,Female,46,Dewas,2024-08-25
C07492,Customer 07492,Male,40,Bhopal,2024-07-10
C07493,Customer 07493,Male,27,Indore,2024-01-28
C07494,Customer 07494,Male,64,Indore,2024-04-16
C07495,Customer 07495,Male,21,Dewas,2024-08-10
C07496,Customer 07496,Female,29,Indore,2025-01-14
C07497,Customer 07497,Female,59,Indore,2025-03-04
C07498,Customer 07498,Male,51,Indore,2024-03-24
C07499,Customer 07499,Female,21,Ujjain,2025-05-12
C07500,Customer 07500,Female,37,Indore,2024-08-24
C07501,Customer 07501,Male,45,Indore,2024-05-28
C07502,Customer 07502,Female,45,Indore,2025-09-03
C07503,Customer 07503,Female,23,Ujjain,2024-02-04
C07504,Customer 07504,Female,31,Indore,2024-04-06
C07505,Customer 07505,Female,52,Indore,2024-08-20
C07506,Customer 07506,Male,64,Indore,2025-02-10
C07507,Customer 07507,Female,18,Indore,2025-06-08
C07508,Customer 07508,Female,36,Indore,2025-05-03
C07509,Customer 07509,Male,18,Indore,2025-02-07
C07510,Customer 07510,Female,30,Bhopal,2024-08-10
C07511,Customer 07511,Male,25,Indore,2025-02-06
C07512,Customer 07512,Other,35,Indore,2025-03-26
C07513,Customer 07513,Female,52,Indore,2025-08-08
C07514,Customer 07514,Male,40,Indore,2024-07-02
C07515,Customer 07515,Male,43,Ujjain,2024-10-03
C07516,Customer 07516,Female,58,Indore,2025-07-21
C07517,Customer 07517,Male,55,Indore,2025-07-22
C07518,Customer 07518,Male,37,Indore,2025-01-20
C07519,Customer 07519,Male,19,Indore,2025-05-07
C07520,Customer 07520,Male,43,Indore,2024-10-21
C07521,Customer 07521,Male,53,Indore,2024-03-01
C07522,Customer 07522,Male,42,Indore,2025-11-15
C07523,Customer 07523,Male,47,Dewas,2025-09-13
C07524,Customer 07524,Female,35,Ujjain,2024-05-25
C07525,Customer 07525,Female,24,Indore,2025-06-09
C07526,Customer 07526,Male,44,Indore,2024-07-01
C07527,Customer 07527,Male,28,Indore,2024-11-10
C07528,Customer 07528,Female,54,Indore,2025-10-20
C07529,Customer 07529,Male,25,Indore,2025-10-13
C07530,Customer 07530,Male,28,Indore,2025-10-21
C07531,Customer 07531,Male,41,Dewas,2024-02-05
C07532,Customer 07532,Female,47,Indore,2024-02-25
C07533,Customer 07533,Female,47,Indore,2024-02-10
C07534,Customer 07534,Female,32,Indore,2025-01-17
C07535,Customer 07535,Female,52,Indore,2024-06-17
C07536,Customer 07536,Female,56,Indore,2024-06-19
C07537,Customer 07537,Male,41,Dewas,2025-09-09
C07538,Customer 07538,Female,25,Indore,2025-03-31
C07539,Customer 07539,Male,60,Dewas,2025-08-20
C07540,Customer 07540,Female,59,Indore,2025-05-05
C07541,Customer 07541,Female,37,Indore,2024-10-20
C07542,Customer 07542,Female,58,Indore,2025-10-19
C07543,Customer 07543,Male,64,Indore,2024-09-20
C07544,Customer 07544,Male,43,Indore,2024-09-03
C07545,Customer 07545,Female,41,Indore,2024-05-27
C07546,Customer 07546,Female,39,Ujjain,2025-03-16
C07547,Customer 07547,Female,22,Indore,2024-12-27
C07548,Customer 07548,Male,32,Indore,2024-08-09
C07549,Customer 07549,Female,53,Ujjain,2025-10-19
C07550,Customer 07550,Female,54,Indore,2024-04-17
C07551,Customer 07551,Female,46,Indore,2024-08-02
C07552,Customer 07552,Female,32,Ujjain,2024-05-09
C07553,Customer 07553,Female,44,Ujjain,2025-07-29
C07554,Customer 07554,Female,25,Indore,2024-10-26
C07555,Customer 07555,Female,46,Indore,2025-03-10
C07556,Customer 07556,Female,36,Bhopal,2024-12-27
C07557,Customer 07557,Male,48,Indore,2024-08-11
C07558,Customer 07558,Male,26,Indore,2025-07-30
C07559,Customer 07559,Female,27,Indore,2025-05-01
C07560,Customer 07560,Female,54,Indore,2025-07-30
C07561,Customer 07561,Female,27,Indore,2025-01-08
C07562,Customer 07562,Male,50,Indore,2025-11-24
C07563,Customer 07563,Male,42,Indore,2024-04-17
C07564,Customer 07564,Female,21,Ujjain,2024-12-16
C07565,Customer 07565,Female,22,Indore,2025-02-26
C07566,Customer 07566,Male,40,Indore,2025-01-26
C07567,Customer 07567,Male,56,Indore,2025-09-14
C07568,Customer 07568,Female,22,Dewas,2024-03-16
C07569,Customer 07569,Male,25,Indore,2024-09-06
C07570,Customer 07570,Female,34,Indore,2024-08-28
C07571,Customer 07571,Male,18,Bhopal,2024-08-13
C07572,Customer 07572,Female,29,Bhopal,2025-04-17
C07573,Customer 07573,Female,52,Indore,2025-11-06
C07574,Customer 07574,Female,31,Indore,2024-09-19
C07575,Customer 07575,Male,65,Indore,2024-01-15
C07576,Customer 07576,Female,35,Indore,2024-12-06
C07577,Customer 07577,Male,27,Bhopal,2025-10-26
C07578,Customer 07578,Male,32,Indore,2025-05-10
C07579,Customer 07579,Other,59,Indore,2025-03-16
C07580,Customer 07580,Female,50,Indore,2025-07-03
C07581,Customer 07581,Female,36,Indore,2024-02-06
C07582,Customer 07582,Male,51,Indore,2025-09-25
C07583,Customer 07583,Male,62,Ujjain,2024-06-23
C07584,Customer 07584,Male,42,Indore,2025-03-11
C07585,Customer 07585,Female,33,Indore,2024-10-19
C07586,Customer 07586,Female,25,Indore,2024-10-27
C07587,Customer 07587,Female,52,Indore,2025-10-15
C07588,Customer 07588,Female,38,Indore,2025-11-04
C07589,Customer 07589,Male,36,Bhopal,2024-12-04
C07590,Customer 07590,Male,63,Indore,2024-01-23
C07591,Customer 07591,Male,28,Indore,2024-12-15
C07592,Customer 07592,Male,61,Indore,2024-03-06
C07593,Customer 07593,Male,28,Indore,2025-01-29
C07594,Customer 07594,Female,28,Indore,2025-03-08
C07595,Customer 07595,Male,39,Indore,2025-07-23
C07596,Customer 07596,Female,38,Indore,2024-01-29
C07597,Customer 07597,Male,44,Indore,2024-03-23
C07598,Customer 07598,Other,35,Indore,2025-04-20
C07599,Customer 07599,Female,59,Indore,2025-03-10
C07600,Customer 07600,Female,65,Indore,2025-10-02
C07601,Customer 07601,Male,57,Indore,2024-05-12
C07602,Customer 07602,Female,55,Dewas,2024-04-24
C07603,Customer 07603,Female,47,Indore,2024-02-03
C07604,Customer 07604,Male,62,Bhopal,2025-09-28
C07605,Customer 07605,Male,64,Indore,2024-03-18
C07606,Customer 07606,Male,62,Indore,2024-10-01
C07607,Customer 07607,Female,50,Indore,2024-12-09
C07608,Customer 07608,Female,38,Indore,2025-11-10
C07609,Customer 07609,Female,19,Indore,2024-03-21
C07610,Customer 07610,Male,30,Indore,2025-08-29
C07611,Customer 07611,Male,19,Indore,2025-12-21
C07612,Customer 07612,Female,60,Indore,2024-03-12
C07613,Customer 07613,Male,62,Bhopal,2024-05-24
C07614,Customer 07614,Female,48,Indore,2024-02-07
C07615,Customer 07615,Female,27,Indore,2025-04-18
C07616,Customer 07616,Male,40,Dewas,2024-06-19
C07617,Customer 07617,Female,39,Indore,2024-02-09
C07618,Customer 07618,Male,64,Dewas,2024-06-21
C07619,Customer 07619,Female,46,Indore,2025-02-27
C07620,Customer 07620,Male,50,Indore,2024-07-17
C07621,Customer 07621,Female,48,Indore,2024-08-09
C07622,Customer 07622,Male,31,Indore,2025-08-24
C07623,Customer 07623,Male,27,Indore,2025-11-05
C07624,Customer 07624,Female,35,Indore,2025-03-25
C07625,Customer 07625,Male,28,Indore,2025-03-03
C07626,Customer 07626,Female,56,Indore,2025-03-23
C07627,Customer 07627,Male,64,Bhopal,2025-10-06
C07628,Customer 07628,Female,20,Indore,2025-03-07
C07629,Customer 07629,Male,19,Indore,2024-11-17
C07630,Customer 07630,Female,25,Indore,2024-05-31
C07631,Customer 07631,Male,48,Indore,2024-02-14
C07632,Customer 07632,Male,25,Bhopal,2024-11-19
C07633,Customer 07633,Male,60,Indore,2025-02-15
C07634,Customer 07634,Female,65,Indore,2024-09-17
C07635,Customer 07635,Male,19,Indore,2024-08-06
C07636,Customer 07636,Female,39,Indore,2025-09-11
C07637,Customer 07637,Female,22,Indore,2024-02-16
C07638,Customer 07638,Male,24,Indore,2025-10-06
C07639,Customer 07639,Female,37,Indore,2025-11-18
C07640,Customer 07640,Male,45,Indore,2025-09-24
C07641,Customer 07641,Male,30,Ujjain,2024-10-29
C07642,Customer 07642,Female,19,Indore,2024-07-08
C07643,Customer 07643,Female,49,Indore,2025-11-19
C07644,Customer 07644,Female,43,Dewas,2025-07-30
C07645,Customer 07645,Male,20,Bhopal,2024-12-01
C07646,Customer 07646,Male,58,Indore,2024-08-07
C07647,Customer 07647,Male,59,Indore,2025-10-21
C07648,Customer 07648,Female,30,Indore,2025-09-03
C07649,Customer 07649,Female,38,Indore,2024-04-28
C07650,Customer 07650,Female,62,Indore,2025-09-12
C07651,Customer 07651,Male,54,Indore,2024-03-22
C07652,Customer 07652,Male,40,Indore,2024-01-13
C07653,Customer 07653,Male,24,Indore,2025-04-22
C07654,Customer 07654,Male,34,Indore,2024-10-25
C07655,Customer 07655,Male,45,Indore,2024-04-01
C07656,Customer 07656,Female,64,Indore,2025-11-26
C07657,Customer 07657,Female,47,Indore,2025-11-20
C07658,Customer 07658,Female,22,Indore,2025-12-22
C07659,Customer 07659,Male,41,Dewas,2024-10-02
C07660,Customer 07660,Male,24,Indore,2024-10-30
C07661,Customer 07661,Female,51,Indore,2024-09-29
C07662,Customer 07662,Male,59,Ujjain,2025-02-15
C07663,Customer 07663,Female,50,Indore,2024-02-05
C07664,Customer 07664,Male,44,Indore,2025-02-25
C07665,Customer 07665,Male,31,Indore,2025-04-22
C07666,Customer 07666,Female,36,Indore,2025-05-16
C07667,Customer 07667,Male,65,Indore,2024-12-03
C07668,Customer 07668,Female,55,Indore,2025-08-04
C07669,Customer 07669,Female,29,Indore,2025-09-19
C07670,Customer 07670,Male,20,Dewas,2025-02-13
C07671,Customer 07671,Male,24,Indore,2025-04-07
C07672,Customer 07672,Female,52,Indore,2025-05-27
C07673,Customer 07673,Female,42,Indore,2024-03-21
C07674,Customer 07674,Male,32,Bhopal,2025-04-23
C07675,Customer 07675,Female,36,Indore,2025-01-20
C07676,Customer 07676,Male,36,Indore,2025-02-23
C07677,Customer 07677,Male,40,Indore,2025-03-15
C07678,Customer 07678,Male,28,Indore,2024-02-04
C07679,Customer 07679,Male,38,Indore,2025-05-15
C07680,Customer 07680,Male,51,Indore,2025-12-07
C07681,Customer 07681,Other,56,Indore,2024-07-02
C07682,Customer 07682,Male,24,Indore,2025-07-11
C07683,Customer 07683,Male,59,Indore,2024-05-27
C07684,Customer 07684,Male,61,Ujjain,2024-09-20
C07685,Customer 07685,Female,44,Indore,2025-08-27
C07686,Customer 07686,Female,40,Dewas,2025-05-03
C07687,Customer 07687,Male,55,Indore,2025-09-17
C07688,Customer 07688,Male,37,Indore,2024-10-08
C07689,Customer 07689,Male,44,Indore,2025-09-06
C07690,Customer 07690,Male,25,Indore,2024-07-20
C07691,Customer 07691,Male,54,Indore,2025-07-27
C07692,Customer 07692,Male,20,Indore,2025-08-28
C07693,Customer 07693,Male,19,Indore,2025-02-20
C07694,Customer 07694,Female,39,Indore,2024-11-12
C07695,Customer 07695,Male,23,Indore,2024-08-15
C07696,Customer 07696,Female,56,Indore,2024-03-08
C07697,Customer 07697,Female,57,Indore,2025-04-24
C07698,Customer 07698,Female,53,Indore,2025-11-07
C07699,Customer 07699,Male,61,Indore,2024-04-10
C07700,Customer 07700,Male,41,Indore,2024-08-30
C07701,Customer 07701,Male,29,Indore,2024-03-30
C07702,Customer 07702,Female,34,Indore,2025-08-22
C07703,Customer 07703,Male,39,Indore,2024-05-06
C07704,Customer 07704,Female,36,Indore,2025-09-10
C07705,Customer 07705,Female,26,Indore,2025-02-02
C07706,Customer 07706,Male,29,Indore,2024-10-28
C07707,Customer 07707,Female,49,Indore,2025-05-08
C07708,Customer 07708,Male,48,Indore,2025-11-27
C07709,Customer 07709,Male,34,Indore,2025-02-24
C07710,Customer 07710,Male,40,Indore,2025-09-04
C07711,Customer 07711,Male,27,Indore,2024-05-21
C07712,Customer 07712,Female,47,Indore,2024-09-09
C07713,Customer 07713,Male,36,Indore,2024-03-13
C07714,Customer 07714,Male,43,Indore,2024-08-01
C07715,Customer 07715,Female,43,Indore,2025-01-13
C07716,Customer 07716,Female,28,Bhopal,2024-10-25
C07717,Customer 07717,Male,37,Indore,2025-01-13
C07718,Customer 07718,Female,62,Indore,2025-05-06
C07719,Customer 07719,Female,21,Dewas,2025-11-14
C07720,Customer 07720,Male,64,Indore,2024-10-30
C07721,Customer 07721,Male,29,Ujjain,2025-05-12
C07722,Customer 07722,Male,42,Indore,2024-08-24
C07723,Customer 07723,Female,27,Indore,2024-08-17
C07724,Customer 07724,Female,39,Indore,2024-01-07
C07725,Customer 07725,Female,24,Indore,2025-12-07
C07726,Customer 07726,Male,41,Bhopal,2024-09-12
C07727,Customer 07727,Male,19,Dewas,2024-06-19
C07728,Customer 07728,Male,49,Indore,2025-07-05
C07729,Customer 07729,Male,38,Indore,2024-10-14
C07730,Customer 07730,Female,24,Dewas,2024-08-21
C07731,Customer 07731,Female,25,Indore,2025-11-25
C07732,Customer 07732,Male,55,Indore,2025-05-07
C07733,Customer 07733,Male,38,Indore,2024-07-29
C07734,Customer 07734,Male,25,Dewas,2025-01-01
C07735,Customer 07735,Male,42,Indore,2024-08-16
C07736,Customer 07736,Male,45,Indore,2024-12-10
C07737,Customer 07737,Male,45,Bhopal,2024-03-17
C07738,Customer 07738,Male,48,Indore,2025-04-04
C07739,Customer 07739,Male,53,Indore,2024-09-21
C07740,Customer 07740,Male,42,Indore,2025-05-18
C07741,Customer 07741,Male,58,Ujjain,2025-10-10
C07742,Customer 07742,Female,54,Indore,2025-07-29
C07743,Customer 07743,Male,55,Indore,2024-09-01
C07744,Customer 07744,Female,29,Indore,2025-03-04
C07745,Customer 07745,Male,54,Indore,2024-03-31
C07746,Customer 07746,Male,54,Ujjain,2025-03-20
C07747,Customer 07747,Male,48,Ujjain,2024-08-20
C07748,Customer 07748,Male,35,Indore,2025-03-29
C07749,Customer 07749,Female,43,Indore,2024-12-14
C07750,Customer 07750,Male,23,Indore,2024-04-03
C07751,Customer 07751,Female,26,Indore,2025-02-25
C07752,Customer 07752,Female,28,Dewas,2025-12-15
C07753,Customer 07753,Female,48,Indore,2025-05-04
C07754,Customer 07754,Female,63,Indore,2025-11-16
C07755,Customer 07755,Female,19,Indore,2024-05-03
C07756,Customer 07756,Male,46,Indore,2025-08-04
C07757,Customer 07757,Female,63,Indore,2025-09-06
C07758,Customer 07758,Male,59,Indore,2024-08-20
C07759,Customer 07759,Male,22,Indore,2024-03-04
C07760,Customer 07760,Male,40,Indore,2025-08-29
C07761,Customer 07761,Female,53,Indore,2024-06-11
C07762,Customer 07762,Female,24,Ujjain,2024-10-30
C07763,Customer 07763,Male,30,Indore,2024-11-14
C07764,Customer 07764,Female,59,Indore,2025-11-15
C07765,Customer 07765,Male,27,Indore,2024-01-06
C07766,Customer 07766,Male,53,Indore,2024-10-27
C07767,Customer 07767,Male,33,Indore,2024-04-10
C07768,Customer 07768,Male,32,Indore,2025-02-19
C07769,Customer 07769,Male,60,Indore,2024-12-25
C07770,Customer 07770,Female,36,Indore,2024-05-10
C07771,Customer 07771,Female,38,Indore,2025-01-20
C07772,Customer 07772,Male,52,Ujjain,2024-01-20
C07773,Customer 07773,Male,32,Indore,2025-12-23
C07774,Customer 07774,Female,65,Indore,2024-10-21
C07775,Customer 07775,Female,31,Indore,2025-01-30
C07776,Customer 07776,Male,46,Indore,2025-03-20
C07777,Customer 07777,Male,22,Indore,2024-10-18
C07778,Customer 07778,Female,35,Dewas,2025-05-04
C07779,Customer 07779,Female,18,Indore,2024-12-13
C07780,Customer 07780,Male,44,Dewas,2024-09-21
C07781,Customer 07781,Male,44,Indore,2024-02-13
C07782,Customer 07782,Female,42,Indore,2024-03-15
C07783,Customer 07783,Male,58,Indore,2024-02-22
C07784,Customer 07784,Other,38,Indore,2024-10-12
C07785,Customer 07785,Male,31,Ujjain,2024-03-06
C07786,Customer 07786,Female,37,Dewas,2024-02-07
C07787,Customer 07787,Male,45,Indore,2025-02-20
C07788,Customer 07788,Male,38,Bhopal,2025-12-11
C07789,Customer 07789,Female,40,Indore,2025-04-13
C07790,Customer 07790,Male,28,Indore,2024-02-24
C07791,Customer 07791,Female,19,Dewas,2024-04-25
C07792,Customer 07792,Male,37,Indore,2025-08-19
C07793,Customer 07793,Male,41,Indore,2024-10-05
C07794,Customer 07794,Male,42,Indore,2025-03-29
C07795,Customer 07795,Female,54,Indore,2024-05-21
C07796,Customer 07796,Male,39,Indore,2025-08-30
C07797,Customer 07797,Male,41,Indore,2024-02-18
C07798,Customer 07798,Male,32,Indore,2025-01-03
C07799,Customer 07799,Female,29,Indore,2025-01-04
C07800,Customer 07800,Female,63,Indore,2024-10-27
C07801,Customer 07801,Male,48,Ujjain,2025-12-17
C07802,Customer 07802,Male,60,Indore,2024-12-17
C07803,Customer 07803,Female,48,Indore,2024-07-13
C07804,Customer 07804,Male,47,Indore,2024-10-31
C07805,Customer 07805,Female,58,Indore,2024-09-06
C07806,Customer 07806,Female,37,Indore,2024-09-14
C07807,Customer 07807,Female,25,Indore,2025-03-25
C07808,Customer 07808,Male,61,Indore,2024-02-28
C07809,Customer 07809,Female,47,Indore,2024-08-08
C07810,Customer 07810,Female,52,Indore,2025-07-25
C07811,Customer 07811,Female,38,Indore,2025-06-17
C07812,Customer 07812,Male,64,Indore,2024-12-27
C07813,Customer 07813,Male,57,Indore,2024-02-22
C07814,Customer 07814,Male,45,Indore,2025-07-14
C07815,Customer 07815,Female,56,Indore,2025-06-12
C07816,Customer 07816,Female,34,Indore,2025-05-12
C07817,Customer 07817,Male,29,Indore,2025-09-30
C07818,Customer 07818,Male,35,Indore,2024-06-03
C07819,Customer 07819,Male,64,Indore,2025-05-04
C07820,Customer 07820,Female,45,Indore,2024-03-18
C07821,Customer 07821,Female,20,Indore,2024-06-22
C07822,Customer 07822,Male,32,Indore,2025-09-09
C07823,Customer 07823,Male,33,Indore,2024-11-15
C07824,Customer 07824,Male,39,Indore,2024-02-01
C07825,Customer 07825,Female,48,Indore,2024-10-18
C07826,Customer 07826,Female,48,Indore,
C07827,Customer 07827,Female,18,Indore,2024-11-10
C07828,Customer 07828,Male,28,Indore,2025-09-05
C07829,Customer 07829,Female,23,Indore,2025-09-21
C07830,Customer 07830,Male,40,Dewas,2025-10-30
C07831,Customer 07831,Female,26,Dewas,2024-09-23
C07832,Customer 07832,Male,33,Dewas,2025-02-25
C07833,Customer 07833,Female,55,Indore,2024-09-01
C07834,Customer 07834,Female,61,Indore,2025-08-13
C07835,Customer 07835,Female,36,Dewas,2025-11-02
C07836,Customer 07836,Female,62,Indore,2024-03-31
C07837,Customer 07837,Male,30,Indore,2025-03-11
C07838,Customer 07838,Male,49,Indore,2025-10-02
C07839,Customer 07839,Female,53,Ujjain,2025-05-03
C07840,Customer 07840,Male,26,Bhopal,2024-01-14
C07841,Customer 07841,Male,63,Indore,2024-10-12
C07842,Customer 07842,Male,63,Bhopal,2025-11-01
C07843,Customer 07843,Female,54,Indore,2025-10-02
C07844,Customer 07844,Male,48,Indore,2025-11-16
C07845,Customer 07845,Male,48,Bhopal,2025-02-01
C07846,Customer 07846,Male,36,Dewas,2025-11-16
C07847,Customer 07847,Male,19,Indore,2025-03-02
C07848,Customer 07848,Female,62,Ujjain,2024-12-26
C07849,Customer 07849,Other,49,Indore,2024-02-12
C07850,Customer 07850,Female,60,Indore,2024-10-20
C07851,Customer 07851,Male,51,Bhopal,2024-12-10
C07852,Customer 07852,Female,18,Bhopal,2025-09-12
C07853,Customer 07853,Female,38,Indore,2024-08-29
C07854,Customer 07854,Male,20,Indore,2024-02-24
C07855,Customer 07855,Female,44,Indore,2025-07-20
C07856,Customer 07856,Female,61,Dewas,2025-12-28
C07857,Customer 07857,Female,24,Indore,2025-03-17
C07858,Customer 07858,Female,50,Bhopal,2024-04-16
C07859,Customer 07859,Male,26,Indore,2024-11-08
C07860,Customer 07860,Male,47,Indore,2024-07-02
C07861,Customer 07861,Female,35,Dewas,2024-05-09
C07862,Customer 07862,Male,43,Indore,2025-05-13
C07863,Customer 07863,Male,37,Indore,2025-09-27
C07864,Customer 07864,Female,55,Indore,2025-02-21
C07865,Customer 07865,Female,58,Indore,2024-02-18
C07866,Customer 07866,Male,48,Indore,2024-11-15
C07867,Customer 07867,Female,25,Indore,2024-09-09
C07868,Customer 07868,Female,40,Indore,2025-01-26
C07869,Customer 07869,Female,42,Indore,2024-03-09
C07870,Customer 07870,Male,64,Indore,2025-03-17
C07871,Customer 07871,Male,18,Indore,2025-04-21
C07872,Customer 07872,Male,63,Indore,2025-01-11
C07873,Customer 07873,Male,35,Indore,2025-07-17
C07874,Customer 07874,Male,36,Indore,2025-06-28
C07875,Customer 07875,Male,59,Indore,2025-06-15
C07876,Customer 07876,Male,23,Indore,2024-07-05
C07877,Customer 07877,Female,34,Indore,2025-11-30
C07878,Customer 07878,Male,63,Indore,2025-12-03
C07879,Customer 07879,Female,62,Indore,2024-04-21
C07880,Customer 07880,Female,25,Indore,2024-07-02
C07881,Customer 07881,Male,59,Dewas,2024-10-19
C07882,Customer 07882,Female,26,Indore,2024-12-26
C07883,Customer 07883,Female,54,Indore,2025-05-16
C07884,Customer 07884,Male,44,Indore,2024-11-02
C07885,Customer 07885,Female,53,Indore,2025-10-10
C07886,Customer 07886,Male,23,Indore,2024-03-26
C07887,Customer 07887,Female,23,Indore,2024-10-22
C07888,Customer 07888,Male,62,Bhopal,2025-03-27
C07889,Customer 07889,Female,21,Indore,2024-06-19
C07890,Customer 07890,Male,39,Indore,2024-12-21
C07891,Customer 07891,Female,57,Indore,2025-04-04
C07892,Customer 07892,Male,44,Ujjain,2024-10-05
C07893,Customer 07893,Female,54,Indore,2024-09-08
C07894,Customer 07894,Female,19,Indore,2024-01-08
C07895,Customer 07895,Male,26,Indore,2025-08-08
C07896,Customer 07896,Female,28,Indore,2024-11-15
C07897,Customer 07897,Male,37,Indore,2024-05-30
C07898,Customer 07898,Female,60,Indore,2025-08-27
C07899,Customer 07899,Male,56,Indore,2025-01-10
C07900,Customer 07900,Female,31,Indore,2024-12-30
C07901,Customer 07901,Female,43,Indore,2025-08-30
C07902,Customer 07902,Male,55,Ujjain,2025-03-15
C07903,Customer 07903,Male,47,Indore,2024-05-21
C07904,Customer 07904,Male,53,Indore,2025-08-14
C07905,Customer 07905,Female,55,Dewas,2024-01-20
C07906,Customer 07906,Male,52,Indore,2024-01-12
C07907,Customer 07907,Female,23,Indore,2025-09-27
C07908,Customer 07908,Female,20,Indore,2024-05-01
C07909,Customer 07909,Male,18,Indore,2025-02-28
C07910,Customer 07910,Female,35,Indore,2024-08-16
C07911,Customer 07911,Male,40,Ujjain,2025-08-19
C07912,Customer 07912,Male,49,Indore,2024-01-29
C07913,Customer 07913,Female,46,Indore,2024-05-14
C07914,Customer 07914,Male,40,Indore,2025-07-05
C07915,Customer 07915,Male,53,Indore,2024-04-10
C07916,Customer 07916,Female,23,Indore,2025-01-10
C07917,Customer 07917,Male,34,Bhopal,2025-10-07
C07918,Customer 07918,Female,35,Indore,2024-11-06
C07919,Customer 07919,Female,48,Indore,2025-03-15
C07920,Customer 07920,Male,23,Indore,2025-11-23
C07921,Customer 07921,Male,51,Indore,2025-04-01
C07922,Customer 07922,Female,61,Indore,2024-07-18
C07923,Customer 07923,Male,61,Indore,2025-12-21
C07924,Customer 07924,Male,44,Indore,2025-08-22
C07925,Customer 07925,Female,53,Indore,2024-05-04
C07926,Customer 07926,Male,65,Bhopal,2025-04-15
C07927,Customer 07927,Female,59,Indore,2024-01-22
C07928,Customer 07928,Male,42,Indore,2024-02-19
C07929,Customer 07929,Male,27,Indore,2025-12-26
C07930,Customer 07930,Male,56,Bhopal,2025-07-13
C07931,Customer 07931,Female,63,Indore,2024-03-06
C07932,Customer 07932,Female,56,Indore,2024-05-09
C07933,Customer 07933,Female,29,Indore,2024-10-28
C07934,Customer 07934,Male,28,Indore,2024-11-22
C07935,Customer 07935,Male,60,Indore,2025-01-18
C07936,Customer 07936,Male,20,Indore,2025-06-21
C07937,Customer 07937,Male,39,Indore,2025-12-03
C07938,Customer 07938,Female,21,Indore,2024-02-18
C07939,Customer 07939,Female,25,Indore,2024-11-14
C07940,Customer 07940,Male,31,Indore,2024-01-21
C07941,Customer 07941,Female,37,Indore,2025-03-08
C07942,Customer 07942,Male,41,Indore,2025-08-13
C07943,Customer 07943,Female,31,Indore,2025-08-14
C07944,Customer 07944,Male,45,Indore,2024-01-09
C07945,Customer 07945,Male,33,Indore,2024-05-28
C07946,Customer 07946,Male,49,Bhopal,2025-03-12
C07947,Customer 07947,Male,64,Indore,2025-05-13
C07948,Customer 07948,Female,29,Indore,2024-02-24
C07949,Customer 07949,Male,33,Indore,2024-10-23
C07950,Customer 07950,Male,36,Dewas,2025-06-01
C07951,Customer 07951,Female,22,Indore,2025-12-04
C07952,Customer 07952,Female,29,Indore,2024-08-16
C07953,Customer 07953,Female,46,Indore,2024-09-03
C07954,Customer 07954,Male,22,Indore,2024-10-08
C07955,Customer 07955,Female,59,Indore,2024-09-13
C07956,Customer 07956,Female,34,Indore,2024-04-02
C07957,Customer 07957,Male,64,Indore,2024-08-01
C07958,Customer 07958,Male,25,Indore,2025-07-06
C07959,Customer 07959,Male,57,Indore,2025-10-29
C07960,Customer 07960,Male,57,Ujjain,2024-05-12
C07961,Customer 07961,Male,47,Bhopal,
C07962,Customer 07962,Male,27,Indore,2024-03-26
C07963,Customer 07963,Female,37,Dewas,2025-08-18
C07964,Customer 07964,Female,62,Indore,2025-01-30
C07965,Customer 07965,Female,33,Dewas,2025-06-30
C07966,Customer 07966,Female,58,Indore,2024-09-05
C07967,Customer 07967,Male,33,Indore,2025-09-28
C07968,Customer 07968,Female,59,Dewas,2025-07-17
C07969,Customer 07969,Female,20,Ujjain,2024-10-15
C07970,Customer 07970,Male,40,Indore,2025-02-12
C07971,Customer 07971,Female,39,Indore,2024-11-04
C07972,Customer 07972,Female,45,Ujjain,2024-03-01
C07973,Customer 07973,Female,63,Indore,2025-05-18
C07974,Customer 07974,Female,62,Bhopal,2025-06-10
C07975,Customer 07975,Male,53,Indore,2024-11-06
C07976,Customer 07976,Male,21,Indore,2025-11-23
C07977,Customer 07977,Male,55,Indore,2024-07-18
C07978,Customer 07978,Female,41,Indore,2024-12-18
C07979,Customer 07979,Female,36,Indore,2024-03-15
C07980,Customer 07980,Other,28,Dewas,2024-09-27
C07981,Customer 07981,Male,57,Indore,
C07982,Customer 07982,Male,63,Indore,2024-02-05
C07983,Customer 07983,Female,57,Indore,2024-07-16
C07984,Customer 07984,Female,63,Indore,2024-06-01
C07985,Customer 07985,Male,56,Ujjain,2024-02-13
C07986,Customer 07986,Male,35,Indore,2025-10-02
C07987,Customer 07987,Female,29,Indore,2025-07-07
C07988,Customer 07988,Female,31,Indore,2025-06-28
C07989,Customer 07989,Male,64,Indore,2025-05-24
C07990,Customer 07990,Male,35,Bhopal,2025-02-19
C07991,Customer 07991,Female,61,Indore,2025-02-12
C07992,Customer 07992,Female,59,Ujjain,2024-10-22
C07993,Customer 07993,Male,29,Bhopal,2025-09-18
C07994,Customer 07994,Male,57,Indore,2024-07-21
C07995,Customer 07995,Female,44,Ujjain,2025-07-29
C07996,Customer 07996,Male,23,Indore,2025-01-02
C07997,Customer 07997,Male,41,Indore,2025-03-01
C07998,Customer 07998,Female,50,Indore,2024-07-28
C07999,Customer 07999,Male,62,Bhopal,2025-08-20
C08000,Customer 08000,Female,33,Indore,2025-04-04
C08001,Customer 08001,Male,29,Ujjain,2024-12-27
C08002,Customer 08002,Female,48,Indore,2025-04-20
C08003,Customer 08003,Male,54,Indore,2024-10-30
C08004,Customer 08004,Male,30,Indore,2024-07-03
C08005,Customer 08005,Male,25,Indore,2024-09-21
C08006,Customer 08006,Female,55,Indore,2025-02-17
C08007,Customer 08007,Female,20,Dewas,2025-02-05
C08008,Customer 08008,Male,37,Indore,2024-06-21
C08009,Customer 08009,Female,21,Bhopal,2025-12-28
C08010,Customer 08010,Female,61,Dewas,2024-03-23
C08011,Customer 08011,Female,62,Indore,2025-08-12
C08012,Customer 08012,Male,19,Indore,2024-11-17
C08013,Customer 08013,Female,53,Ujjain,2024-12-11
C08014,Customer 08014,Male,40,Indore,2024-03-12
C08015,Customer 08015,Male,62,Indore,2025-03-26
C08016,Customer 08016,Female,36,Indore,2025-10-14
C08017,Customer 08017,Female,57,Bhopal,2024-07-26
C08018,Customer 08018,Male,25,Indore,2024-12-07
C08019,Customer 08019,Male,33,Indore,2024-02-02
C08020,Customer 08020,Female,60,Indore,2025-01-16
C08021,Customer 08021,Female,35,Indore,2025-01-20
C08022,Customer 08022,Male,53,Indore,2024-04-18
C08023,Customer 08023,Female,41,Ujjain,2024-06-10
C08024,Customer 08024,Male,18,Indore,2024-01-16
C08025,Customer 08025,Male,18,Indore,2024-01-14
C08026,Customer 08026,Female,63,Indore,2024-09-02
C08027,Customer 08027,Male,53,Indore,2024-02-15
C08028,Customer 08028,Male,28,Indore,2025-09-16
C08029,Customer 08029,Female,35,Indore,2025-07-08
C08030,Customer 08030,Female,33,Indore,2025-02-05
C08031,Customer 08031,Male,34,Indore,2024-02-17
C08032,Customer 08032,Female,41,Indore,2025-12-04
C08033,Customer 08033,Female,51,Dewas,2025-02-13
C08034,Customer 08034,Male,21,Indore,2025-12-14
C08035,Customer 08035,Female,52,Indore,2025-03-29
C08036,Customer 08036,Male,32,Indore,2024-05-21
C08037,Customer 08037,Male,19,Indore,2025-03-25
C08038,Customer 08038,Female,48,Indore,2024-07-07
C08039,Customer 08039,Female,26,Indore,2025-04-01
C08040,Customer 08040,Male,27,Indore,2024-04-25
C08041,Customer 08041,Male,42,Indore,2025-05-28
C08042,Customer 08042,Male,22,Dewas,2024-01-13
C08043,Customer 08043,Male,31,Indore,2024-10-03
C08044,Customer 08044,Male,59,Indore,2024-09-08
C08045,Customer 08045,Male,65,Indore,2024-08-15
C08046,Customer 08046,Female,55,Dewas,2024-05-25
C08047,Customer 08047,Male,57,Indore,2024-08-04
C08048,Customer 08048,Male,19,Indore,2024-10-20
C08049,Customer 08049,Female,35,Indore,2024-10-07
C08050,Customer 08050,Female,46,Dewas,2024-06-14
C08051,Customer 08051,Male,37,Indore,2024-05-22
C08052,Customer 08052,Male,25,Indore,2025-05-12
C08053,Customer 08053,Female,54,Indore,2025-04-28
C08054,Customer 08054,Male,65,Indore,2025-02-16
C08055,Customer 08055,Male,43,Dewas,2024-04-06
C08056,Customer 08056,Female,54,Indore,2025-12-04
C08057,Customer 08057,Male,21,Indore,2024-10-14
C08058,Customer 08058,Male,50,Indore,2025-07-08
C08059,Customer 08059,Male,39,Dewas,2024-09-25
C08060,Customer 08060,Male,23,Dewas,2024-07-27
C08061,Customer 08061,Male,50,Indore,2025-06-20
C08062,Customer 08062,Other,45,Bhopal,2024-10-31
C08063,Customer 08063,Male,41,Indore,2024-03-28
C08064,Customer 08064,Male,21,Indore,2024-04-29
C08065,Customer 08065,Male,19,Indore,2024-08-12
C08066,Customer 08066,Female,30,Bhopal,2024-05-15
C08067,Customer 08067,Female,63,Indore,2025-12-23
C08068,Customer 08068,Male,28,Indore,2025-01-16
C08069,Customer 08069,Female,52,Indore,2024-01-11
C08070,Customer 08070,Male,56,Indore,2025-03-14
C08071,Customer 08071,Male,27,Indore,2024-01-10
C08072,Customer 08072,Male,60,Indore,2024-11-10
C08073,Customer 08073,Male,27,Indore,2024-03-05
C08074,Customer 08074,Male,25,Indore,2025-08-14
C08075,Customer 08075,Female,22,Indore,2025-04-12
C08076,Customer 08076,Male,40,Indore,2025-08-26
C08077,Customer 08077,Female,51,Indore,2025-10-06
C08078,Customer 08078,Male,64,Indore,2025-09-15
C08079,Customer 08079,Male,49,Indore,2024-07-13
C08080,Customer 08080,Male,33,Indore,2025-02-17
C08081,Customer 08081,Female,21,Indore,2025-08-21
C08082,Customer 08082,Male,45,Indore,2025-11-04
C08083,Customer 08083,Female,65,Indore,2024-01-01
C08084,Customer 08084,Male,61,Indore,2025-01-02
C08085,Customer 08085,Male,31,Indore,2025-09-22
C08086,Customer 08086,Male,29,Ujjain,2025-01-10
C08087,Customer 08087,Male,38,Ujjain,2024-07-09
C08088,Customer 08088,Male,65,Indore,2024-10-16
C08089,Customer 08089,Male,33,Indore,2025-09-19
C08090,Customer 08090,Female,61,Indore,2024-07-17
C08091,Customer 08091,Male,19,Indore,2024-08-22
C08092,Customer 08092,Female,40,Indore,2024-08-17
C08093,Customer 08093,Male,46,Indore,2024-08-13
C08094,Customer 08094,Female,63,Indore,2025-03-05
C08095,Customer 08095,Female,60,Indore,2024-07-14
C08096,Customer 08096,Male,26,Indore,2025-04-11
C08097,Customer 08097,Male,24,Indore,2025-03-16
C08098,Customer 08098,Female,46,Indore,2024-06-05
C08099,Customer 08099,Female,61,Indore,2025-04-26
C08100,Customer 08100,Male,34,Bhopal,2024-12-19
C08101,Customer 08101,Male,26,Indore,2025-11-15
C08102,Customer 08102,Female,23,Indore,2025-06-16
C08103,Customer 08103,Male,61,Bhopal,2025-05-22
C08104,Customer 08104,Female,37,Indore,2025-02-08
C08105,Customer 08105,Male,27,Ujjain,2025-11-30
C08106,Customer 08106,Male,26,Dewas,2024-10-15
C08107,Customer 08107,Female,29,Indore,2025-11-09
C08108,Customer 08108,Female,50,Indore,2025-12-02
C08109,Customer 08109,Male,49,Indore,2024-03-30
C08110,Customer 08110,Male,51,Indore,2025-01-16
C08111,Customer 08111,Female,36,Bhopal,2024-10-27
C08112,Customer 08112,Female,50,Indore,2025-03-17
C08113,Customer 08113,Male,65,Ujjain,2025-05-16
C08114,Customer 08114,Female,33,Indore,2025-08-07
C08115,Customer 08115,Female,40,Bhopal,2025-08-16
C08116,Customer 08116,Female,43,Indore,2025-01-19
C08117,Customer 08117,Female,62,Indore,2025-06-06
C08118,Customer 08118,Male,61,Indore,2025-05-16
C08119,Customer 08119,Female,58,Indore,2024-09-05
C08120,Customer 08120,Female,54,Indore,2025-11-02
C08121,Customer 08121,Male,26,Indore,2025-09-10
C08122,Customer 08122,Male,47,Indore,2024-03-31
C08123,Customer 08123,Male,30,Indore,2025-12-16
C08124,Customer 08124,Female,65,Indore,2025-01-28
C08125,Customer 08125,Male,59,Indore,2024-12-23
C08126,Customer 08126,Female,33,Indore,2024-05-28
C08127,Customer 08127,Female,63,Indore,2025-04-19
C08128,Customer 08128,Female,19,Dewas,2025-11-08
C08129,Customer 08129,Female,48,Indore,2025-09-19
C08130,Customer 08130,Female,60,Indore,2025-03-17
C08131,Customer 08131,Male,36,Indore,2024-01-08
C08132,Customer 08132,Female,28,Indore,2024-08-16
C08133,Customer 08133,Male,31,Indore,2024-03-10
C08134,Customer 08134,Female,64,Indore,2025-12-03
C08135,Customer 08135,Male,42,Indore,2025-11-04
C08136,Customer 08136,Other,24,Indore,2025-11-19
C08137,Customer 08137,Female,32,Indore,2024-02-09
C08138,Customer 08138,Female,47,Indore,2024-01-29
C08139,Customer 08139,Male,48,Indore,2025-06-04
C08140,Customer 08140,Male,41,Indore,2024-10-03
C08141,Customer 08141,Female,42,Indore,2024-10-14
C08142,Customer 08142,Male,25,Indore,2025-08-06
C08143,Customer 08143,Female,47,Indore,2024-07-01
C08144,Customer 08144,Male,53,Indore,2025-06-05
C08145,Customer 08145,Female,31,Indore,2025-11-19
C08146,Customer 08146,Male,46,Indore,2025-08-21
C08147,Customer 08147,Female,44,Indore,2024-03-24
C08148,Customer 08148,Female,53,Indore,2025-01-31
C08149,Customer 08149,Male,51,Indore,2024-03-26
C08150,Customer 08150,Male,38,Indore,2024-10-23
C08151,Customer 08151,Male,55,Indore,2025-12-19
C08152,Customer 08152,Female,28,Indore,2024-10-13
C08153,Customer 08153,Female,50,Indore,2024-04-18
C08154,Customer 08154,Female,32,Indore,2025-06-27
C08155,Customer 08155,Female,29,Bhopal,2024-01-13
C08156,Customer 08156,Male,41,Indore,2025-01-11
C08157,Customer 08157,Male,54,Indore,2025-02-12
C08158,Customer 08158,Male,28,Indore,2025-12-25
C08159,Customer 08159,Male,36,Ujjain,2025-09-21
C08160,Customer 08160,Female,18,Ujjain,2025-09-09
C08161,Customer 08161,Female,34,Dewas,2024-01-15
C08162,Customer 08162,Male,57,Indore,2025-12-25
C08163,Customer 08163,Female,33,Ujjain,2024-07-06
C08164,Customer 08164,Female,43,Indore,2024-08-21
C08165,Customer 08165,Male,60,Indore,2025-04-02
C08166,Customer 08166,Male,60,Ujjain,2025-12-25
C08167,Customer 08167,Male,32,Indore,2024-05-24
C08168,Customer 08168,Female,25,Indore,2025-05-31
C08169,Customer 08169,Female,47,Indore,2024-05-20
C08170,Customer 08170,Female,31,Indore,2025-06-16
C08171,Customer 08171,Male,50,Indore,2025-09-20
C08172,Customer 08172,Male,59,Indore,2024-04-24
C08173,Customer 08173,Female,24,Indore,2024-02-13
C08174,Customer 08174,Female,35,Indore,2024-07-22
C08175,Customer 08175,Female,29,Indore,2025-04-17
C08176,Customer 08176,Female,19,Indore,2024-11-04
C08177,Customer 08177,Male,46,Indore,2024-11-17
C08178,Customer 08178,Female,38,Indore,2025-02-08
C08179,Customer 08179,Female,24,Ujjain,2024-12-26
C08180,Customer 08180,Male,44,Indore,2024-05-05
C08181,Customer 08181,Female,29,Indore,2024-04-29
C08182,Customer 08182,Male,37,Bhopal,2024-08-01
C08183,Customer 08183,Male,31,Indore,2024-11-06
C08184,Customer 08184,Male,27,Indore,2025-10-03
C08185,Customer 08185,Male,58,Indore,2025-08-28
C08186,Customer 08186,Male,40,Indore,2024-03-05
C08187,Customer 08187,Male,47,Indore,2024-12-31
C08188,Customer 08188,Female,64,Indore,2024-07-23
C08189,Customer 08189,Male,48,Indore,2024-07-05
C08190,Customer 08190,Male,27,Indore,2025-12-24
C08191,Customer 08191,Male,36,Indore,2025-12-03
C08192,Customer 08192,Female,36,Indore,2024-09-17
C08193,Customer 08193,Male,61,Indore,2024-03-30
C08194,Customer 08194,Male,40,Indore,2025-01-27
C08195,Customer 08195,Female,61,Indore,2024-05-29
C08196,Customer 08196,Female,58,Indore,2025-02-15
C08197,Customer 08197,Female,49,Ujjain,2025-03-19
C08198,Customer 08198,Male,37,Indore,2024-05-19
C08199,Customer 08199,Male,21,Indore,2024-10-19
C08200,Customer 08200,Female,50,Indore,2025-04-10
C08201,Customer 08201,Male,65,Indore,2025-09-22
C08202,Customer 08202,Male,18,Indore,
C08203,Customer 08203,Male,30,Indore,2024-04-07
C08204,Customer 08204,Female,20,Indore,2024-06-18
C08205,Customer 08205,Male,29,Indore,2024-11-05
C08206,Customer 08206,Female,46,Indore,2025-03-01
C08207,Customer 08207,Female,48,Dewas,2024-03-07
C08208,Customer 08208,Male,58,Indore,2024-02-25
C08209,Customer 08209,Female,53,Indore,2025-07-11
C08210,Customer 08210,Female,19,Indore,2025-05-31
C08211,Customer 08211,Female,39,Indore,2025-07-21
C08212,Customer 08212,Male,39,Indore,2024-05-30
C08213,Customer 08213,Female,58,Indore,2024-11-13
C08214,Customer 08214,Male,48,Indore,2024-05-20
C08215,Customer 08215,Female,62,Indore,2024-11-10
C08216,Customer 08216,Male,31,Indore,2024-01-06
C08217,Customer 08217,Male,46,Indore,2024-07-07
C08218,Customer 08218,Female,52,Ujjain,2024-11-12
C08219,Customer 08219,Female,26,Dewas,2025-11-15
C08220,Customer 08220,Female,64,Indore,2025-08-27
C08221,Customer 08221,Male,49,Indore,2025-06-07
C08222,Customer 08222,Male,44,Indore,2024-06-11
C08223,Customer 08223,Female,27,Indore,2025-01-02
C08224,Customer 08224,Female,42,Indore,2025-05-31
C08225,Customer 08225,Female,62,Indore,2024-03-06
C08226,Customer 08226,Male,50,Indore,2025-12-15
C08227,Customer 08227,Male,28,Indore,2024-11-19
C08228,Customer 08228,Female,54,Indore,2024-07-11
C08229,Customer 08229,Female,26,Ujjain,2024-12-30
C08230,Customer 08230,Male,24,Indore,2025-01-04
C08231,Customer 08231,Female,24,Indore,2024-12-01
C08232,Customer 08232,Female,51,Indore,2025-07-31
C08233,Customer 08233,Male,36,Indore,2025-11-11
C08234,Customer 08234,Male,37,Indore,2025-10-28
C08235,Customer 08235,Male,59,Indore,2025-08-10
C08236,Customer 08236,Female,42,Indore,2024-05-12
C08237,Customer 08237,Male,22,Indore,2024-05-20
C08238,Customer 08238,Male,65,Indore,2024-12-01
C08239,Customer 08239,Female,46,Indore,2025-05-13
C08240,Customer 08240,Male,44,Indore,2025-10-10
C08241,Customer 08241,Male,42,Indore,2024-06-24
C08242,Customer 08242,Male,54,Indore,2024-02-05
C08243,Customer 08243,Female,32,Indore,2024-05-22
C08244,Customer 08244,Female,65,Indore,2025-10-10
C08245,Customer 08245,Male,21,Indore,2025-06-11
C08246,Customer 08246,Female,31,Indore,2025-05-18
C08247,Customer 08247,Female,34,Bhopal,2024-01-06
C08248,Customer 08248,Male,38,Indore,2025-08-06
C08249,Customer 08249,Male,33,Indore,2025-11-03
C08250,Customer 08250,Male,43,Indore,2024-08-11
C08251,Customer 08251,Male,26,Indore,2024-12-21
C08252,Customer 08252,Female,19,Indore,2024-02-05
C08253,Customer 08253,Female,60,Indore,2025-06-29
C08254,Customer 08254,Male,32,Bhopal,2025-06-08
C08255,Customer 08255,Male,52,Indore,2025-12-14
C08256,Customer 08256,Male,41,Indore,2024-02-26
C08257,Customer 08257,Female,65,Indore,2024-01-07
C08258,Customer 08258,Male,55,Dewas,2025-03-18
C08259,Customer 08259,Female,31,Indore,2024-11-10
C08260,Customer 08260,Male,54,Bhopal,2024-04-20
C08261,Customer 08261,Female,54,Ujjain,2024-04-25
C08262,Customer 08262,Female,23,Bhopal,2024-11-02
C08263,Customer 08263,Male,35,Dewas,2025-10-28
C08264,Customer 08264,Male,39,Dewas,2025-12-18
C08265,Customer 08265,Female,35,Indore,2024-11-05
C08266,Customer 08266,Male,19,Dewas,2024-04-03
C08267,Customer 08267,Female,49,Indore,2024-07-10
C08268,Customer 08268,Male,34,Indore,2024-10-05
C08269,Customer 08269,Female,18,Indore,2025-07-13
C08270,Customer 08270,Male,26,Bhopal,2024-02-24
C08271,Customer 08271,Female,30,Indore,2024-01-17
C08272,Customer 08272,Female,53,Indore,2024-11-30
C08273,Customer 08273,Female,54,Indore,2024-03-02
C08274,Customer 08274,Female,47,Indore,2025-09-28
C08275,Customer 08275,Female,48,Indore,2025-07-26
C08276,Customer 08276,Male,40,Indore,2025-07-09
C08277,Customer 08277,Female,45,Bhopal,2024-11-22
C08278,Customer 08278,Female,27,Indore,2024-05-07
C08279,Customer 08279,Male,42,Indore,2025-05-14
C08280,Customer 08280,Female,53,Indore,2024-09-15
C08281,Customer 08281,Female,43,Ujjain,2025-12-13
C08282,Customer 08282,Female,43,Dewas,2025-09-15
C08283,Customer 08283,Male,62,Indore,2025-02-13
C08284,Customer 08284,Male,30,Indore,2024-05-22
C08285,Customer 08285,Male,34,Indore,2025-01-31
C08286,Customer 08286,Male,57,Indore,2025-12-19
C08287,Customer 08287,Female,21,Indore,2024-12-24
C08288,Customer 08288,Male,40,Bhopal,2025-10-13
C08289,Customer 08289,Male,52,Indore,2024-11-14
C08290,Customer 08290,Other,28,Indore,2025-10-09
C08291,Customer 08291,Male,29,Bhopal,2025-12-12
C08292,Customer 08292,Male,26,Indore,2024-10-04
C08293,Customer 08293,Male,32,Indore,2025-10-13
C08294,Customer 08294,Male,62,Indore,2025-10-23
C08295,Customer 08295,Female,54,Indore,2024-03-31
C08296,Customer 08296,Female,22,Indore,2025-11-28
C08297,Customer 08297,Female,36,Indore,2024-03-22
C08298,Customer 08298,Male,28,Indore,2024-01-19
C08299,Customer 08299,Female,26,Ujjain,2025-01-13
C08300,Customer 08300,Male,52,Indore,2025-10-06
C08301,Customer 08301,Male,44,Indore,2025-01-03
C08302,Customer 08302,Male,30,Indore,2025-11-11
C08303,Customer 08303,Male,29,Indore,2025-04-02
C08304,Customer 08304,Male,26,Dewas,2024-01-19
C08305,Customer 08305,Male,59,Indore,2024-09-09
C08306,Customer 08306,Other,45,Indore,2024-12-29
C08307,Customer 08307,Male,30,Indore,2024-07-11
C08308,Customer 08308,Male,37,Bhopal,2024-10-04
C08309,Customer 08309,Male,30,Indore,2025-10-18
C08310,Customer 08310,Female,44,Ujjain,2024-02-04
C08311,Customer 08311,Male,43,Indore,2025-11-09
C08312,Customer 08312,Female,46,Indore,2024-08-31
C08313,Customer 08313,Female,46,Indore,2025-08-07
C08314,Customer 08314,Male,39,Dewas,2025-10-06
C08315,Customer 08315,Male,26,Indore,2024-03-13
C08316,Customer 08316,Male,41,Indore,
C08317,Customer 08317,Female,59,Indore,2024-09-23
C08318,Customer 08318,Male,36,Indore,2024-11-29
C08319,Customer 08319,Male,55,Ujjain,2025-09-13
C08320,Customer 08320,Male,48,Indore,2024-06-16
C08321,Customer 08321,Female,56,Dewas,2025-12-28
C08322,Customer 08322,Male,32,Indore,2024-12-05
C08323,Customer 08323,Male,49,Indore,2024-04-06
C08324,Customer 08324,Female,63,Bhopal,2025-08-14
C08325,Customer 08325,Female,65,Indore,2025-12-29
C08326,Customer 08326,Female,63,Indore,2025-11-28
C08327,Customer 08327,Male,46,Indore,2024-03-04
C08328,Customer 08328,Female,51,Indore,2025-08-01
C08329,Customer 08329,Female,26,Indore,2024-04-05
C08330,Customer 08330,Male,52,Indore,2025-06-29
C08331,Customer 08331,Female,23,Indore,2025-01-03
C08332,Customer 08332,Male,54,Ujjain,2024-12-10
C08333,Customer 08333,Female,31,Indore,2025-03-17
C08334,Customer 08334,Male,64,Indore,2025-03-26
C08335,Customer 08335,Female,26,Indore,2024-08-21
C08336,Customer 08336,Male,36,Indore,2025-11-05
C08337,Customer 08337,Female,40,Bhopal,2024-06-05
C08338,Customer 08338,Male,58,Indore,2024-01-28
C08339,Customer 08339,Female,45,Indore,2025-04-16
C08340,Customer 08340,Female,33,Indore,2025-08-03
C08341,Customer 08341,Male,43,Indore,2025-04-02
C08342,Customer 08342,Female,55,Indore,2024-12-03
C08343,Customer 08343,Other,57,Indore,2025-02-25
C08344,Customer 08344,Male,42,Indore,2025-01-09
C08345,Customer 08345,Male,52,Indore,2025-10-10
C08346,Customer 08346,Female,22,Indore,2025-09-15
C08347,Customer 08347,Male,24,Indore,2024-10-25
C08348,Customer 08348,Male,40,Indore,2024-01-25
C08349,Customer 08349,Male,42,Indore,2025-08-28
C08350,Customer 08350,Male,18,Indore,2024-03-06
C08351,Customer 08351,Male,39,Indore,2025-06-12
C08352,Customer 08352,Male,21,Indore,2025-09-12
C08353,Customer 08353,Female,45,Indore,2025-01-25
C08354,Customer 08354,Female,65,Indore,2024-10-04
C08355,Customer 08355,Male,31,Ujjain,2024-01-10
C08356,Customer 08356,Female,50,Indore,2024-12-11
C08357,Customer 08357,Female,21,Indore,2024-05-20
C08358,Customer 08358,Female,59,Indore,2024-01-28
C08359,Customer 08359,Male,28,Indore,2024-04-09
C08360,Customer 08360,Male,56,Indore,2024-07-05
C08361,Customer 08361,Female,49,Indore,2025-01-27
C08362,Customer 08362,Female,21,Ujjain,2025-12-20
C08363,Customer 08363,Female,18,Bhopal,2024-11-06
C08364,Customer 08364,Female,43,Indore,2024-09-17
C08365,Customer 08365,Male,50,Indore,2024-03-09
C08366,Customer 08366,Female,34,Indore,2024-02-07
C08367,Customer 08367,Male,44,Dewas,2024-03-06
C08368,Customer 08368,Male,59,Indore,2025-04-19
C08369,Customer 08369,Female,22,Indore,2025-05-08
C08370,Customer 08370,Male,24,Indore,2025-04-11
C08371,Customer 08371,Male,42,Indore,2024-03-04
C08372,Customer 08372,Female,25,Indore,2025-10-26
C08373,Customer 08373,Male,51,Indore,2024-06-28
C08374,Customer 08374,Female,58,Indore,2025-11-08
C08375,Customer 08375,Other,21,Indore,2024-04-08
C08376,Customer 08376,Female,29,Indore,2025-06-20
C08377,Customer 08377,Male,48,Indore,2024-10-30
C08378,Customer 08378,Male,28,Indore,2024-03-13
C08379,Customer 08379,Male,54,Indore,2025-06-30
C08380,Customer 08380,Male,61,Dewas,2024-05-22
C08381,Customer 08381,Male,53,Indore,2024-08-01
C08382,Customer 08382,Female,62,Indore,2025-12-17
C08383,Customer 08383,Male,39,Indore,2024-10-31
C08384,Customer 08384,Female,18,Indore,2025-02-17
C08385,Customer 08385,Male,21,Bhopal,2025-12-29
C08386,Customer 08386,Female,53,Indore,2024-12-10
C08387,Customer 08387,Female,25,Indore,2025-08-20
C08388,Customer 08388,Male,42,Indore,2025-05-08
C08389,Customer 08389,Male,45,Indore,2025-11-11
C08390,Customer 08390,Female,55,Indore,2024-05-04
C08391,Customer 08391,Female,53,Indore,2025-02-11
C08392,Customer 08392,Female,53,Indore,2024-08-23
C08393,Customer 08393,Male,60,Ujjain,2025-10-18
C08394,Customer 08394,Male,58,Indore,2025-09-08
C08395,Customer 08395,Female,63,Indore,2024-12-09
C08396,Customer 08396,Female,21,Indore,2025-10-07
C08397,Customer 08397,Male,30,Bhopal,2025-06-04
C08398,Customer 08398,Female,55,Indore,2025-06-10
C08399,Customer 08399,Male,62,Indore,2024-03-04
C08400,Customer 08400,Male,42,Ujjain,2025-11-20
C08401,Customer 08401,Male,20,Indore,2025-05-16
C08402,Customer 08402,Male,49,Indore,2025-09-27
C08403,Customer 08403,Female,56,Indore,2024-01-11
C08404,Customer 08404,Male,18,Indore,2025-08-29
C08405,Customer 08405,Male,28,Indore,2025-09-23
C08406,Customer 08406,Female,19,Indore,2025-03-05
C08407,Customer 08407,Female,22,Indore,2024-10-27
C08408,Customer 08408,Female,39,Bhopal,2024-09-02
C08409,Customer 08409,Female,63,Dewas,2025-08-11
C08410,Customer 08410,Male,30,Indore,2024-04-03
C08411,Customer 08411,Female,65,Indore,2024-11-10
C08412,Customer 08412,Female,40,Indore,2024-06-01
C08413,Customer 08413,Female,64,Indore,2024-08-27
C08414,Customer 08414,Male,48,Bhopal,2024-05-19
C08415,Customer 08415,Male,52,Indore,2025-08-19
C08416,Customer 08416,Female,55,Indore,2024-08-03
C08417,Customer 08417,Male,58,Bhopal,2025-01-04
C08418,Customer 08418,Female,52,Indore,2024-10-19
C08419,Customer 08419,Female,62,Indore,2024-08-28
C08420,Customer 08420,Female,30,Bhopal,2025-06-18
C08421,Customer 08421,Female,24,Indore,2024-11-16
C08422,Customer 08422,Female,22,Indore,2024-02-14
C08423,Customer 08423,Male,46,Indore,2025-08-08
C08424,Customer 08424,Female,25,Indore,2025-09-05
C08425,Customer 08425,Female,25,Indore,2024-10-10
C08426,Customer 08426,Male,24,Indore,2025-08-06
C08427,Customer 08427,Male,36,Indore,2025-07-06
C08428,Customer 08428,Male,56,Indore,2024-07-30
C08429,Customer 08429,Female,40,Ujjain,2025-11-02
C08430,Customer 08430,Male,53,Indore,2024-03-27
C08431,Customer 08431,Female,59,Indore,2024-01-07
C08432,Customer 08432,Male,49,Indore,2025-04-03
C08433,Customer 08433,Male,62,Indore,2024-07-01
C08434,Customer 08434,Female,21,Indore,2024-11-23
C08435,Customer 08435,Male,47,Indore,2024-10-25
C08436,Customer 08436,Female,59,Dewas,2025-02-01
C08437,Customer 08437,Female,56,Indore,2024-01-14
C08438,Customer 08438,Female,22,Dewas,2024-04-09
C08439,Customer 08439,Male,20,Indore,2024-06-17
C08440,Customer 08440,Female,39,Indore,2024-08-19
C08441,Customer 08441,Female,45,Indore,2024-04-20
C08442,Customer 08442,Female,39,Indore,2024-12-12
C08443,Customer 08443,Male,39,Indore,2024-12-05
C08444,Customer 08444,Female,51,Indore,2025-09-05
C08445,Customer 08445,Female,46,Indore,2025-12-29
C08446,Customer 08446,Female,60,Indore,2024-08-27
C08447,Customer 08447,Male,59,Indore,2024-08-27
C08448,Customer 08448,Male,30,Indore,2024-09-26
C08449,Customer 08449,Male,24,Indore,2025-06-23
C08450,Customer 08450,Male,27,Indore,2024-10-12
C08451,Customer 08451,Male,45,Indore,2024-11-30
C08452,Customer 08452,Male,21,Indore,2025-07-19
C08453,Customer 08453,Female,49,Indore,2025-03-18
C08454,Customer 08454,Male,39,Indore,2025-12-25
C08455,Customer 08455,Female,37,Dewas,2025-05-17
C08456,Customer 08456,Male,65,Indore,2025-01-04
C08457,Customer 08457,Male,37,Dewas,2024-04-29
C08458,Customer 08458,Male,23,Indore,2024-03-15
C08459,Customer 08459,Male,26,Indore,
C08460,Customer 08460,Female,45,Indore,2024-03-10
C08461,Customer 08461,Female,30,Indore,2024-09-27
C08462,Customer 08462,Male,48,Indore,2024-05-11
C08463,Customer 08463,Male,56,Indore,2024-04-07
C08464,Customer 08464,Male,31,Indore,2024-04-11
C08465,Customer 08465,Female,39,Indore,2025-03-03
C08466,Customer 08466,Female,54,Indore,2024-06-15
C08467,Customer 08467,Female,62,Indore,2024-04-14
C08468,Customer 08468,Female,41,Indore,2025-08-20
C08469,Customer 08469,Female,25,Ujjain,2025-07-02
C08470,Customer 08470,Male,32,Bhopal,2025-03-17
C08471,Customer 08471,Male,58,Dewas,2025-11-02
C08472,Customer 08472,Female,23,Indore,2025-09-26
C08473,Customer 08473,Female,40,Indore,2025-10-05
C08474,Customer 08474,Female,42,Ujjain,2024-09-22
C08475,Customer 08475,Female,48,Indore,2025-02-23
C08476,Customer 08476,Male,63,Indore,2024-09-17
C08477,Customer 08477,Female,46,Indore,2025-03-09
C08478,Customer 08478,Female,40,Indore,2025-02-19
C08479,Customer 08479,Male,27,Indore,2024-12-20
C08480,Customer 08480,Female,26,Ujjain,2025-04-05
C08481,Customer 08481,Female,30,Indore,2025-12-01
C08482,Customer 08482,Male,49,Indore,2025-01-19
C08483,Customer 08483,Male,62,Indore,2025-06-26
C08484,Customer 08484,Male,58,Indore,2024-10-01
C08485,Customer 08485,Female,18,Indore,2024-11-05
C08486,Customer 08486,Male,18,Indore,2024-05-11
C08487,Customer 08487,Female,54,Indore,2025-11-18
C08488,Customer 08488,Female,57,Indore,2024-02-18
C08489,Customer 08489,Male,35,Indore,2025-03-19
C08490,Customer 08490,Female,53,Bhopal,2024-06-20
C08491,Customer 08491,Other,48,Bhopal,2024-11-25
C08492,Customer 08492,Male,18,Indore,2024-01-06
C08493,Customer 08493,Male,64,Indore,2025-08-10
C08494,Customer 08494,Female,53,Indore,2024-07-22
C08495,Customer 08495,Female,26,Bhopal,2025-01-03
C08496,Customer 08496,Male,39,Ujjain,2025-12-22
C08497,Customer 08497,Male,45,Indore,2025-07-01
C08498,Customer 08498,Male,43,Indore,2024-10-07
C08499,Customer 08499,Other,27,Indore,2025-11-19
C08500,Customer 08500,Male,64,Indore,2024-02-24
C08501,Customer 08501,Female,20,Indore,2024-06-17
C08502,Customer 08502,Female,19,Indore,2024-11-08
C08503,Customer 08503,Male,54,Indore,2025-04-22
C08504,Customer 08504,Female,48,Dewas,2025-03-03
C08505,Customer 08505,Male,50,Indore,2025-05-26
C08506,Customer 08506,Female,49,Indore,2025-02-16
C08507,Customer 08507,Male,60,Indore,2024-02-17
C08508,Customer 08508,Female,29,Indore,2025-09-07
C08509,Customer 08509,Female,20,Indore,2024-01-03
C08510,Customer 08510,Male,65,Indore,2025-08-19
C08511,Customer 08511,Male,43,Ujjain,2025-11-15
C08512,Customer 08512,Male,31,Bhopal,2024-11-24
C08513,Customer 08513,Male,29,Dewas,2024-08-20
C08514,Customer 08514,Female,43,Indore,2025-11-06
C08515,Customer 08515,Female,33,Indore,2024-02-29
C08516,Customer 08516,Male,25,Indore,2025-08-12
C08517,Customer 08517,Female,45,Indore,2025-06-13
C08518,Customer 08518,Female,24,Bhopal,2024-04-06
C08519,Customer 08519,Female,32,Indore,2024-03-06
C08520,Customer 08520,Male,58,Indore,2024-01-31
C08521,Customer 08521,Male,53,Dewas,2024-05-27
C08522,Customer 08522,Male,25,Bhopal,2025-10-21
C08523,Customer 08523,Female,27,Indore,2024-02-16
C08524,Customer 08524,Male,32,Indore,2024-08-31
C08525,Customer 08525,Male,35,Indore,2024-09-13
C08526,Customer 08526,Male,63,Indore,2025-04-22
C08527,Customer 08527,Female,54,Indore,2025-08-17
C08528,Customer 08528,Male,58,Indore,2024-12-21
C08529,Customer 08529,Male,62,Indore,2025-10-15
C08530,Customer 08530,Male,60,Indore,2025-10-02
C08531,Customer 08531,Male,61,Indore,2025-03-28
C08532,Customer 08532,Female,52,Indore,2025-06-05
C08533,Customer 08533,Male,19,Bhopal,2024-06-25
C08534,Customer 08534,Male,39,Indore,2024-07-28
C08535,Customer 08535,Female,32,Indore,2024-02-11
C08536,Customer 08536,Male,54,Indore,2024-05-03
C08537,Customer 08537,Male,56,Indore,2024-07-05
C08538,Customer 08538,Female,53,Indore,2024-01-25
C08539,Customer 08539,Male,22,Indore,2024-06-12
C08540,Customer 08540,Male,65,Indore,2024-02-04
C08541,Customer 08541,Male,32,Indore,2024-09-09
C08542,Customer 08542,Male,44,Indore,2025-04-19
C08543,Customer 08543,Female,33,Indore,2025-04-14
C08544,Customer 08544,Female,53,Indore,2025-06-05
C08545,Customer 08545,Female,55,Indore,2024-09-20
C08546,Customer 08546,Male,35,Indore,2024-04-14
C08547,Customer 08547,Male,52,Indore,2024-08-07
C08548,Customer 08548,Female,42,Indore,2025-02-10
C08549,Customer 08549,Female,39,Indore,2025-10-07
C08550,Customer 08550,Male,48,Indore,2024-07-24
C08551,Customer 08551,Male,54,Indore,2025-09-27
C08552,Customer 08552,Male,51,Indore,2024-08-03
C08553,Customer 08553,Male,40,Indore,2024-03-04
C08554,Customer 08554,Male,33,Indore,2024-02-07
C08555,Customer 08555,Male,23,Indore,2025-10-26
C08556,Customer 08556,Female,32,Indore,2024-08-09
C08557,Customer 08557,Female,35,Indore,2024-12-07
C08558,Customer 08558,Male,55,Indore,2025-04-17
C08559,Customer 08559,Male,30,Indore,2025-06-19
C08560,Customer 08560,Female,41,Indore,2024-12-22
C08561,Customer 08561,Male,30,Indore,2025-05-20
C08562,Customer 08562,Female,18,Indore,2025-08-01
C08563,Customer 08563,Male,65,Indore,2024-08-22
C08564,Customer 08564,Female,53,Indore,2025-08-24
C08565,Customer 08565,Male,35,Dewas,2024-04-03
C08566,Customer 08566,Male,65,Indore,2024-07-07
C08567,Customer 08567,Male,50,Ujjain,2025-10-10
C08568,Customer 08568,Male,55,Indore,2025-11-15
C08569,Customer 08569,Male,60,Indore,2024-01-16
C08570,Customer 08570,Female,23,Indore,2025-01-09
C08571,Customer 08571,Male,34,Indore,2024-12-29
C08572,Customer 08572,Male,21,Indore,2025-02-01
C08573,Customer 08573,Female,31,Indore,2025-02-13
C08574,Customer 08574,Female,47,Indore,2024-06-22
C08575,Customer 08575,Female,63,Indore,
C08576,Customer 08576,Female,37,Indore,2024-07-04
C08577,Customer 08577,Male,25,Indore,2024-01-30
C08578,Customer 08578,Female,19,Indore,2025-04-14
C08579,Customer 08579,Female,54,Indore,2025-01-14
C08580,Customer 08580,Female,21,Indore,2024-11-07
C08581,Customer 08581,Male,27,Indore,2024-03-18
C08582,Customer 08582,Male,37,Indore,2025-06-18
C08583,Customer 08583,Male,52,Bhopal,2025-06-12
C08584,Customer 08584,Female,65,Indore,2024-05-01
C08585,Customer 08585,Female,27,Indore,2024-08-15
C08586,Customer 08586,Female,45,Indore,2025-02-11
C08587,Customer 08587,Male,32,Indore,2024-06-23
C08588,Customer 08588,Female,53,Indore,
C08589,Customer 08589,Female,18,Indore,2024-01-15
C08590,Customer 08590,Male,39,Indore,2024-08-01
C08591,Customer 08591,Female,44,Indore,2025-08-25
C08592,Customer 08592,Male,46,Indore,2024-02-21
C08593,Customer 08593,Female,32,Indore,2024-11-11
C08594,Customer 08594,Female,27,Ujjain,2024-02-26
C08595,Customer 08595,Female,37,Indore,2024-10-15
C08596,Customer 08596,Female,39,Indore,2024-05-28
C08597,Customer 08597,Female,65,Indore,2025-02-11
C08598,Customer 08598,Male,26,Indore,2025-06-15
C08599,Customer 08599,Male,49,Indore,2025-01-03
C08600,Customer 08600,Female,34,Indore,2024-11-19
C08601,Customer 08601,Male,59,Bhopal,2025-09-04
C08602,Customer 08602,Male,36,Indore,2024-12-22
C08603,Customer 08603,Female,57,Indore,2025-11-30
C08604,Customer 08604,Female,44,Indore,2025-03-05
C08605,Customer 08605,Male,54,Bhopal,2024-02-02
C08606,Customer 08606,Male,51,Indore,2025-06-26
C08607,Customer 08607,Male,64,Indore,2025-11-04
C08608,Customer 08608,Male,27,Ujjain,2024-10-12
C08609,Customer 08609,Male,47,Indore,2025-05-31
C08610,Customer 08610,Female,38,Indore,2025-11-11
C08611,Customer 08611,Male,38,Indore,2025-11-15
C08612,Customer 08612,Male,51,Indore,
C08613,Customer 08613,Male,26,Indore,2024-04-26
C08614,Customer 08614,Other,51,Indore,2024-09-25
C08615,Customer 08615,Male,29,Indore,2025-12-18
C08616,Customer 08616,Male,64,Indore,2025-12-21
C08617,Customer 08617,Male,38,Indore,2024-06-11
C08618,Customer 08618,Female,37,Indore,2024-05-19
C08619,Customer 08619,Female,23,Indore,2025-11-11
C08620,Customer 08620,Male,62,Indore,2024-05-23
C08621,Customer 08621,Male,53,Indore,2024-08-09
C08622,Customer 08622,Male,29,Ujjain,2025-08-10
C08623,Customer 08623,Female,58,Indore,2025-09-21
C08624,Customer 08624,Female,48,Indore,2025-09-01
C08625,Customer 08625,Male,19,Indore,2025-03-10
C08626,Customer 08626,Male,33,Dewas,2025-06-28
C08627,Customer 08627,Male,18,Indore,2025-03-29
C08628,Customer 08628,Male,21,Indore,2024-03-07
C08629,Customer 08629,Female,64,Indore,2024-01-06
C08630,Customer 08630,Male,18,Indore,2024-08-28
C08631,Customer 08631,Male,64,Indore,2024-02-24
C08632,Customer 08632,Male,52,Indore,2025-01-17
C08633,Customer 08633,Female,30,Indore,2025-03-09
C08634,Customer 08634,Female,62,Indore,2025-04-14
C08635,Customer 08635,Male,59,Indore,2024-03-11
C08636,Customer 08636,Male,48,Indore,2025-08-28
C08637,Customer 08637,Male,37,Indore,2025-03-25
C08638,Customer 08638,Male,24,Indore,2025-04-24
C08639,Customer 08639,Male,57,Bhopal,2024-05-22
C08640,Customer 08640,Female,50,Indore,2024-01-22
C08641,Customer 08641,Female,45,Indore,2025-07-14
C08642,Customer 08642,Female,61,Indore,2025-02-25
C08643,Customer 08643,Male,61,Indore,2025-10-09
C08644,Customer 08644,Female,37,Bhopal,2025-01-26
C08645,Customer 08645,Female,49,Indore,2025-09-03
C08646,Customer 08646,Male,26,Indore,2025-04-12
C08647,Customer 08647,Male,51,Indore,2024-10-19
C08648,Customer 08648,Male,31,Indore,2025-12-12
C08649,Customer 08649,Male,21,Ujjain,2024-04-30
C08650,Customer 08650,Male,46,Indore,2025-03-13
C08651,Customer 08651,Female,32,Indore,2024-04-10
C08652,Customer 08652,Male,34,Bhopal,2024-07-05
C08653,Customer 08653,Female,36,Indore,2024-06-07
C08654,Customer 08654,Male,55,Indore,2025-06-01
C08655,Customer 08655,Female,26,Indore,2025-11-12
C08656,Customer 08656,Male,44,Indore,2024-06-28
C08657,Customer 08657,Female,32,Indore,2025-03-06
C08658,Customer 08658,Male,54,Indore,2024-07-30
C08659,Customer 08659,Male,45,Indore,2025-11-06
C08660,Customer 08660,Female,21,Ujjain,2025-10-01
C08661,Customer 08661,Male,38,Indore,2025-12-30
C08662,Customer 08662,Female,51,Indore,2025-10-14
C08663,Customer 08663,Female,36,Indore,2025-03-08
C08664,Customer 08664,Male,54,Indore,2025-10-05
C08665,Customer 08665,Male,21,Indore,2024-04-10
C08666,Customer 08666,Female,54,Indore,2024-11-15
C08667,Customer 08667,Male,49,Indore,2024-04-07
C08668,Customer 08668,Female,62,Indore,2024-10-05
C08669,Customer 08669,Female,65,Indore,2025-11-28
C08670,Customer 08670,Male,29,Indore,2024-05-22
C08671,Customer 08671,Male,58,Indore,2024-12-10
C08672,Customer 08672,Female,33,Indore,2024-12-21
C08673,Customer 08673,Male,31,Indore,2025-08-13
C08674,Customer 08674,Male,18,Indore,2024-12-20
C08675,Customer 08675,Male,49,Ujjain,2025-03-05
C08676,Customer 08676,Female,38,Bhopal,2024-02-08
C08677,Customer 08677,Male,21,Indore,2024-10-29
C08678,Customer 08678,Male,26,Indore,2025-07-02
C08679,Customer 08679,Female,63,Indore,2025-02-28
C08680,Customer 08680,Male,39,Indore,2024-12-13
C08681,Customer 08681,Male,29,Indore,2025-03-04
C08682,Customer 08682,Other,47,Bhopal,2024-10-12
C08683,Customer 08683,Female,47,Indore,2025-03-30
C08684,Customer 08684,Female,49,Indore,2024-11-19
C08685,Customer 08685,Male,53,Bhopal,2025-06-02
C08686,Customer 08686,Female,24,Indore,2024-12-18
C08687,Customer 08687,Male,34,Indore,2024-10-29
C08688,Customer 08688,Male,18,Indore,2024-07-28
C08689,Customer 08689,Male,31,Indore,2025-08-13
C08690,Customer 08690,Male,64,Indore,2025-03-19
C08691,Customer 08691,Female,61,Indore,2024-05-12
C08692,Customer 08692,Male,61,Indore,2024-06-24
C08693,Customer 08693,Female,55,Indore,2024-03-27
C08694,Customer 08694,Female,43,Indore,2025-04-02
C08695,Customer 08695,Female,44,Indore,2024-08-04
C08696,Customer 08696,Male,62,Indore,2025-02-09
C08697,Customer 08697,Female,33,Bhopal,2025-02-10
C08698,Customer 08698,Male,63,Indore,2025-08-26
C08699,Customer 08699,Male,24,Indore,2025-03-04
C08700,Customer 08700,Other,49,Indore,2025-12-19
C08701,Customer 08701,Male,42,Indore,2024-08-19
C08702,Customer 08702,Male,48,Indore,2025-12-11
C08703,Customer 08703,Female,33,Indore,2025-03-05
C08704,Customer 08704,Male,58,Indore,2024-02-07
C08705,Customer 08705,Female,31,Indore,2025-02-27
C08706,Customer 08706,Male,42,Indore,2025-02-02
C08707,Customer 08707,Male,47,Ujjain,2025-08-11
C08708,Customer 08708,Male,24,Indore,2025-08-01
C08709,Customer 08709,Male,29,Indore,2024-07-03
C08710,Customer 08710,Male,20,Indore,2025-01-11
C08711,Customer 08711,Female,44,Indore,2024-10-01
C08712,Customer 08712,Female,63,Indore,2025-08-24
C08713,Customer 08713,Female,36,Indore,2024-10-12
C08714,Customer 08714,Male,60,Ujjain,2024-12-13
C08715,Customer 08715,Female,54,Indore,2025-12-19
C08716,Customer 08716,Female,62,Bhopal,2025-06-13
C08717,Customer 08717,Female,59,Indore,2024-01-07
C08718,Customer 08718,Male,24,Indore,2024-07-06
C08719,Customer 08719,Female,33,Indore,2025-08-22
C08720,Customer 08720,Female,49,Dewas,2024-04-25
C08721,Customer 08721,Male,25,Indore,2025-05-13
C08722,Customer 08722,Female,30,Indore,2024-03-03
C08723,Customer 08723,Male,28,Indore,2025-03-16
C08724,Customer 08724,Female,37,Indore,2024-12-09
C08725,Customer 08725,Female,35,Indore,2025-08-09
C08726,Customer 08726,Female,54,Indore,2025-01-13
C08727,Customer 08727,Male,23,Indore,2024-10-21
C08728,Customer 08728,Male,37,Indore,2025-11-13
C08729,Customer 08729,Female,49,Indore,2024-08-19
C08730,Customer 08730,Male,63,Indore,2025-03-15
C08731,Customer 08731,Male,61,Indore,2025-01-28
C08732,Customer 08732,Female,46,Indore,2024-10-02
C08733,Customer 08733,Male,21,Indore,2025-12-04
C08734,Customer 08734,Male,24,Indore,2024-06-15
C08735,Customer 08735,Male,60,Indore,2024-04-08
C08736,Customer 08736,Male,37,Indore,2025-02-15
C08737,Customer 08737,Female,51,Indore,2024-08-15
C08738,Customer 08738,Female,53,Indore,2025-02-17
C08739,Customer 08739,Female,24,Dewas,2024-11-09
C08740,Customer 08740,Female,50,Indore,2024-11-21
C08741,Customer 08741,Female,32,Indore,2024-03-02
C08742,Customer 08742,Female,49,Indore,2024-05-08
C08743,Customer 08743,Male,39,Indore,2025-03-27
C08744,Customer 08744,Female,57,Indore,2025-02-12
C08745,Customer 08745,Male,46,Indore,2025-02-26
C08746,Customer 08746,Female,42,Indore,2025-10-12
C08747,Customer 08747,Female,22,Indore,2024-08-17
C08748,Customer 08748,Male,31,Indore,2025-07-24
C08749,Customer 08749,Female,52,Indore,2025-11-07
C08750,Customer 08750,Male,19,Indore,2025-05-26
C08751,Customer 08751,Female,42,Indore,2025-12-16
C08752,Customer 08752,Male,33,Indore,2025-09-01
C08753,Customer 08753,Female,63,Indore,2024-12-03
C08754,Customer 08754,Male,33,Indore,2024-09-02
C08755,Customer 08755,Male,28,Indore,2025-10-10
C08756,Customer 08756,Male,52,Indore,2025-07-11
C08757,Customer 08757,Male,40,Indore,2024-07-22
C08758,Customer 08758,Male,22,Indore,2024-07-11
C08759,Customer 08759,Female,52,Indore,2024-12-24
C08760,Customer 08760,Male,46,Indore,2025-07-07
C08761,Customer 08761,Male,64,Indore,2025-11-04
C08762,Customer 08762,Male,22,Indore,2024-09-10
C08763,Customer 08763,Female,20,Indore,2024-10-10
C08764,Customer 08764,Female,23,Indore,2024-08-05
C08765,Customer 08765,Female,40,Ujjain,2025-09-03
C08766,Customer 08766,Female,63,Indore,2025-07-26
C08767,Customer 08767,Male,19,Indore,2025-07-05
C08768,Customer 08768,Male,35,Indore,2024-06-30
C08769,Customer 08769,Male,47,Indore,2025-07-24
C08770,Customer 08770,Female,55,Indore,2024-08-10
C08771,Customer 08771,Other,22,Indore,2024-07-26
C08772,Customer 08772,Male,63,Indore,2025-02-26
C08773,Customer 08773,Male,28,Ujjain,2024-06-18
C08774,Customer 08774,Male,18,Indore,2024-05-18
C08775,Customer 08775,Male,27,Indore,2024-07-21
C08776,Customer 08776,Female,58,Dewas,2024-09-10
C08777,Customer 08777,Male,61,Dewas,2024-06-14
C08778,Customer 08778,Female,43,Indore,2025-07-22
C08779,Customer 08779,Male,50,Ujjain,2025-09-26
C08780,Customer 08780,Female,44,Bhopal,2025-01-30
C08781,Customer 08781,Female,29,Ujjain,2025-03-01
C08782,Customer 08782,Female,19,Indore,2025-03-22
C08783,Customer 08783,Female,18,Indore,2025-05-20
C08784,Customer 08784,Female,18,Indore,2024-05-16
C08785,Customer 08785,Female,50,Dewas,2025-02-09
C08786,Customer 08786,Female,39,Indore,2025-07-22
C08787,Customer 08787,Female,29,Indore,2025-08-01
C08788,Customer 08788,Other,56,Indore,2024-08-18
C08789,Customer 08789,Female,53,Indore,2024-08-31
C08790,Customer 08790,Female,38,Indore,2024-10-12
C08791,Customer 08791,Female,37,Indore,2025-09-24
C08792,Customer 08792,Male,53,Indore,2024-02-23
C08793,Customer 08793,Male,43,Indore,2025-01-26
C08794,Customer 08794,Male,64,Indore,2025-07-31
C08795,Customer 08795,Female,48,Bhopal,2024-09-26
C08796,Customer 08796,Female,18,Indore,2025-01-23
C08797,Customer 08797,Male,55,Indore,2024-01-13
C08798,Customer 08798,Female,31,Bhopal,2024-12-08
C08799,Customer 08799,Female,43,Indore,2025-09-27
C08800,Customer 08800,Male,63,Indore,2025-08-11
C08801,Customer 08801,Female,59,Indore,2024-12-04
C08802,Customer 08802,Female,24,Indore,2024-01-24
C08803,Customer 08803,Male,29,Indore,2024-02-04
C08804,Customer 08804,Female,41,Indore,2025-08-08
C08805,Customer 08805,Female,36,Indore,2025-04-30
C08806,Customer 08806,Male,26,Indore,2025-02-25
C08807,Customer 08807,Male,52,Indore,2024-10-16
C08808,Customer 08808,Other,21,Indore,2024-10-16
C08809,Customer 08809,Male,62,Indore,2024-01-19
C08810,Customer 08810,Male,59,Indore,2025-09-19
C08811,Customer 08811,Male,49,Indore,2024-10-18
C08812,Customer 08812,Female,63,Indore,2025-01-12
C08813,Customer 08813,Female,23,Indore,2024-06-02
C08814,Customer 08814,Female,45,Bhopal,2025-12-15
C08815,Customer 08815,Male,45,Indore,2025-10-04
C08816,Customer 08816,Female,57,Ujjain,2024-05-07
C08817,Customer 08817,Male,46,Indore,2025-03-08
C08818,Customer 08818,Male,59,Indore,2024-09-26
C08819,Customer 08819,Male,22,Indore,2025-05-29
C08820,Customer 08820,Male,22,Indore,2024-09-14
C08821,Customer 08821,Female,54,Indore,2024-12-07
C08822,Customer 08822,Female,58,Indore,2025-05-16
C08823,Customer 08823,Male,45,Indore,2025-02-20
C08824,Customer 08824,Female,58,Indore,2024-04-09
C08825,Customer 08825,Female,64,Indore,2025-01-28
C08826,Customer 08826,Female,26,Bhopal,2024-02-22
C08827,Customer 08827,Male,46,Indore,2025-03-03
C08828,Customer 08828,Female,31,Indore,2025-11-08
C08829,Customer 08829,Male,55,Indore,2024-05-28
C08830,Customer 08830,Female,57,Indore,2025-11-05
C08831,Customer 08831,Male,51,Indore,2025-03-26
C08832,Customer 08832,Female,54,Indore,2025-08-17
C08833,Customer 08833,Male,59,Indore,2025-06-17
C08834,Customer 08834,Male,31,Bhopal,2025-06-15
C08835,Customer 08835,Female,35,Indore,2025-12-23
C08836,Customer 08836,Female,50,Indore,2024-12-31
C08837,Customer 08837,Female,51,Bhopal,2024-11-19
C08838,Customer 08838,Female,45,Indore,2025-06-03
C08839,Customer 08839,Male,53,Indore,2025-10-27
C08840,Customer 08840,Female,62,Indore,2025-07-16
C08841,Customer 08841,Male,65,Indore,2024-09-02
C08842,Customer 08842,Male,54,Indore,2025-03-24
C08843,Customer 08843,Female,40,Indore,2024-06-02
C08844,Customer 08844,Female,59,Ujjain,2024-09-02
C08845,Customer 08845,Female,34,Indore,2024-02-12
C08846,Customer 08846,Female,28,Indore,2025-01-27
C08847,Customer 08847,Female,49,Indore,2024-06-11
C08848,Customer 08848,Male,54,Indore,2025-04-10
C08849,Customer 08849,Male,32,Indore,2025-05-26
C08850,Customer 08850,Female,21,Bhopal,2024-05-26
C08851,Customer 08851,Male,56,Indore,2024-06-04
C08852,Customer 08852,Male,47,Indore,2025-05-29
C08853,Customer 08853,Male,27,Indore,2024-05-25
C08854,Customer 08854,Female,40,Indore,2025-05-26
C08855,Customer 08855,Male,41,Indore,2024-09-25
C08856,Customer 08856,Female,53,Indore,2025-02-14
C08857,Customer 08857,Female,22,Indore,2024-08-31
C08858,Customer 08858,Male,54,Indore,2024-10-22
C08859,Customer 08859,Female,60,Indore,2024-11-09
C08860,Customer 08860,Female,36,Indore,2025-07-22
C08861,Customer 08861,Female,54,Indore,2024-10-06
C08862,Customer 08862,Female,25,Indore,2025-04-21
C08863,Customer 08863,Male,24,Indore,2024-04-28
C08864,Customer 08864,Female,57,Indore,2025-06-17
C08865,Customer 08865,Male,30,Indore,2025-07-16
C08866,Customer 08866,Female,54,Indore,2025-04-18
C08867,Customer 08867,Female,44,Indore,2024-07-30
C08868,Customer 08868,Female,35,Indore,2025-12-28
C08869,Customer 08869,Male,41,Indore,2025-08-10
C08870,Customer 08870,Male,58,Indore,2025-04-10
C08871,Customer 08871,Male,19,Indore,2025-12-16
C08872,Customer 08872,Male,33,Indore,2024-06-14
C08873,Customer 08873,Male,31,Ujjain,2025-04-24
C08874,Customer 08874,Female,34,Indore,2025-01-17
C08875,Customer 08875,Male,23,Indore,2024-03-01
C08876,Customer 08876,Female,52,Indore,2024-10-05
C08877,Customer 08877,Male,34,Indore,2025-08-10
C08878,Customer 08878,Female,62,Indore,2024-07-27
C08879,Customer 08879,Female,55,Indore,2024-02-06
C08880,Customer 08880,Female,57,Ujjain,2025-08-27
C08881,Customer 08881,Female,23,Indore,2024-05-13
C08882,Customer 08882,Male,65,Indore,2025-02-15
C08883,Customer 08883,Female,55,Indore,2025-10-09
C08884,Customer 08884,Male,38,Indore,2024-05-27
C08885,Customer 08885,Male,52,Indore,2025-01-31
C08886,Customer 08886,Female,40,Indore,2024-09-08
C08887,Customer 08887,Male,29,Indore,2025-05-17
C08888,Customer 08888,Female,46,Indore,2025-05-21
C08889,Customer 08889,Male,44,Ujjain,2025-08-13
C08890,Customer 08890,Male,23,Indore,2024-08-31
C08891,Customer 08891,Male,38,Indore,2025-01-01
C08892,Customer 08892,Male,24,Indore,2025-03-25
C08893,Customer 08893,Male,60,Indore,2024-04-29
C08894,Customer 08894,Male,58,Indore,2024-11-04
C08895,Customer 08895,Male,33,Indore,2025-09-25
C08896,Customer 08896,Female,22,Bhopal,2024-07-30
C08897,Customer 08897,Male,32,Indore,2024-10-10
C08898,Customer 08898,Female,38,Indore,2024-09-10
C08899,Customer 08899,Male,21,Dewas,2025-06-13
C08900,Customer 08900,Female,22,Indore,2024-09-19
C08901,Customer 08901,Male,24,Indore,2024-10-03
C08902,Customer 08902,Male,52,Indore,2024-02-10
C08903,Customer 08903,Female,53,Indore,
C08904,Customer 08904,Male,32,Bhopal,2025-05-23
C08905,Customer 08905,Female,45,Indore,2024-12-29
C08906,Customer 08906,Male,19,Indore,2025-06-26
C08907,Customer 08907,Other,22,Indore,2025-04-05
C08908,Customer 08908,Male,24,Indore,2025-03-28
C08909,Customer 08909,Male,39,Indore,2024-11-10
C08910,Customer 08910,Female,48,Indore,2025-09-21
C08911,Customer 08911,Male,49,Indore,2024-12-25
C08912,Customer 08912,Female,25,Bhopal,2024-08-21
C08913,Customer 08913,Male,58,Indore,2024-02-12
C08914,Customer 08914,Female,59,Indore,2024-08-15
C08915,Customer 08915,Male,28,Dewas,2025-10-07
C08916,Customer 08916,Female,18,Indore,2024-11-28
C08917,Customer 08917,Female,64,Indore,2025-10-30
C08918,Customer 08918,Male,57,Indore,2025-05-06
C08919,Customer 08919,Male,36,Indore,2024-07-24
C08920,Customer 08920,Male,61,Indore,2024-03-29
C08921,Customer 08921,Female,55,Ujjain,2024-04-08
C08922,Customer 08922,Male,59,Indore,2024-02-06
C08923,Customer 08923,Male,54,Indore,2025-01-08
C08924,Customer 08924,Male,24,Indore,2025-01-25
C08925,Customer 08925,Male,56,Indore,2025-03-09
C08926,Customer 08926,Female,42,Indore,2025-04-30
C08927,Customer 08927,Female,39,Indore,2025-01-26
C08928,Customer 08928,Female,44,Indore,2025-12-11
C08929,Customer 08929,Female,58,Indore,2024-12-21
C08930,Customer 08930,Female,64,Indore,2024-02-24
C08931,Customer 08931,Male,55,Indore,2025-09-08
C08932,Customer 08932,Male,65,Indore,2025-08-08
C08933,Customer 08933,Female,56,Indore,2024-11-09
C08934,Customer 08934,Female,32,Indore,2024-04-13
C08935,Customer 08935,Female,19,Bhopal,2024-01-16
C08936,Customer 08936,Male,25,Indore,2025-02-12
C08937,Customer 08937,Male,61,Indore,2024-01-29
C08938,Customer 08938,Male,60,Indore,2024-12-21
C08939,Customer 08939,Female,23,Indore,2025-01-13
C08940,Customer 08940,Female,37,Indore,2025-11-25
C08941,Customer 08941,Female,44,Indore,2025-07-17
C08942,Customer 08942,Male,62,Bhopal,2025-05-25
C08943,Customer 08943,Female,40,Indore,2024-12-12
C08944,Customer 08944,Male,65,Indore,2025-09-09
C08945,Customer 08945,Male,57,Indore,2025-05-17
C08946,Customer 08946,Female,34,Indore,2024-01-25
C08947,Customer 08947,Male,30,Indore,2024-04-01
C08948,Customer 08948,Male,21,Bhopal,2024-11-24
C08949,Customer 08949,Female,37,Indore,2025-06-21
C08950,Customer 08950,Female,59,Indore,2025-08-24
C08951,Customer 08951,Male,42,Indore,2025-11-17
C08952,Customer 08952,Female,39,Indore,2024-12-07
C08953,Customer 08953,Male,65,Indore,2025-03-23
C08954,Customer 08954,Female,34,Indore,2025-01-30
C08955,Customer 08955,Female,57,Ujjain,2025-06-25
C08956,Customer 08956,Female,28,Indore,2025-06-09
C08957,Customer 08957,Female,42,Ujjain,2025-05-16
C08958,Customer 08958,Male,22,Indore,2025-02-10
C08959,Customer 08959,Male,38,Bhopal,2024-05-09
C08960,Customer 08960,Male,43,Dewas,2024-05-10
C08961,Customer 08961,Male,33,Indore,
C08962,Customer 08962,Female,57,Indore,2025-12-23
C08963,Customer 08963,Male,38,Ujjain,2024-05-28
C08964,Customer 08964,Male,65,Indore,2024-10-02
C08965,Customer 08965,Male,49,Indore,2025-10-22
C08966,Customer 08966,Female,21,Indore,2025-07-05
C08967,Customer 08967,Male,55,Indore,2024-07-14
C08968,Customer 08968,Female,25,Indore,2025-02-12
C08969,Customer 08969,Male,26,Indore,2025-09-27
C08970,Customer 08970,Male,62,Indore,2024-03-11
C08971,Customer 08971,Male,34,Indore,2024-07-17
C08972,Customer 08972,Female,58,Indore,2025-06-28
C08973,Customer 08973,Female,30,Dewas,2025-08-24
C08974,Customer 08974,Female,26,Indore,2025-04-09
C08975,Customer 08975,Male,23,Indore,2024-03-30
C08976,Customer 08976,Male,44,Indore,2025-12-11
C08977,Customer 08977,Female,59,Indore,2025-07-21
C08978,Customer 08978,Male,54,Ujjain,2024-01-01
C08979,Customer 08979,Female,56,Indore,2024-06-15
C08980,Customer 08980,Female,60,Indore,2025-07-02
C08981,Customer 08981,Male,41,Indore,2025-08-13
C08982,Customer 08982,Female,26,Ujjain,2024-08-29
C08983,Customer 08983,Male,59,Indore,2024-05-13
C08984,Customer 08984,Male,28,Indore,2024-09-08
C08985,Customer 08985,Male,52,Indore,2024-01-22
C08986,Customer 08986,Female,46,Indore,2025-12-30
C08987,Customer 08987,Male,25,Indore,2024-03-12
C08988,Customer 08988,Female,34,Indore,2025-06-04
C08989,Customer 08989,Female,24,Indore,2025-10-08
C08990,Customer 08990,Female,29,Indore,2025-12-07
C08991,Customer 08991,Female,65,Indore,2025-07-23
C08992,Customer 08992,Male,32,Indore,2025-05-15
C08993,Customer 08993,Male,46,Indore,2024-11-03
C08994,Customer 08994,Male,62,Indore,2024-09-07
C08995,Customer 08995,Female,41,Indore,2025-08-25
C08996,Customer 08996,Other,54,Dewas,2024-07-22
C08997,Customer 08997,Female,31,Indore,2024-01-08
C08998,Customer 08998,Female,28,Dewas,2024-04-17
C08999,Customer 08999,Female,52,Indore,2025-09-23
C09000,Customer 09000,Male,34,Ujjain,2025-06-06
C09001,Customer 09001,Female,44,Indore,2025-01-07
C09002,Customer 09002,Female,61,Indore,2025-01-20
C09003,Customer 09003,Male,20,Indore,2024-07-01
C09004,Customer 09004,Female,19,Indore,2024-11-04
C09005,Customer 09005,Male,21,Indore,2024-06-27
C09006,Customer 09006,Female,35,Indore,2025-12-18
C09007,Customer 09007,Female,37,Indore,2025-08-26
C09008,Customer 09008,Female,38,Indore,2024-08-14
C09009,Customer 09009,Male,31,Indore,2025-06-01
C09010,Customer 09010,Female,25,Indore,2024-01-12
C09011,Customer 09011,Female,19,Indore,2024-09-06
C09012,Customer 09012,Male,43,Bhopal,2025-02-21
C09013,Customer 09013,Female,36,Indore,2025-01-11
C09014,Customer 09014,Female,59,Indore,2024-07-16
C09015,Customer 09015,Female,45,Indore,2025-09-30
C09016,Customer 09016,Male,46,Indore,2025-03-23
C09017,Customer 09017,Male,22,Indore,2024-02-06
C09018,Customer 09018,Female,60,Indore,2025-02-24
C09019,Customer 09019,Male,45,Bhopal,2024-01-08
C09020,Customer 09020,Male,58,Indore,2024-06-13
C09021,Customer 09021,Female,65,Indore,2024-04-29
C09022,Customer 09022,Female,43,Indore,2025-01-06
C09023,Customer 09023,Female,22,Indore,2024-08-20
C09024,Customer 09024,Male,32,Indore,2025-03-05
C09025,Customer 09025,Male,63,Indore,2024-10-13
C09026,Customer 09026,Male,26,Indore,2025-01-29
C09027,Customer 09027,Male,49,Ujjain,2025-02-23
C09028,Customer 09028,Female,43,Indore,2025-03-27
C09029,Customer 09029,Female,54,Indore,2025-10-18
C09030,Customer 09030,Male,32,Bhopal,2024-09-28
C09031,Customer 09031,Male,58,Indore,2024-10-12
C09032,Customer 09032,Male,21,Indore,2024-02-08
C09033,Customer 09033,Male,53,Indore,2025-07-09
C09034,Customer 09034,Male,37,Indore,2025-05-11
C09035,Customer 09035,Female,44,Indore,2025-05-02
C09036,Customer 09036,Female,38,Indore,2025-01-06
C09037,Customer 09037,Female,39,Ujjain,2025-07-02
C09038,Customer 09038,Male,24,Indore,2025-02-13
C09039,Customer 09039,Female,64,Indore,2024-09-12
C09040,Customer 09040,Female,48,Indore,2025-04-20
C09041,Customer 09041,Female,34,Indore,2024-07-29
C09042,Customer 09042,Male,24,Indore,2025-02-08
C09043,Customer 09043,Female,36,Indore,2025-08-26
C09044,Customer 09044,Female,45,Indore,2025-06-14
C09045,Customer 09045,Female,27,Indore,2025-09-03
C09046,Customer 09046,Male,44,Indore,2025-01-29
C09047,Customer 09047,Male,30,Indore,2025-10-20
C09048,Customer 09048,Male,19,Indore,2025-08-03
C09049,Customer 09049,Male,39,Indore,2024-05-09
C09050,Customer 09050,Female,37,Indore,2024-01-25
C09051,Customer 09051,Male,60,Indore,2025-09-18
C09052,Customer 09052,Male,22,Indore,2024-03-30
C09053,Customer 09053,Male,23,Indore,2024-09-29
C09054,Customer 09054,Male,52,Indore,2024-12-06
C09055,Customer 09055,Male,18,Indore,2024-07-30
C09056,Customer 09056,Female,52,Indore,2025-09-14
C09057,Customer 09057,Female,20,Indore,2024-12-13
C09058,Customer 09058,Male,53,Indore,2025-08-10
C09059,Customer 09059,Male,24,Indore,2024-10-22
C09060,Customer 09060,Male,46,Indore,2025-01-24
C09061,Customer 09061,Male,32,Indore,2024-03-28
C09062,Customer 09062,Female,28,Indore,2025-03-02
C09063,Customer 09063,Female,35,Indore,2024-06-18
C09064,Customer 09064,Female,61,Indore,2024-05-26
C09065,Customer 09065,Female,21,Indore,2024-08-27
C09066,Customer 09066,Male,41,Indore,2024-02-24
C09067,Customer 09067,Female,28,Indore,2025-08-26
C09068,Customer 09068,Female,23,Indore,2025-10-30
C09069,Customer 09069,Female,35,Indore,2025-06-03
C09070,Customer 09070,Male,32,Indore,2024-10-25
C09071,Customer 09071,Female,20,Ujjain,2025-09-01
C09072,Customer 09072,Female,34,Indore,2025-07-15
C09073,Customer 09073,Female,50,Indore,2025-12-25
C09074,Customer 09074,Male,51,Indore,2024-01-04
C09075,Customer 09075,Female,47,Indore,2024-12-29
C09076,Customer 09076,Female,36,Indore,2024-10-18
C09077,Customer 09077,Female,26,Dewas,2025-01-23
C09078,Customer 09078,Female,57,Indore,2025-04-15
C09079,Customer 09079,Female,61,Dewas,2025-06-14
C09080,Customer 09080,Male,48,Indore,
C09081,Customer 09081,Female,44,Indore,2025-02-02
C09082,Customer 09082,Male,64,Indore,2024-10-30
C09083,Customer 09083,Female,42,Indore,2025-12-13
C09084,Customer 09084,Male,24,Indore,2024-04-13
C09085,Customer 09085,Female,65,Bhopal,2024-11-26
C09086,Customer 09086,Female,24,Bhopal,2024-12-29
C09087,Customer 09087,Female,37,Indore,2024-12-31
C09088,Customer 09088,Female,61,Indore,2024-03-22
C09089,Customer 09089,Female,60,Indore,2025-07-20
C09090,Customer 09090,Female,53,Ujjain,2025-11-06
C09091,Customer 09091,Male,36,Indore,2024-03-25
C09092,Customer 09092,Male,19,Indore,2024-08-06
C09093,Customer 09093,Male,51,Indore,2025-01-02
C09094,Customer 09094,Male,34,Bhopal,2025-12-25
C09095,Customer 09095,Female,41,Indore,2025-12-15
C09096,Customer 09096,Female,26,Ujjain,2024-08-29
C09097,Customer 09097,Female,18,Indore,2024-06-10
C09098,Customer 09098,Male,59,Indore,2024-06-27
C09099,Customer 09099,Male,45,Indore,2024-04-01
C09100,Customer 09100,Female,32,Indore,2025-05-14
C09101,Customer 09101,Female,38,Indore,2025-10-11
C09102,Customer 09102,Male,32,Indore,2025-05-20
C09103,Customer 09103,Female,40,Indore,2025-09-15
C09104,Customer 09104,Female,19,Indore,2024-06-17
C09105,Customer 09105,Male,63,Indore,2025-01-21
C09106,Customer 09106,Female,53,Indore,2024-11-16
C09107,Customer 09107,Male,26,Indore,2024-04-10
C09108,Customer 09108,Female,19,Indore,2024-10-22
C09109,Customer 09109,Male,19,Indore,2024-07-11
C09110,Customer 09110,Male,35,Indore,2025-04-05
C09111,Customer 09111,Female,34,Indore,2025-12-19
C09112,Customer 09112,Male,58,Indore,2024-10-12
C09113,Customer 09113,Female,25,Indore,2024-08-03
C09114,Customer 09114,Male,51,Indore,2025-03-31
C09115,Customer 09115,Male,51,Ujjain,2024-08-15
C09116,Customer 09116,Male,22,Dewas,2024-12-26
C09117,Customer 09117,Male,61,Indore,2024-02-12
C09118,Customer 09118,Female,46,Indore,2024-06-29
C09119,Customer 09119,Male,45,Indore,2025-05-25
C09120,Customer 09120,Female,33,Indore,2025-04-06
C09121,Customer 09121,Female,31,Ujjain,2024-10-12
C09122,Customer 09122,Female,19,Ujjain,2024-10-23
C09123,Customer 09123,Male,57,Indore,2025-07-09
C09124,Customer 09124,Female,21,Indore,2024-02-06
C09125,Customer 09125,Male,58,Indore,2024-03-23
C09126,Customer 09126,Male,48,Indore,2024-09-13
C09127,Customer 09127,Male,43,Indore,2024-08-04
C09128,Customer 09128,Male,44,Bhopal,2025-06-05
C09129,Customer 09129,Male,51,Ujjain,2024-01-26
C09130,Customer 09130,Female,48,Indore,2024-09-07
C09131,Customer 09131,Male,65,Ujjain,2024-08-02
C09132,Customer 09132,Male,28,Dewas,2025-10-18
C09133,Customer 09133,Female,25,Dewas,2024-11-15
C09134,Customer 09134,Male,29,Ujjain,2025-02-14
C09135,Customer 09135,Male,52,Indore,2025-04-03
C09136,Customer 09136,Male,62,Indore,2024-11-19
C09137,Customer 09137,Female,51,Indore,2025-06-13
C09138,Customer 09138,Male,30,Indore,2024-12-04
C09139,Customer 09139,Male,44,Indore,2024-08-15
C09140,Customer 09140,Female,25,Indore,2024-08-23
C09141,Customer 09141,Female,64,Indore,2024-12-31
C09142,Customer 09142,Female,38,Indore,2025-03-09
C09143,Customer 09143,Female,58,Bhopal,2025-03-24
C09144,Customer 09144,Male,28,Indore,2025-05-21
C09145,Customer 09145,Male,39,Indore,2024-10-02
C09146,Customer 09146,Male,38,Indore,2025-09-24
C09147,Customer 09147,Male,45,Indore,2024-03-02
C09148,Customer 09148,Male,20,Indore,2024-11-26
C09149,Customer 09149,Male,24,Indore,2024-07-05
C09150,Customer 09150,Female,31,Indore,2025-06-20
C09151,Customer 09151,Female,32,Indore,2025-05-19
C09152,Customer 09152,Male,26,Indore,2025-08-30
C09153,Customer 09153,Female,60,Dewas,2024-11-16
C09154,Customer 09154,Male,24,Dewas,2024-07-11
C09155,Customer 09155,Male,29,Dewas,2024-09-10
C09156,Customer 09156,Female,36,Indore,2025-08-01
C09157,Customer 09157,Male,44,Indore,2024-11-09
C09158,Customer 09158,Male,35,Indore,2025-07-05
C09159,Customer 09159,Male,30,Indore,2024-08-11
C09160,Customer 09160,Female,60,Indore,2025-03-06
C09161,Customer 09161,Female,18,Indore,2024-12-21
C09162,Customer 09162,Male,55,Indore,2025-03-02
C09163,Customer 09163,Female,38,Indore,2025-01-26
C09164,Customer 09164,Female,51,Bhopal,2024-08-09
C09165,Customer 09165,Female,30,Indore,2024-04-12
C09166,Customer 09166,Female,62,Indore,2024-11-13
C09167,Customer 09167,Male,58,Indore,2025-11-04
C09168,Customer 09168,Male,40,Ujjain,2025-06-20
C09169,Customer 09169,Female,18,Indore,2025-10-27
C09170,Customer 09170,Female,40,Indore,2024-08-06
C09171,Customer 09171,Female,45,Indore,2025-03-13
C09172,Customer 09172,Female,49,Dewas,2025-12-27
C09173,Customer 09173,Female,25,Indore,2024-06-17
C09174,Customer 09174,Female,43,Indore,2025-08-14
C09175,Customer 09175,Female,31,Indore,2024-03-12
C09176,Customer 09176,Female,41,Indore,2025-07-28
C09177,Customer 09177,Female,65,Indore,2025-03-31
C09178,Customer 09178,Male,46,Indore,2024-03-15
C09179,Customer 09179,Male,21,Indore,2024-09-19
C09180,Customer 09180,Male,35,Indore,2025-04-13
C09181,Customer 09181,Female,31,Indore,2025-09-01
C09182,Customer 09182,Female,44,Ujjain,2025-08-19
C09183,Customer 09183,Female,58,Dewas,2025-10-22
C09184,Customer 09184,Male,64,Indore,2025-06-01
C09185,Customer 09185,Male,20,Indore,2025-09-12
C09186,Customer 09186,Female,47,Dewas,2024-07-17
C09187,Customer 09187,Male,53,Ujjain,2024-12-03
C09188,Customer 09188,Male,40,Indore,2024-02-07
C09189,Customer 09189,Male,35,Indore,2024-11-14
C09190,Customer 09190,Male,63,Indore,2025-10-01
C09191,Customer 09191,Female,64,Indore,2024-05-19
C09192,Customer 09192,Male,57,Indore,2024-09-04
C09193,Customer 09193,Female,27,Indore,2025-10-20
C09194,Customer 09194,Male,29,Indore,2025-03-02
C09195,Customer 09195,Female,58,Indore,2024-07-13
C09196,Customer 09196,Male,25,Indore,2024-08-02
C09197,Customer 09197,Female,49,Indore,2025-10-06
C09198,Customer 09198,Female,34,Indore,2025-06-24
C09199,Customer 09199,Male,58,Indore,2025-09-01
C09200,Customer 09200,Female,62,Indore,2025-01-23
C09201,Customer 09201,Female,31,Indore,2025-03-04
C09202,Customer 09202,Male,54,Indore,2025-11-24
C09203,Customer 09203,Male,26,Indore,2024-05-31
C09204,Customer 09204,Female,43,Indore,2024-04-12
C09205,Customer 09205,Female,65,Indore,2025-02-08
C09206,Customer 09206,Male,41,Indore,2024-10-14
C09207,Customer 09207,Male,40,Indore,2024-05-12
C09208,Customer 09208,Female,48,Indore,2025-03-21
C09209,Customer 09209,Female,56,Indore,2025-02-05
C09210,Customer 09210,Female,61,Indore,2024-02-04
C09211,Customer 09211,Male,19,Indore,2025-08-14
C09212,Customer 09212,Female,35,Indore,2024-12-09
C09213,Customer 09213,Male,33,Indore,2025-04-28
C09214,Customer 09214,Male,46,Indore,2025-10-06
C09215,Customer 09215,Female,28,Indore,2025-06-04
C09216,Customer 09216,Female,19,Indore,2025-01-22
C09217,Customer 09217,Male,31,Indore,2025-06-28
C09218,Customer 09218,Male,21,Indore,2025-11-29
C09219,Customer 09219,Female,56,Indore,2024-01-11
C09220,Customer 09220,Female,51,Indore,2025-08-03
C09221,Customer 09221,Female,63,Indore,2024-05-17
C09222,Customer 09222,Female,56,Indore,2024-05-10
C09223,Customer 09223,Male,26,Ujjain,2025-02-02
C09224,Customer 09224,Other,57,Dewas,2024-09-07
C09225,Customer 09225,Female,58,Indore,2025-09-26
C09226,Customer 09226,Female,24,Indore,2024-12-31
C09227,Customer 09227,Female,34,Indore,2025-02-24
C09228,Customer 09228,Female,40,Ujjain,2025-02-27
C09229,Customer 09229,Male,62,Indore,2024-06-10
C09230,Customer 09230,Male,28,Indore,2024-04-04
C09231,Customer 09231,Female,39,Ujjain,2024-06-10
C09232,Customer 09232,Male,35,Indore,2024-12-26
C09233,Customer 09233,Male,45,Indore,2024-08-16
C09234,Customer 09234,Female,33,Indore,2024-04-25
C09235,Customer 09235,Female,59,Ujjain,2024-08-08
C09236,Customer 09236,Male,21,Bhopal,2025-04-07
C09237,Customer 09237,Female,53,Indore,2025-11-11
C09238,Customer 09238,Female,39,Indore,2024-11-10
C09239,Customer 09239,Female,28,Indore,2024-11-25
C09240,Customer 09240,Female,38,Indore,2025-10-18
C09241,Customer 09241,Male,57,Indore,2024-10-12
C09242,Customer 09242,Male,58,Indore,2024-06-30
C09243,Customer 09243,Male,33,Indore,2025-03-31
C09244,Customer 09244,Female,59,Indore,2024-10-01
C09245,Customer 09245,Female,26,Indore,2024-02-06
C09246,Customer 09246,Female,52,Indore,2025-03-18
C09247,Customer 09247,Female,51,Ujjain,2024-02-05
C09248,Customer 09248,Female,26,Indore,2024-03-08
C09249,Customer 09249,Female,30,Indore,2025-02-13
C09250,Customer 09250,Male,23,Indore,2024-12-25
C09251,Customer 09251,Male,21,Indore,2024-04-30
C09252,Customer 09252,Female,63,Indore,2025-10-28
C09253,Customer 09253,Male,45,Indore,2025-12-17
C09254,Customer 09254,Male,28,Indore,2025-07-09
C09255,Customer 09255,Female,51,Indore,2025-04-26
C09256,Customer 09256,Male,52,Indore,2024-10-15
C09257,Customer 09257,Female,22,Indore,2024-03-30
C09258,Customer 09258,Male,56,Indore,2024-07-30
C09259,Customer 09259,Male,28,Indore,2025-07-28
C09260,Customer 09260,Male,29,Indore,2024-03-12
C09261,Customer 09261,Female,60,Bhopal,2024-10-16
C09262,Customer 09262,Male,36,Indore,2025-01-01
C09263,Customer 09263,Female,30,Indore,2024-01-27
C09264,Customer 09264,Female,21,Indore,2025-02-23
C09265,Customer 09265,Female,31,Indore,2024-12-27
C09266,Customer 09266,Male,61,Indore,2025-07-18
C09267,Customer 09267,Male,19,Indore,2025-03-30
C09268,Customer 09268,Female,25,Indore,2025-09-03
C09269,Customer 09269,Female,39,Indore,2025-04-16
C09270,Customer 09270,Other,30,Indore,2025-08-13
C09271,Customer 09271,Male,38,Indore,2025-01-03
C09272,Customer 09272,Female,38,Indore,2024-11-21
C09273,Customer 09273,Male,45,Indore,2025-02-13
C09274,Customer 09274,Male,50,Indore,2025-08-24
C09275,Customer 09275,Male,46,Indore,2025-05-17
C09276,Customer 09276,Male,54,Indore,2024-01-25
C09277,Customer 09277,Male,39,Indore,2024-06-09
C09278,Customer 09278,Male,43,Indore,2024-07-13
C09279,Customer 09279,Female,28,Dewas,2025-12-13
C09280,Customer 09280,Male,28,Indore,2025-02-24
C09281,Customer 09281,Female,62,Bhopal,2025-11-08
C09282,Customer 09282,Male,51,Indore,2024-01-13
C09283,Customer 09283,Male,36,Dewas,2025-02-10
C09284,Customer 09284,Male,65,Indore,2024-12-20
C09285,Customer 09285,Male,54,Indore,2024-09-02
C09286,Customer 09286,Female,31,Indore,2024-03-28
C09287,Customer 09287,Male,46,Indore,2025-03-14
C09288,Customer 09288,Female,36,Dewas,2025-02-24
C09289,Customer 09289,Male,54,Indore,2025-10-13
C09290,Customer 09290,Female,38,Indore,2024-09-12
C09291,Customer 09291,Female,41,Indore,2024-10-02
C09292,Customer 09292,Male,43,Indore,2025-10-19
C09293,Customer 09293,Male,58,Bhopal,2024-01-07
C09294,Customer 09294,Male,29,Indore,2025-05-14
C09295,Customer 09295,Female,65,Indore,2024-09-02
C09296,Customer 09296,Male,36,Indore,2024-12-11
C09297,Customer 09297,Female,64,Indore,2024-07-22
C09298,Customer 09298,Female,47,Indore,2025-04-26
C09299,Customer 09299,Female,32,Indore,2025-04-24
C09300,Customer 09300,Female,20,Indore,2024-04-03
C09301,Customer 09301,Female,30,Indore,2024-11-05
C09302,Customer 09302,Male,26,Indore,2025-06-03
C09303,Customer 09303,Female,30,Indore,2025-03-05
C09304,Customer 09304,Female,33,Indore,2024-06-18
C09305,Customer 09305,Male,31,Ujjain,2024-04-28
C09306,Customer 09306,Female,25,Indore,2025-10-01
C09307,Customer 09307,Male,36,Indore,2024-03-03
C09308,Customer 09308,Female,49,Ujjain,2024-04-26
C09309,Customer 09309,Female,52,Indore,2024-04-18
C09310,Customer 09310,Male,40,Indore,2025-05-07
C09311,Customer 09311,Female,38,Indore,2025-12-17
C09312,Customer 09312,Male,35,Ujjain,2025-08-22
C09313,Customer 09313,Male,65,Indore,2025-02-20
C09314,Customer 09314,Male,31,Indore,2024-11-20
C09315,Customer 09315,Female,33,Ujjain,2024-08-27
C09316,Customer 09316,Male,41,Indore,2025-12-10
C09317,Customer 09317,Male,49,Indore,2025-05-30
C09318,Customer 09318,Female,28,Indore,2025-09-09
C09319,Customer 09319,Male,62,Indore,2025-09-10
C09320,Customer 09320,Male,28,Indore,2024-09-08
C09321,Customer 09321,Male,21,Indore,2024-07-04
C09322,Customer 09322,Male,43,Indore,2025-02-16
C09323,Customer 09323,Male,63,Indore,2025-05-18
C09324,Customer 09324,Male,22,Indore,2025-06-16
C09325,Customer 09325,Female,53,Indore,2024-06-02
C09326,Customer 09326,Female,50,Indore,2024-08-11
C09327,Customer 09327,Male,31,Bhopal,2025-08-20
C09328,Customer 09328,Male,49,Indore,2025-07-06
C09329,Customer 09329,Male,24,Indore,2025-02-21
C09330,Customer 09330,Female,27,Indore,2025-04-29
C09331,Customer 09331,Male,19,Indore,2025-11-14
C09332,Customer 09332,Male,27,Indore,2025-11-02
C09333,Customer 09333,Female,52,Dewas,2024-06-08
C09334,Customer 09334,Male,38,Indore,2024-02-20
C09335,Customer 09335,Male,57,Dewas,2025-09-21
C09336,Customer 09336,Female,59,Indore,2024-10-06
C09337,Customer 09337,Female,25,Ujjain,2024-06-20
C09338,Customer 09338,Male,63,Indore,2024-11-27
C09339,Customer 09339,Female,35,Indore,2025-08-18
C09340,Customer 09340,Male,26,Indore,2024-10-19
C09341,Customer 09341,Female,58,Indore,2024-03-06
C09342,Customer 09342,Male,47,Indore,2024-09-26
C09343,Customer 09343,Female,21,Indore,2024-12-09
C09344,Customer 09344,Female,52,Indore,2024-09-27
C09345,Customer 09345,Female,31,Dewas,2024-03-01
C09346,Customer 09346,Female,31,Indore,2025-11-19
C09347,Customer 09347,Female,65,Indore,2025-09-20
C09348,Customer 09348,Male,54,Indore,2024-05-15
C09349,Customer 09349,Male,37,Indore,2024-09-15
C09350,Customer 09350,Female,46,Indore,2024-09-12
C09351,Customer 09351,Female,40,Indore,2024-11-26
C09352,Customer 09352,Male,64,Indore,2025-01-27
C09353,Customer 09353,Female,38,Indore,2025-06-27
C09354,Customer 09354,Female,48,Indore,2024-09-10
C09355,Customer 09355,Female,49,Indore,2024-09-23
C09356,Customer 09356,Female,58,Indore,2024-01-07
C09357,Customer 09357,Male,24,Bhopal,2025-03-14
C09358,Customer 09358,Male,30,Indore,2025-07-04
C09359,Customer 09359,Male,40,Indore,2024-01-04
C09360,Customer 09360,Male,25,Ujjain,2025-06-25
C09361,Customer 09361,Female,29,Indore,2025-11-08
C09362,Customer 09362,Female,53,Indore,2024-11-02
C09363,Customer 09363,Female,33,Indore,2025-04-06
C09364,Customer 09364,Female,43,Indore,2025-07-01
C09365,Customer 09365,Male,46,Dewas,2024-12-16
C09366,Customer 09366,Male,46,Indore,2025-05-13
C09367,Customer 09367,Male,23,Indore,2024-07-29
C09368,Customer 09368,Male,54,Ujjain,2024-04-22
C09369,Customer 09369,Female,50,Indore,2024-04-26
C09370,Customer 09370,Male,48,Indore,2024-11-11
C09371,Customer 09371,Male,63,Bhopal,2025-07-16
C09372,Customer 09372,Male,58,Indore,2025-03-08
C09373,Customer 09373,Female,35,Indore,2024-01-15
C09374,Customer 09374,Male,55,Indore,2024-07-19
C09375,Customer 09375,Male,64,Bhopal,2024-12-12
C09376,Customer 09376,Male,48,Indore,2024-05-03
C09377,Customer 09377,Female,33,Indore,2024-06-04
C09378,Customer 09378,Male,57,Indore,2025-02-12
C09379,Customer 09379,Female,54,Indore,2024-07-26
C09380,Customer 09380,Female,31,Indore,2025-04-10
C09381,Customer 09381,Female,56,Ujjain,2024-06-12
C09382,Customer 09382,Female,21,Indore,2024-10-03
C09383,Customer 09383,Male,47,Bhopal,2025-12-05
C09384,Customer 09384,Male,50,Indore,2025-01-28
C09385,Customer 09385,Male,53,Indore,2024-02-19
C09386,Customer 09386,Female,47,Indore,2025-12-25
C09387,Customer 09387,Male,31,Ujjain,2025-08-24
C09388,Customer 09388,Male,40,Bhopal,2024-05-23
C09389,Customer 09389,Female,65,Ujjain,2024-06-14
C09390,Customer 09390,Female,45,Indore,2024-03-07
C09391,Customer 09391,Male,24,Indore,2024-01-20
C09392,Customer 09392,Female,59,Indore,2025-09-14
C09393,Customer 09393,Female,27,Indore,2024-03-09
C09394,Customer 09394,Male,21,Indore,2025-03-29
C09395,Customer 09395,Male,61,Indore,2024-01-25
C09396,Customer 09396,Female,55,Indore,2024-11-05
C09397,Customer 09397,Female,30,Indore,2024-01-12
C09398,Customer 09398,Male,38,Indore,2025-07-30
C09399,Customer 09399,Male,50,Indore,2025-11-24
C09400,Customer 09400,Female,57,Indore,2024-08-21
C09401,Customer 09401,Female,45,Indore,2024-05-12
C09402,Customer 09402,Female,40,Indore,2025-11-28
C09403,Customer 09403,Male,49,Indore,2025-08-13
C09404,Customer 09404,Male,65,Indore,2025-10-05
C09405,Customer 09405,Female,22,Indore,2024-10-01
C09406,Customer 09406,Male,43,Indore,2025-12-12
C09407,Customer 09407,Other,56,Indore,2025-09-04
C09408,Customer 09408,Female,43,Indore,2024-05-31
C09409,Customer 09409,Male,20,Indore,2025-03-27
C09410,Customer 09410,Female,41,Indore,2024-08-03
C09411,Customer 09411,Male,51,Indore,2025-10-20
C09412,Customer 09412,Female,51,Indore,2024-11-05
C09413,Customer 09413,Male,37,Indore,2024-08-20
C09414,Customer 09414,Male,47,Indore,2025-05-07
C09415,Customer 09415,Female,59,Indore,2024-05-28
C09416,Customer 09416,Female,37,Indore,2024-12-02
C09417,Customer 09417,Male,58,Indore,2025-03-31
C09418,Customer 09418,Female,35,Indore,2025-04-23
C09419,Customer 09419,Male,55,Indore,2025-05-21
C09420,Customer 09420,Male,37,Indore,2024-10-01
C09421,Customer 09421,Male,23,Indore,2024-06-29
C09422,Customer 09422,Male,59,Dewas,2025-03-09
C09423,Customer 09423,Male,42,Dewas,2024-05-30
C09424,Customer 09424,Male,58,Dewas,2025-04-15
C09425,Customer 09425,Male,58,Indore,2024-07-22
C09426,Customer 09426,Male,20,Dewas,2025-08-14
C09427,Customer 09427,Male,61,Dewas,2025-04-08
C09428,Customer 09428,Female,60,Bhopal,2024-11-22
C09429,Customer 09429,Male,63,Bhopal,2024-05-28
C09430,Customer 09430,Female,36,Indore,2024-10-03
C09431,Customer 09431,Female,27,Indore,2024-02-04
C09432,Customer 09432,Female,22,Indore,2024-08-03
C09433,Customer 09433,Female,39,Indore,2024-01-01
C09434,Customer 09434,Female,26,Indore,2025-12-18
C09435,Customer 09435,Male,50,Indore,2025-04-12
C09436,Customer 09436,Female,32,Indore,2025-08-26
C09437,Customer 09437,Female,41,Indore,2025-04-10
C09438,Customer 09438,Female,47,Indore,2025-03-26
C09439,Customer 09439,Female,53,Indore,2025-08-25
C09440,Customer 09440,Male,56,Indore,2024-03-10
C09441,Customer 09441,Female,23,Indore,2025-10-05
C09442,Customer 09442,Female,32,Ujjain,2024-09-13
C09443,Customer 09443,Male,55,Indore,2024-04-01
C09444,Customer 09444,Male,56,Ujjain,2025-08-16
C09445,Customer 09445,Female,39,Indore,2025-01-06
C09446,Customer 09446,Female,20,Indore,2024-04-08
C09447,Customer 09447,Male,46,Indore,2025-05-24
C09448,Customer 09448,Female,46,Indore,2025-07-18
C09449,Customer 09449,Male,48,Bhopal,2025-08-14
C09450,Customer 09450,Male,62,Indore,2025-05-21
C09451,Customer 09451,Male,19,Indore,2024-12-08
C09452,Customer 09452,Male,52,Indore,2024-09-02
C09453,Customer 09453,Male,62,Indore,2025-04-16
C09454,Customer 09454,Male,26,Indore,2024-10-05
C09455,Customer 09455,Female,39,Indore,2025-05-24
C09456,Customer 09456,Female,36,Indore,2025-03-06
C09457,Customer 09457,Male,54,Indore,2025-03-17
C09458,Customer 09458,Male,27,Indore,2024-09-17
C09459,Customer 09459,Male,63,Indore,2024-09-11
C09460,Customer 09460,Female,38,Indore,2025-04-05
C09461,Customer 09461,Male,34,Indore,2025-08-17
C09462,Customer 09462,Male,20,Bhopal,2024-09-21
C09463,Customer 09463,Female,24,Indore,2025-05-29
C09464,Customer 09464,Female,58,Indore,2025-03-20
C09465,Customer 09465,Male,54,Indore,2024-08-10
C09466,Customer 09466,Male,53,Indore,2024-07-10
C09467,Customer 09467,Male,20,Indore,2025-07-11
C09468,Customer 09468,Female,30,Ujjain,2025-03-15
C09469,Customer 09469,Female,58,Dewas,2024-09-25
C09470,Customer 09470,Male,47,Indore,2024-02-10
C09471,Customer 09471,Female,40,Indore,2025-10-12
C09472,Customer 09472,Male,24,Indore,2024-02-10
C09473,Customer 09473,Male,47,Indore,2024-11-26
C09474,Customer 09474,Male,46,Indore,2024-06-23
C09475,Customer 09475,Male,25,Indore,2025-03-08
C09476,Customer 09476,Male,27,Indore,2025-03-24
C09477,Customer 09477,Male,50,Dewas,2024-11-18
C09478,Customer 09478,Male,37,Indore,2024-10-06
C09479,Customer 09479,Male,46,Indore,2024-04-03
C09480,Customer 09480,Female,46,Indore,2024-12-05
C09481,Customer 09481,Male,38,Indore,2025-02-23
C09482,Customer 09482,Male,18,Indore,2024-07-23
C09483,Customer 09483,Female,51,Indore,2025-07-21
C09484,Customer 09484,Female,61,Dewas,2024-09-16
C09485,Customer 09485,Female,49,Dewas,2025-11-10
C09486,Customer 09486,Male,62,Dewas,2025-11-13
C09487,Customer 09487,Male,31,Indore,2025-01-25
C09488,Customer 09488,Female,54,Indore,2025-10-10
C09489,Customer 09489,Female,52,Indore,2024-10-04
C09490,Customer 09490,Male,41,Indore,2025-04-25
C09491,Customer 09491,Female,18,Indore,2025-03-26
C09492,Customer 09492,Male,63,Indore,2024-10-17
C09493,Customer 09493,Other,23,Indore,2025-10-08
C09494,Customer 09494,Female,21,Dewas,2024-04-14
C09495,Customer 09495,Female,55,Indore,2025-01-11
C09496,Customer 09496,Female,18,Indore,2024-07-08
C09497,Customer 09497,Female,58,Indore,2024-07-13
C09498,Customer 09498,Male,48,Ujjain,2025-07-29
C09499,Customer 09499,Male,53,Indore,2025-01-11
C09500,Customer 09500,Male,26,Bhopal,2025-11-13
C09501,Customer 09501,Male,58,Indore,2024-01-18
C09502,Customer 09502,Female,62,Ujjain,2024-09-15
C09503,Customer 09503,Male,40,Indore,2025-01-06
C09504,Customer 09504,Male,48,Indore,2025-12-02
C09505,Customer 09505,Female,46,Indore,2025-08-15
C09506,Customer 09506,Female,38,Indore,2024-02-29
C09507,Customer 09507,Male,20,Bhopal,2024-04-14
C09508,Customer 09508,Male,43,Indore,2025-03-01
C09509,Customer 09509,Male,23,Indore,2024-09-17
C09510,Customer 09510,Female,37,Indore,2024-02-15
C09511,Customer 09511,Male,64,Indore,2025-10-05
C09512,Customer 09512,Female,63,Indore,2025-06-09
C09513,Customer 09513,Male,30,Indore,2025-04-21
C09514,Customer 09514,Male,58,Dewas,2024-09-23
C09515,Customer 09515,Female,40,Ujjain,2025-06-17
C09516,Customer 09516,Male,32,Bhopal,2024-04-15
C09517,Customer 09517,Male,63,Indore,2025-05-31
C09518,Customer 09518,Male,48,Indore,2025-11-23
C09519,Customer 09519,Male,21,Indore,2025-01-30
C09520,Customer 09520,Female,28,Indore,2024-05-28
C09521,Customer 09521,Male,19,Indore,2024-10-06
C09522,Customer 09522,Male,33,Dewas,2025-06-08
C09523,Customer 09523,Male,48,Indore,2024-01-26
C09524,Customer 09524,Female,65,Indore,2025-07-05
C09525,Customer 09525,Female,56,Dewas,2024-10-08
C09526,Customer 09526,Female,60,Bhopal,2025-04-28
C09527,Customer 09527,Female,61,Indore,2024-03-04
C09528,Customer 09528,Male,21,Indore,2024-04-20
C09529,Customer 09529,Male,65,Indore,2024-03-28
C09530,Customer 09530,Male,45,Indore,2025-09-27
C09531,Customer 09531,Male,33,Bhopal,2025-02-25
C09532,Customer 09532,Male,56,Indore,2025-10-19
C09533,Customer 09533,Female,42,Bhopal,2025-12-26
C09534,Customer 09534,Female,30,Ujjain,2025-03-15
C09535,Customer 09535,Female,22,Dewas,2024-05-07
C09536,Customer 09536,Male,47,Indore,2024-10-20
C09537,Customer 09537,Female,18,Indore,2024-05-28
C09538,Customer 09538,Female,22,Indore,2024-11-22
C09539,Customer 09539,Female,31,Dewas,2024-05-19
C09540,Customer 09540,Male,28,Bhopal,2024-05-01
C09541,Customer 09541,Male,51,Indore,2025-06-06
C09542,Customer 09542,Male,46,Indore,2025-01-18
C09543,Customer 09543,Male,35,Indore,2024-10-09
C09544,Customer 09544,Female,32,Indore,2025-03-22
C09545,Customer 09545,Male,63,Indore,2024-07-12
C09546,Customer 09546,Male,42,Indore,2025-12-07
C09547,Customer 09547,Female,47,Indore,2025-08-15
C09548,Customer 09548,Female,62,Indore,2025-09-10
C09549,Customer 09549,Male,19,Indore,2024-07-24
C09550,Customer 09550,Female,57,Indore,2025-12-21
C09551,Customer 09551,Male,44,Indore,2025-09-30
C09552,Customer 09552,Male,32,Indore,2025-06-29
C09553,Customer 09553,Male,49,Bhopal,2024-03-04
C09554,Customer 09554,Female,37,Dewas,2024-01-17
C09555,Customer 09555,Female,31,Indore,2025-03-10
C09556,Customer 09556,Male,44,Indore,2024-04-14
C09557,Customer 09557,Female,20,Indore,2025-03-15
C09558,Customer 09558,Male,20,Indore,2025-09-11
C09559,Customer 09559,Female,30,Indore,2025-11-18
C09560,Customer 09560,Male,42,Indore,2024-08-15
C09561,Customer 09561,Male,35,Indore,2025-12-02
C09562,Customer 09562,Female,18,Indore,2025-01-29
C09563,Customer 09563,Female,56,Dewas,2024-07-31
C09564,Customer 09564,Male,22,Ujjain,2025-11-04
C09565,Customer 09565,Male,19,Bhopal,2024-10-24
C09566,Customer 09566,Male,47,Bhopal,2025-02-28
C09567,Customer 09567,Male,34,Indore,2025-12-02
C09568,Customer 09568,Female,46,Indore,2025-02-04
C09569,Customer 09569,Female,59,Indore,2025-06-07
C09570,Customer 09570,Male,21,Indore,2025-08-02
C09571,Customer 09571,Male,26,Indore,2025-07-06
C09572,Customer 09572,Female,38,Dewas,2025-02-01
C09573,Customer 09573,Male,60,Indore,2024-09-16
C09574,Customer 09574,Female,29,Indore,2024-05-05
C09575,Customer 09575,Male,29,Indore,2024-08-13
C09576,Customer 09576,Female,21,Indore,2025-12-22
C09577,Customer 09577,Female,45,Indore,2024-11-28
C09578,Customer 09578,Female,26,Dewas,2024-11-25
C09579,Customer 09579,Female,57,Indore,2024-09-21
C09580,Customer 09580,Male,49,Indore,2024-06-19
C09581,Customer 09581,Female,30,Indore,2024-01-01
C09582,Customer 09582,Female,51,Bhopal,2025-12-21
C09583,Customer 09583,Male,36,Indore,2024-08-28
C09584,Customer 09584,Male,31,Ujjain,2025-08-06
C09585,Customer 09585,Male,22,Dewas,2025-08-23
C09586,Customer 09586,Male,44,Indore,2024-01-20
C09587,Customer 09587,Male,45,Bhopal,2024-11-10
C09588,Customer 09588,Female,43,Bhopal,2025-04-17
C09589,Customer 09589,Male,27,Indore,2024-05-20
C09590,Customer 09590,Female,41,Indore,2024-11-28
C09591,Customer 09591,Male,34,Ujjain,2025-11-17
C09592,Customer 09592,Male,33,Indore,2024-02-19
C09593,Customer 09593,Male,34,Ujjain,2025-08-28
C09594,Customer 09594,Male,18,Indore,2025-04-05
C09595,Customer 09595,Male,38,Dewas,2025-11-10
C09596,Customer 09596,Male,64,Indore,2025-01-25
C09597,Customer 09597,Male,60,Indore,2024-02-24
C09598,Customer 09598,Female,39,Ujjain,2024-02-20
C09599,Customer 09599,Female,22,Indore,2025-05-04
C09600,Customer 09600,Male,53,Indore,2024-11-27
C09601,Customer 09601,Female,38,Indore,2024-09-26
C09602,Customer 09602,Female,26,Indore,2024-12-27
C09603,Customer 09603,Male,44,Indore,2024-05-24
C09604,Customer 09604,Female,65,Indore,2025-08-11
C09605,Customer 09605,Female,29,Indore,2024-05-08
C09606,Customer 09606,Male,35,Indore,2025-01-09
C09607,Customer 09607,Male,52,Indore,2025-05-19
C09608,Customer 09608,Male,32,Indore,2025-09-14
C09609,Customer 09609,Male,61,Indore,2024-01-01
C09610,Customer 09610,Female,47,Indore,2025-01-01
C09611,Customer 09611,Male,62,Indore,2025-06-21
C09612,Customer 09612,Female,50,Indore,2025-09-19
C09613,Customer 09613,Female,53,Indore,2025-05-09
C09614,Customer 09614,Female,57,Indore,2024-06-22
C09615,Customer 09615,Female,47,Indore,2025-06-08
C09616,Customer 09616,Male,43,Indore,2024-02-03
C09617,Customer 09617,Male,38,Indore,2024-11-13
C09618,Customer 09618,Female,54,Indore,2025-08-07
C09619,Customer 09619,Male,60,Indore,2025-07-16
C09620,Customer 09620,Male,48,Indore,2024-07-29
C09621,Customer 09621,Female,34,Bhopal,2025-12-27
C09622,Customer 09622,Female,34,Indore,2025-07-06
C09623,Customer 09623,Male,51,Indore,2024-11-06
C09624,Customer 09624,Female,41,Ujjain,2024-04-03
C09625,Customer 09625,Female,50,Indore,2024-07-07
C09626,Customer 09626,Male,21,Indore,2025-10-08
C09627,Customer 09627,Male,26,Indore,2025-12-18
C09628,Customer 09628,Female,19,Indore,2025-05-28
C09629,Customer 09629,Male,52,Indore,2024-07-22
C09630,Customer 09630,Male,55,Indore,2025-05-05
C09631,Customer 09631,Male,62,Indore,2025-10-29
C09632,Customer 09632,Female,32,Ujjain,2024-02-23
C09633,Customer 09633,Male,60,Indore,2025-04-20
C09634,Customer 09634,Male,59,Indore,2024-04-03
C09635,Customer 09635,Male,20,Indore,2024-11-09
C09636,Customer 09636,Other,48,Ujjain,2025-07-26
C09637,Customer 09637,Male,58,Bhopal,2024-12-25
C09638,Customer 09638,Female,59,Indore,2024-06-16
C09639,Customer 09639,Female,40,Indore,2025-02-01
C09640,Customer 09640,Male,29,Indore,2025-06-20
C09641,Customer 09641,Female,25,Indore,2025-01-28
C09642,Customer 09642,Female,38,Indore,2024-12-21
C09643,Customer 09643,Female,38,Ujjain,2024-02-17
C09644,Customer 09644,Male,49,Indore,2025-03-07
C09645,Customer 09645,Female,34,Dewas,2025-12-01
C09646,Customer 09646,Female,54,Indore,2024-02-22
C09647,Customer 09647,Other,41,Indore,2024-08-28
C09648,Customer 09648,Male,25,Indore,2025-01-29
C09649,Customer 09649,Female,35,Indore,2024-01-27
C09650,Customer 09650,Male,28,Indore,2024-02-28
C09651,Customer 09651,Male,27,Indore,2024-07-04
C09652,Customer 09652,Male,43,Indore,2024-05-20
C09653,Customer 09653,Female,64,Indore,2024-02-26
C09654,Customer 09654,Male,23,Indore,2025-12-07
C09655,Customer 09655,Female,34,Indore,2025-03-25
C09656,Customer 09656,Other,40,Indore,2024-04-15
C09657,Customer 09657,Male,59,Indore,2024-10-06
C09658,Customer 09658,Female,54,Indore,2025-04-12
C09659,Customer 09659,Male,45,Indore,2025-03-08
C09660,Customer 09660,Male,33,Indore,2025-11-10
C09661,Customer 09661,Female,29,Dewas,2024-12-05
C09662,Customer 09662,Female,38,Indore,2025-12-26
C09663,Customer 09663,Female,41,Indore,2025-05-28
C09664,Customer 09664,Female,45,Indore,2025-02-02
C09665,Customer 09665,Male,54,Indore,2024-06-30
C09666,Customer 09666,Male,38,Indore,2024-10-28
C09667,Customer 09667,Female,50,Indore,2024-07-01
C09668,Customer 09668,Male,19,Indore,2025-05-24
C09669,Customer 09669,Male,54,Ujjain,2024-04-04
C09670,Customer 09670,Female,36,Indore,2025-02-17
C09671,Customer 09671,Male,45,Indore,2024-06-04
C09672,Customer 09672,Male,32,Indore,2025-11-22
C09673,Customer 09673,Female,18,Indore,2024-04-06
C09674,Customer 09674,Female,60,Indore,2025-01-03
C09675,Customer 09675,Female,45,Indore,2024-08-25
C09676,Customer 09676,Female,52,Indore,2024-01-13
C09677,Customer 09677,Male,49,Indore,2024-10-27
C09678,Customer 09678,Female,45,Indore,2024-06-30
C09679,Customer 09679,Female,26,Indore,2024-06-03
C09680,Customer 09680,Male,41,Indore,2025-01-25
C09681,Customer 09681,Male,21,Indore,2024-06-25
C09682,Customer 09682,Female,62,Indore,2025-08-05
C09683,Customer 09683,Female,58,Indore,2025-08-18
C09684,Customer 09684,Female,20,Indore,2025-12-01
C09685,Customer 09685,Female,65,Bhopal,2025-08-26
C09686,Customer 09686,Female,39,Indore,2024-03-09
C09687,Customer 09687,Other,57,Indore,2024-11-03
C09688,Customer 09688,Female,56,Indore,2025-11-06
C09689,Customer 09689,Male,42,Indore,
C09690,Customer 09690,Female,65,Indore,2025-06-28
C09691,Customer 09691,Male,39,Indore,2024-02-22
C09692,Customer 09692,Female,65,Indore,2024-08-03
C09693,Customer 09693,Female,64,Indore,2025-12-14
C09694,Customer 09694,Female,51,Bhopal,2024-02-07
C09695,Customer 09695,Female,37,Indore,2025-03-03
C09696,Customer 09696,Male,53,Indore,2024-09-17
C09697,Customer 09697,Male,54,Indore,2025-01-08
C09698,Customer 09698,Male,56,Indore,2024-01-31
C09699,Customer 09699,Female,44,Indore,2025-01-27
C09700,Customer 09700,Female,64,Dewas,2025-02-28
C09701,Customer 09701,Female,49,Indore,2024-01-05
C09702,Customer 09702,Male,59,Indore,2025-11-21
C09703,Customer 09703,Male,46,Indore,2024-02-23
C09704,Customer 09704,Female,58,Indore,2025-05-18
C09705,Customer 09705,Male,65,Indore,2025-05-22
C09706,Customer 09706,Female,49,Indore,2025-03-28
C09707,Customer 09707,Female,41,Indore,2024-07-18
C09708,Customer 09708,Female,20,Indore,2024-09-29
C09709,Customer 09709,Male,44,Dewas,2024-08-13
C09710,Customer 09710,Female,26,Indore,2025-04-15
C09711,Customer 09711,Male,57,Indore,2024-01-18
C09712,Customer 09712,Other,40,Indore,2025-09-20
C09713,Customer 09713,Male,24,Indore,2024-01-10
C09714,Customer 09714,Male,34,Indore,2024-02-08
C09715,Customer 09715,Female,54,Indore,2024-02-10
C09716,Customer 09716,Male,24,Indore,2025-09-11
C09717,Customer 09717,Female,47,Indore,2024-02-13
C09718,Customer 09718,Female,30,Indore,2024-07-15
C09719,Customer 09719,Female,35,Indore,2024-10-25
C09720,Customer 09720,Other,48,Indore,2024-07-27
C09721,Customer 09721,Male,39,Indore,2025-04-03
C09722,Customer 09722,Female,31,Indore,2025-11-18
C09723,Customer 09723,Male,35,Indore,2024-08-23
C09724,Customer 09724,Male,52,Indore,2025-05-29
C09725,Customer 09725,Female,34,Indore,2024-12-25
C09726,Customer 09726,Male,36,Bhopal,2025-01-17
C09727,Customer 09727,Female,48,Indore,2025-03-02
C09728,Customer 09728,Female,56,Indore,2024-12-09
C09729,Customer 09729,Female,53,Indore,2024-09-10
C09730,Customer 09730,Female,32,Indore,2025-07-01
C09731,Customer 09731,Male,46,Ujjain,2025-05-21
C09732,Customer 09732,Female,57,Indore,2025-06-01
C09733,Customer 09733,Female,33,Ujjain,2024-11-25
C09734,Customer 09734,Male,50,Indore,2025-05-02
C09735,Customer 09735,Male,42,Indore,2025-04-26
C09736,Customer 09736,Female,33,Indore,2025-04-16
C09737,Customer 09737,Male,47,Dewas,2025-06-15
C09738,Customer 09738,Male,51,Dewas,2025-03-12
C09739,Customer 09739,Female,19,Indore,2025-02-25
C09740,Customer 09740,Female,57,Indore,2024-06-10
C09741,Customer 09741,Female,61,Dewas,2025-03-09
C09742,Customer 09742,Female,60,Indore,2025-07-12
C09743,Customer 09743,Female,55,Indore,2024-01-16
C09744,Customer 09744,Male,35,Indore,2025-09-11
C09745,Customer 09745,Male,22,Indore,2025-11-19
C09746,Customer 09746,Male,64,Indore,2024-03-05
C09747,Customer 09747,Female,57,Dewas,2025-07-28
C09748,Customer 09748,Male,23,Indore,2024-03-13
C09749,Customer 09749,Male,29,Indore,2024-07-22
C09750,Customer 09750,Female,29,Indore,2024-09-10
C09751,Customer 09751,Male,29,Indore,2025-07-25
C09752,Customer 09752,Male,26,Indore,2025-09-04
C09753,Customer 09753,Female,59,Indore,2025-06-12
C09754,Customer 09754,Male,39,Bhopal,2024-07-13
C09755,Customer 09755,Male,33,Indore,2024-09-07
C09756,Customer 09756,Male,21,Indore,2025-07-03
C09757,Customer 09757,Female,20,Indore,2024-10-11
C09758,Customer 09758,Female,33,Indore,2025-06-26
C09759,Customer 09759,Male,31,Indore,2025-04-27
C09760,Customer 09760,Female,58,Bhopal,2024-11-05
C09761,Customer 09761,Male,55,Bhopal,2024-06-29
C09762,Customer 09762,Female,21,Indore,2025-10-14
C09763,Customer 09763,Male,19,Indore,2024-09-01
C09764,Customer 09764,Female,27,Bhopal,2025-03-16
C09765,Customer 09765,Female,28,Indore,2024-10-01
C09766,Customer 09766,Female,56,Indore,2024-08-11
C09767,Customer 09767,Male,43,Indore,2025-01-01
C09768,Customer 09768,Male,54,Indore,2025-06-22
C09769,Customer 09769,Female,43,Indore,2024-09-06
C09770,Customer 09770,Male,21,Indore,2024-01-13
C09771,Customer 09771,Female,43,Dewas,2024-11-03
C09772,Customer 09772,Female,55,Indore,2025-09-01
C09773,Customer 09773,Female,45,Indore,2024-07-10
C09774,Customer 09774,Male,19,Indore,2025-11-28
C09775,Customer 09775,Female,19,Indore,2024-01-19
C09776,Customer 09776,Female,33,Indore,2024-12-04
C09777,Customer 09777,Female,40,Indore,2025-08-01
C09778,Customer 09778,Male,40,Indore,2024-01-26
C09779,Customer 09779,Male,30,Bhopal,2024-01-06
C09780,Customer 09780,Male,38,Indore,2024-05-20
C09781,Customer 09781,Male,56,Indore,2024-01-27
C09782,Customer 09782,Female,42,Indore,2024-04-14
C09783,Customer 09783,Female,54,Indore,2025-06-05
C09784,Customer 09784,Male,30,Indore,2024-10-05
C09785,Customer 09785,Female,32,Indore,2024-10-29
C09786,Customer 09786,Male,45,Indore,2024-01-12
C09787,Customer 09787,Male,20,Indore,2025-10-29
C09788,Customer 09788,Male,40,Ujjain,2024-03-17
C09789,Customer 09789,Male,21,Indore,2024-01-18
C09790,Customer 09790,Female,64,Indore,2025-07-23
C09791,Customer 09791,Male,20,Indore,2025-10-03
C09792,Customer 09792,Female,56,Indore,2024-06-22
C09793,Customer 09793,Male,25,Indore,2025-02-04
C09794,Customer 09794,Female,60,Indore,2024-03-27
C09795,Customer 09795,Male,42,Indore,2024-12-08
C09796,Customer 09796,Male,58,Dewas,2025-03-24
C09797,Customer 09797,Male,29,Indore,2024-02-23
C09798,Customer 09798,Male,22,Indore,2025-03-02
C09799,Customer 09799,Male,50,Indore,2024-03-18
C09800,Customer 09800,Female,63,Indore,2025-12-16
C09801,Customer 09801,Female,42,Indore,2025-03-14
C09802,Customer 09802,Female,42,Indore,2025-05-11
C09803,Customer 09803,Female,52,Indore,2024-06-20
C09804,Customer 09804,Male,32,Bhopal,2025-07-03
C09805,Customer 09805,Male,59,Dewas,2025-11-28
C09806,Customer 09806,Other,43,Dewas,2024-12-26
C09807,Customer 09807,Female,27,Indore,2024-08-23
C09808,Customer 09808,Female,41,Indore,2025-03-08
C09809,Customer 09809,Female,52,Indore,2024-01-16
C09810,Customer 09810,Male,46,Indore,2025-05-10
C09811,Customer 09811,Male,55,Ujjain,2025-08-08
C09812,Customer 09812,Male,22,Indore,2024-07-29
C09813,Customer 09813,Male,41,Indore,
C09814,Customer 09814,Male,36,Indore,2025-09-18
C09815,Customer 09815,Male,63,Indore,2024-09-03
C09816,Customer 09816,Female,61,Indore,2025-07-02
C09817,Customer 09817,Female,26,Indore,2025-05-17
C09818,Customer 09818,Female,43,Indore,2025-07-20
C09819,Customer 09819,Female,42,Dewas,2024-06-15
C09820,Customer 09820,Male,52,Indore,2025-03-16
C09821,Customer 09821,Male,53,Indore,2025-11-19
C09822,Customer 09822,Female,31,Bhopal,2024-12-18
C09823,Customer 09823,Male,23,Indore,2025-12-03
C09824,Customer 09824,Male,49,Indore,2024-04-08
C09825,Customer 09825,Male,43,Indore,2025-09-15
C09826,Customer 09826,Male,32,Indore,2024-04-27
C09827,Customer 09827,Female,48,Indore,2025-11-04
C09828,Customer 09828,Male,54,Indore,2025-07-22
C09829,Customer 09829,Female,55,Bhopal,2024-12-18
C09830,Customer 09830,Female,54,Dewas,2025-07-27
C09831,Customer 09831,Male,36,Indore,2025-05-15
C09832,Customer 09832,Male,31,Indore,2024-02-08
C09833,Customer 09833,Male,53,Indore,2024-11-25
C09834,Customer 09834,Male,54,Indore,2024-11-18
C09835,Customer 09835,Female,28,Indore,2025-05-12
C09836,Customer 09836,Female,44,Bhopal,2024-01-29
C09837,Customer 09837,Female,19,Indore,2025-06-26
C09838,Customer 09838,Male,39,Indore,2024-11-11
C09839,Customer 09839,Female,19,Indore,2025-07-04
C09840,Customer 09840,Female,37,Indore,2025-05-27
C09841,Customer 09841,Male,61,Indore,2025-07-21
C09842,Customer 09842,Female,65,Indore,2025-04-11
C09843,Customer 09843,Male,34,Indore,2025-11-28
C09844,Customer 09844,Female,21,Indore,2025-08-25
C09845,Customer 09845,Female,31,Indore,2024-07-17
C09846,Customer 09846,Male,24,Indore,2025-11-13
C09847,Customer 09847,Female,32,Dewas,2024-06-30
C09848,Customer 09848,Male,47,Indore,2024-05-09
C09849,Customer 09849,Male,33,Indore,2025-10-15
C09850,Customer 09850,Female,57,Indore,2024-05-10
C09851,Customer 09851,Female,19,Indore,2025-10-15
C09852,Customer 09852,Male,36,Indore,2024-01-05
C09853,Customer 09853,Male,18,Indore,2024-06-15
C09854,Customer 09854,Male,48,Indore,2025-01-19
C09855,Customer 09855,Male,21,Indore,2025-09-23
C09856,Customer 09856,Female,44,Ujjain,2025-07-08
C09857,Customer 09857,Female,42,Indore,2024-04-01
C09858,Customer 09858,Female,39,Indore,2024-07-05
C09859,Customer 09859,Male,60,Indore,2025-08-12
C09860,Customer 09860,Female,27,Ujjain,2025-04-09
C09861,Customer 09861,Male,50,Indore,2025-07-11
C09862,Customer 09862,Female,65,Indore,2025-06-02
C09863,Customer 09863,Female,61,Indore,2025-11-12
C09864,Customer 09864,Female,47,Indore,2024-04-24
C09865,Customer 09865,Male,47,Indore,2024-09-19
C09866,Customer 09866,Male,33,Indore,2024-12-09
C09867,Customer 09867,Male,26,Indore,2024-08-26
C09868,Customer 09868,Female,34,Indore,2024-11-04
C09869,Customer 09869,Male,52,Indore,2024-01-16
C09870,Customer 09870,Male,64,Indore,2024-03-02
C09871,Customer 09871,Male,32,Bhopal,2025-12-06
C09872,Customer 09872,Female,65,Indore,2024-11-16
C09873,Customer 09873,Male,45,Indore,2025-01-02
C09874,Customer 09874,Female,37,Indore,2025-03-10
C09875,Customer 09875,Female,50,Ujjain,2024-10-18
C09876,Customer 09876,Female,50,Indore,2024-06-11
C09877,Customer 09877,Male,53,Indore,2024-08-28
C09878,Customer 09878,Male,30,Indore,2024-11-20
C09879,Customer 09879,Male,21,Indore,2025-01-09
C09880,Customer 09880,Male,40,Indore,2024-05-08
C09881,Customer 09881,Male,25,Indore,2024-05-02
C09882,Customer 09882,Female,30,Indore,2025-10-10
C09883,Customer 09883,Male,41,Bhopal,2025-04-08
C09884,Customer 09884,Female,57,Indore,2025-06-10
C09885,Customer 09885,Male,63,Indore,2024-08-16
C09886,Customer 09886,Female,47,Indore,2024-05-23
C09887,Customer 09887,Female,47,Indore,2024-06-24
C09888,Customer 09888,Female,42,Indore,2024-02-22
C09889,Customer 09889,Female,50,Indore,2024-11-30
C09890,Customer 09890,Female,26,Indore,2025-10-20
C09891,Customer 09891,Female,43,Indore,2025-07-06
C09892,Customer 09892,Male,41,Ujjain,2024-10-19
C09893,Customer 09893,Female,50,Indore,2024-08-27
C09894,Customer 09894,Male,56,Indore,2025-03-18
C09895,Customer 09895,Male,42,Indore,2025-12-07
C09896,Customer 09896,Male,62,Indore,2024-05-15
C09897,Customer 09897,Male,32,Indore,2025-08-22
C09898,Customer 09898,Male,58,Indore,2025-12-01
C09899,Customer 09899,Male,65,Indore,2024-03-11
C09900,Customer 09900,Male,58,Ujjain,2024-01-08
C09901,Customer 09901,Female,23,Indore,2025-03-08
C09902,Customer 09902,Male,37,Indore,2024-12-01
C09903,Customer 09903,Female,61,Indore,2025-09-18
C09904,Customer 09904,Male,33,Dewas,2025-02-22
C09905,Customer 09905,Female,38,Dewas,2024-10-27
C09906,Customer 09906,Female,32,Indore,2024-08-24
C09907,Customer 09907,Female,56,Indore,2025-08-10
C09908,Customer 09908,Female,59,Indore,2025-05-20
C09909,Customer 09909,Male,21,Indore,2025-02-02
C09910,Customer 09910,Other,41,Bhopal,2025-09-02
C09911,Customer 09911,Female,20,Indore,2024-11-18
C09912,Customer 09912,Female,18,Indore,2024-01-02
C09913,Customer 09913,Female,47,Indore,2025-09-25
C09914,Customer 09914,Male,30,Indore,2024-07-03
C09915,Customer 09915,Female,35,Indore,2024-01-16
C09916,Customer 09916,Male,57,Indore,2024-10-05
C09917,Customer 09917,Female,28,Indore,2024-12-16
C09918,Customer 09918,Male,59,Indore,2025-01-04
C09919,Customer 09919,Female,46,Indore,2025-07-06
C09920,Customer 09920,Male,21,Indore,2025-01-12
C09921,Customer 09921,Male,42,Indore,2024-02-24
C09922,Customer 09922,Female,53,Indore,2024-07-26
C09923,Customer 09923,Female,53,Indore,2024-05-11
C09924,Customer 09924,Female,61,Indore,2024-12-31
C09925,Customer 09925,Male,57,Indore,2024-12-21
C09926,Customer 09926,Male,45,Indore,2024-06-26
C09927,Customer 09927,Female,62,Indore,2024-08-29
C09928,Customer 09928,Other,25,Indore,2024-10-10
C09929,Customer 09929,Female,38,Indore,2025-09-26
C09930,Customer 09930,Male,52,Indore,2025-03-12
C09931,Customer 09931,Female,61,Bhopal,2025-11-09
C09932,Customer 09932,Male,35,Indore,2025-06-08
C09933,Customer 09933,Female,64,Ujjain,2024-03-11
C09934,Customer 09934,Male,42,Indore,2024-02-23
C09935,Customer 09935,Male,63,Indore,2024-01-13
C09936,Customer 09936,Female,58,Indore,2025-01-10
C09937,Customer 09937,Female,22,Indore,2025-07-24
C09938,Customer 09938,Male,64,Indore,2024-09-16
C09939,Customer 09939,Male,25,Indore,2024-03-20
C09940,Customer 09940,Male,40,Indore,2025-04-20
C09941,Customer 09941,Female,20,Dewas,2024-02-29
C09942,Customer 09942,Male,61,Indore,2024-02-16
C09943,Customer 09943,Male,54,Indore,2025-05-04
C09944,Customer 09944,Female,48,Indore,2025-12-14
C09945,Customer 09945,Female,46,Indore,2024-02-05
C09946,Customer 09946,Female,58,Indore,2025-06-14
C09947,Customer 09947,Female,37,Indore,2024-09-12
C09948,Customer 09948,Female,20,Indore,2024-10-12
C09949,Customer 09949,Female,40,Bhopal,2025-01-01
C09950,Customer 09950,Female,57,Indore,2025-07-06
C09951,Customer 09951,Female,38,Dewas,2024-08-15
C09952,Customer 09952,Male,30,Ujjain,2024-06-19
C09953,Customer 09953,Other,25,Indore,2025-05-11
C09954,Customer 09954,Male,22,Indore,2024-09-01
C09955,Customer 09955,Male,42,Indore,2025-01-27
C09956,Customer 09956,Male,56,Indore,2025-06-07
C09957,Customer 09957,Male,54,Indore,2025-12-27
C09958,Customer 09958,Female,58,Indore,2025-10-13
C09959,Customer 09959,Female,22,Indore,2024-10-24
C09960,Customer 09960,Female,25,Indore,2025-04-01
C09961,Customer 09961,Female,61,Ujjain,2025-03-12
C09962,Customer 09962,Male,21,Indore,2024-12-11
C09963,Customer 09963,Male,58,Indore,2025-04-22
C09964,Customer 09964,Female,39,Indore,2024-07-03
C09965,Customer 09965,Female,31,Indore,2025-12-24
C09966,Customer 09966,Male,36,Indore,2024-09-28
C09967,Customer 09967,Female,30,Bhopal,2025-04-05
C09968,Customer 09968,Male,52,Indore,2024-04-08
C09969,Customer 09969,Male,21,Bhopal,2025-03-09
C09970,Customer 09970,Male,50,Indore,2025-10-05
C09971,Customer 09971,Male,39,Indore,2025-09-18
C09972,Customer 09972,Female,18,Indore,2025-04-17
C09973,Customer 09973,Female,28,Indore,2024-09-25
C09974,Customer 09974,Male,33,Indore,2025-07-25
C09975,Customer 09975,Female,21,Dewas,2025-09-12
C09976,Customer 09976,Female,46,Indore,2025-01-30
C09977,Customer 09977,Male,56,Indore,2025-02-11
C09978,Customer 09978,Male,61,Indore,2025-01-21
C09979,Customer 09979,Female,55,Indore,2025-06-17
C09980,Customer 09980,Female,41,Indore,2024-12-06
C09981,Customer 09981,Other,26,Bhopal,2025-06-22
C09982,Customer 09982,Male,25,Indore,2024-08-01
C09983,Customer 09983,Female,31,Indore,2025-01-31
C09984,Customer 09984,Male,32,Indore,2024-02-13
C09985,Customer 09985,Male,39,Indore,2025-08-14
C09986,Customer 09986,Female,54,Indore,2024-12-31
C09987,Customer 09987,Male,32,Indore,2024-06-22
C09988,Customer 09988,Male,23,Indore,2024-09-29
C09989,Customer 09989,Male,18,Indore,2025-07-03
C09990,Customer 09990,Male,37,Indore,2025-07-24
C09991,Customer 09991,Female,58,Indore,2025-05-04
C09992,Customer 09992,Male,53,Indore,2024-06-30
C09993,Customer 09993,Male,19,Indore,2025-09-08
C09994,Customer 09994,Male,23,Indore,2024-04-05
C09995,Customer 09995,Male,19,Indore,2025-08-24
C09996,Customer 09996,Female,20,Indore,2024-03-11
C09997,Customer 09997,Male,24,Indore,2025-09-03
C09998,Customer 09998,Female,37,Indore,2024-11-06
C09999,Customer 09999,Male,58,Indore,2024-11-22
C10000,Customer 10000,Male,58,Indore,2025-11-13
C10001,Customer 10001,Female,22,Indore,2024-12-12
C10002,Customer 10002,Female,42,Indore,2024-06-14
C10003,Customer 10003,Male,55,Indore,2024-08-03
C10004,Customer 10004,Female,35,Indore,2024-12-09
C10005,Customer 10005,Male,18,Indore,2024-03-01
C10006,Customer 10006,Female,42,Bhopal,2024-07-04
C10007,Customer 10007,Female,34,Indore,2024-12-29
C10008,Customer 10008,Female,63,Indore,2024-06-30
C10009,Customer 10009,Other,32,Indore,2024-02-03
C10010,Customer 10010,Male,22,Indore,2025-02-08
C10011,Customer 10011,Female,34,Indore,2025-07-10
C10012,Customer 10012,Male,38,Indore,2024-05-17
C10013,Customer 10013,Male,40,Indore,2025-11-28
C10014,Customer 10014,Male,60,Dewas,2024-01-28
C10015,Customer 10015,Male,27,Indore,2024-04-15
C10016,Customer 10016,Female,34,Indore,2024-06-05
C10017,Customer 10017,Female,18,Indore,2024-04-16
C10018,Customer 10018,Female,54,Indore,2024-08-20
C10019,Customer 10019,Male,65,Dewas,2024-07-14
C10020,Customer 10020,Male,24,Indore,2024-07-20
C10021,Customer 10021,Female,29,Indore,2024-04-18
C10022,Customer 10022,Male,57,Indore,2025-06-26
C10023,Customer 10023,Female,18,Indore,2024-02-10
C10024,Customer 10024,Female,37,Indore,2024-03-04
C10025,Customer 10025,Female,61,Indore,2025-11-12
C10026,Customer 10026,Female,48,Indore,2025-02-18
C10027,Customer 10027,Female,21,Indore,2025-01-06
C10028,Customer 10028,Male,43,Indore,2025-10-12
C10029,Customer 10029,Female,29,Indore,2024-12-29
C10030,Customer 10030,Male,39,Indore,2024-08-23
C10031,Customer 10031,Male,18,Indore,2025-04-15
C10032,Customer 10032,Male,18,Dewas,2025-05-14
C10033,Customer 10033,Female,20,Indore,2025-02-26
C10034,Customer 10034,Male,29,Indore,2025-08-01
C10035,Customer 10035,Male,38,Ujjain,2024-07-06
C10036,Customer 10036,Male,30,Indore,2025-06-23
C10037,Customer 10037,Female,30,Indore,2025-02-06
C10038,Customer 10038,Female,58,Indore,2025-05-08
C10039,Customer 10039,Female,35,Bhopal,2025-12-23
C10040,Customer 10040,Female,50,Indore,2024-08-21
C10041,Customer 10041,Male,23,Bhopal,2025-05-06
C10042,Customer 10042,Male,42,Ujjain,2025-06-14
C10043,Customer 10043,Female,40,Indore,2024-11-07
C10044,Customer 10044,Male,41,Indore,2024-04-22
C10045,Customer 10045,Male,54,Indore,2025-05-15
C10046,Customer 10046,Male,43,Indore,2024-12-09
C10047,Customer 10047,Male,21,Indore,2024-12-23
C10048,Customer 10048,Male,55,Ujjain,2024-05-05
C10049,Customer 10049,Female,52,Indore,2025-12-20
C10050,Customer 10050,Male,28,Ujjain,2024-03-22
C10051,Customer 10051,Female,53,Indore,2024-09-08
C10052,Customer 10052,Male,42,Indore,2025-07-06
C10053,Customer 10053,Male,37,Indore,2025-01-16
C10054,Customer 10054,Male,18,Indore,2025-12-17
C10055,Customer 10055,Female,47,Ujjain,2024-04-08
C10056,Customer 10056,Male,21,Indore,2025-03-27
C10057,Customer 10057,Female,40,Indore,2025-08-17
C10058,Customer 10058,Female,52,Indore,2024-01-24
C10059,Customer 10059,Female,59,Indore,2025-02-20
C10060,Customer 10060,Male,39,Indore,2024-12-18
C10061,Customer 10061,Male,48,Indore,2024-03-13
C10062,Customer 10062,Male,18,Indore,2025-11-25
C10063,Customer 10063,Female,21,Indore,2025-05-29
C10064,Customer 10064,Male,36,Indore,2024-01-30
C10065,Customer 10065,Female,47,Ujjain,2025-10-19
C10066,Customer 10066,Female,18,Indore,2025-03-25
C10067,Customer 10067,Male,65,Indore,2025-04-24
C10068,Customer 10068,Male,36,Indore,2025-04-01
C10069,Customer 10069,Female,38,Indore,2025-12-24
C10070,Customer 10070,Male,39,Indore,2024-01-27
C10071,Customer 10071,Male,19,Ujjain,2024-12-21
C10072,Customer 10072,Female,23,Bhopal,2025-09-08
C10073,Customer 10073,Male,38,Indore,2025-09-13
C10074,Customer 10074,Female,50,Indore,2024-01-19
C10075,Customer 10075,Female,36,Indore,2025-06-11
C10076,Customer 10076,Female,44,Bhopal,2024-09-26
C10077,Customer 10077,Male,54,Indore,2025-07-12
C10078,Customer 10078,Male,46,Indore,2024-05-25
C10079,Customer 10079,Female,45,Ujjain,2025-10-29
C10080,Customer 10080,Male,51,Ujjain,2025-06-25
C10081,Customer 10081,Male,18,Indore,2025-09-08
C10082,Customer 10082,Male,65,Indore,2024-05-28
C10083,Customer 10083,Male,42,Indore,2025-07-13
C10084,Customer 10084,Male,38,Indore,2024-07-01
C10085,Customer 10085,Female,51,Indore,2025-10-31
C10086,Customer 10086,Male,43,Indore,2024-02-11
C10087,Customer 10087,Male,53,Indore,2024-06-13
C10088,Customer 10088,Female,52,Indore,2025-11-16
C10089,Customer 10089,Female,40,Indore,2024-04-03
C10090,Customer 10090,Male,34,Indore,2024-08-01
C10091,Customer 10091,Male,64,Indore,2024-07-06
C10092,Customer 10092,Female,59,Indore,2024-03-28
C10093,Customer 10093,Female,29,Indore,2025-04-02
C10094,Customer 10094,Female,61,Indore,2025-04-16
C10095,Customer 10095,Female,37,Indore,2024-02-23
C10096,Customer 10096,Male,56,Indore,2025-01-06
C10097,Customer 10097,Female,44,Dewas,2025-10-17
C10098,Customer 10098,Male,59,Bhopal,2025-05-31
C10099,Customer 10099,Female,54,Indore,2024-12-30
C10100,Customer 10100,Female,37,Indore,2024-02-06
C10101,Customer 10101,Female,28,Indore,2024-04-28
C10102,Customer 10102,Male,45,Indore,2025-02-12
C10103,Customer 10103,Male,19,Indore,2024-12-28
C10104,Customer 10104,Female,41,Ujjain,2025-01-03
C10105,Customer 10105,Female,33,Indore,2024-06-01
C10106,Customer 10106,Female,29,Indore,2024-11-18
C10107,Customer 10107,Male,33,Indore,2024-10-20
C10108,Customer 10108,Male,53,Indore,2025-04-24
C10109,Customer 10109,Female,19,Indore,2025-12-24
C10110,Customer 10110,Male,42,Indore,2025-04-22
C10111,Customer 10111,Female,46,Bhopal,2025-03-23
C10112,Customer 10112,Male,45,Indore,2024-05-09
C10113,Customer 10113,Female,27,Indore,2025-12-04
C10114,Customer 10114,Female,62,Bhopal,2025-12-09
C10115,Customer 10115,Female,40,Indore,2025-10-21
C10116,Customer 10116,Male,49,Indore,2024-12-07
C10117,Customer 10117,Female,48,Ujjain,2024-09-23
C10118,Customer 10118,Male,36,Indore,2024-12-03
C10119,Customer 10119,Female,32,Indore,2025-04-19
C10120,Customer 10120,Male,50,Indore,2025-02-18
C10121,Customer 10121,Male,34,Indore,2024-10-17
C10122,Customer 10122,Male,53,Indore,2024-06-20
C10123,Customer 10123,Male,37,Dewas,2025-03-14
C10124,Customer 10124,Female,26,Bhopal,2024-10-27
C10125,Customer 10125,Male,55,Indore,2024-05-28
C10126,Customer 10126,Female,20,Indore,2025-10-21
C10127,Customer 10127,Other,19,Indore,2024-09-21
C10128,Customer 10128,Male,35,Indore,2024-04-04
C10129,Customer 10129,Female,40,Indore,
C10130,Customer 10130,Male,36,Indore,2025-02-20
C10131,Customer 10131,Male,24,Bhopal,2024-09-13
C10132,Customer 10132,Male,52,Indore,2025-12-23
C10133,Customer 10133,Female,37,Bhopal,2025-05-29
C10134,Customer 10134,Male,37,Indore,2025-11-09
C10135,Customer 10135,Female,36,Bhopal,2024-12-15
C10136,Customer 10136,Female,58,Indore,2024-07-23
C10137,Customer 10137,Female,33,Indore,2025-11-20
C10138,Customer 10138,Male,55,Indore,2024-12-09
C10139,Customer 10139,Female,38,Indore,2025-04-09
C10140,Customer 10140,Female,46,Indore,2025-06-22
C10141,Customer 10141,Female,61,Indore,2024-01-29
C10142,Customer 10142,Female,55,Indore,2025-09-30
C10143,Customer 10143,Female,62,Ujjain,2025-01-10
C10144,Customer 10144,Male,41,Indore,2024-04-14
C10145,Customer 10145,Male,54,Indore,2024-11-29
C10146,Customer 10146,Male,46,Indore,2024-03-09
C10147,Customer 10147,Male,48,Ujjain,2024-04-16
C10148,Customer 10148,Male,62,Indore,2025-11-22
C10149,Customer 10149,Male,56,Indore,2024-04-11
C10150,Customer 10150,Male,29,Indore,2024-09-18
C10151,Customer 10151,Female,47,Dewas,2025-10-25
C10152,Customer 10152,Male,21,Indore,2025-07-05
C10153,Customer 10153,Female,47,Indore,2024-10-15
C10154,Customer 10154,Male,22,Indore,2024-05-16
C10155,Customer 10155,Female,33,Indore,2025-05-04
C10156,Customer 10156,Female,44,Indore,2025-11-19
C10157,Customer 10157,Male,21,Indore,2024-03-07
C10158,Customer 10158,Male,25,Indore,2024-05-30
C10159,Customer 10159,Male,65,Indore,2024-10-04
C10160,Customer 10160,Male,25,Indore,2024-07-30
C10161,Customer 10161,Female,34,Indore,2024-12-15
C10162,Customer 10162,Female,63,Indore,2025-09-19
C10163,Customer 10163,Male,61,Indore,2025-10-09
C10164,Customer 10164,Male,20,Indore,2024-05-26
C10165,Customer 10165,Male,44,Indore,2024-12-30
C10166,Customer 10166,Male,51,Indore,2025-11-08
C10167,Customer 10167,Female,62,Indore,2024-08-15
C10168,Customer 10168,Male,38,Indore,2025-10-07
C10169,Customer 10169,Female,60,Indore,2025-11-22
C10170,Customer 10170,Male,41,Indore,2024-10-16
C10171,Customer 10171,Male,61,Dewas,2024-11-25
C10172,Customer 10172,Female,58,Dewas,2025-01-29
C10173,Customer 10173,Male,46,Indore,2025-07-08
C10174,Customer 10174,Female,56,Indore,2024-05-18
C10175,Customer 10175,Female,23,Indore,2025-02-27
C10176,Customer 10176,Male,31,Indore,2024-09-09
C10177,Customer 10177,Male,31,Ujjain,2025-02-19
C10178,Customer 10178,Female,54,Indore,2025-05-21
C10179,Customer 10179,Female,41,Indore,2024-12-11
C10180,Customer 10180,Female,30,Indore,2025-11-27
C10181,Customer 10181,Male,18,Ujjain,2025-07-30
C10182,Customer 10182,Other,29,Indore,2024-06-28
C10183,Customer 10183,Male,59,Indore,2024-08-01
C10184,Customer 10184,Female,41,Indore,2025-03-13
C10185,Customer 10185,Female,54,Indore,2025-04-24
C10186,Customer 10186,Male,37,Indore,2024-06-01
C10187,Customer 10187,Female,23,Indore,2025-02-16
C10188,Customer 10188,Male,29,Indore,2024-05-02
C10189,Customer 10189,Female,38,Indore,2025-08-28
C10190,Customer 10190,Male,20,Indore,2025-08-16
C10191,Customer 10191,Female,44,Indore,2025-09-11
C10192,Customer 10192,Male,63,Bhopal,2025-08-01
C10193,Customer 10193,Female,53,Indore,2024-08-30
C10194,Customer 10194,Female,34,Indore,2024-11-01
C10195,Customer 10195,Male,63,Indore,2024-05-15
C10196,Customer 10196,Male,32,Indore,2024-06-07
C10197,Customer 10197,Female,56,Indore,2024-05-31
C10198,Customer 10198,Male,21,Indore,2025-03-31
C10199,Customer 10199,Female,34,Indore,2025-07-07
C10200,Customer 10200,Male,55,Indore,2024-11-29
C10201,Customer 10201,Female,28,Indore,2025-04-07
C10202,Customer 10202,Male,29,Indore,2025-04-13
C10203,Customer 10203,Male,64,Indore,2024-01-26
C10204,Customer 10204,Male,49,Indore,2024-06-14
C10205,Customer 10205,Male,44,Indore,2024-12-31
C10206,Customer 10206,Male,61,Indore,2025-03-14
C10207,Customer 10207,Male,60,Indore,2024-04-06
C10208,Customer 10208,Female,44,Indore,2025-01-28
C10209,Customer 10209,Female,57,Indore,2025-04-11
C10210,Customer 10210,Female,61,Indore,2024-09-23
C10211,Customer 10211,Male,46,Indore,2024-05-02
C10212,Customer 10212,Female,26,Bhopal,2025-06-18
C10213,Customer 10213,Male,60,Indore,2024-07-16
C10214,Customer 10214,Female,20,Indore,2024-02-10
C10215,Customer 10215,Male,56,Indore,2024-04-30
C10216,Customer 10216,Male,46,Ujjain,2025-02-28
C10217,Customer 10217,Male,38,Indore,2024-01-04
C10218,Customer 10218,Female,52,Indore,2024-09-11
C10219,Customer 10219,Male,65,Indore,2025-10-04
C10220,Customer 10220,Female,27,Indore,2025-04-12
C10221,Customer 10221,Male,40,Indore,2024-07-01
C10222,Customer 10222,Female,56,Dewas,2024-04-16
C10223,Customer 10223,Female,42,Indore,2025-05-13
C10224,Customer 10224,Male,41,Ujjain,2025-03-22
C10225,Customer 10225,Male,37,Indore,2024-06-25
C10226,Customer 10226,Female,32,Ujjain,2024-03-12
C10227,Customer 10227,Female,38,Indore,2024-03-10
C10228,Customer 10228,Male,59,Indore,2025-08-03
C10229,Customer 10229,Female,29,Ujjain,2024-05-02
C10230,Customer 10230,Female,35,Indore,2025-01-26
C10231,Customer 10231,Male,40,Indore,2024-08-14
C10232,Customer 10232,Female,58,Indore,2025-01-02
C10233,Customer 10233,Male,46,Indore,2025-04-02
C10234,Customer 10234,Male,58,Ujjain,2024-07-01
C10235,Customer 10235,Female,53,Indore,2024-08-14
C10236,Customer 10236,Male,22,Indore,2024-03-12
C10237,Customer 10237,Male,56,Indore,2025-05-26
C10238,Customer 10238,Female,43,Indore,2024-01-08
C10239,Customer 10239,Female,56,Indore,2024-03-12
C10240,Customer 10240,Female,28,Indore,2025-12-24
C10241,Customer 10241,Female,59,Ujjain,2024-02-15
C10242,Customer 10242,Female,28,Indore,2024-05-29
C10243,Customer 10243,Male,35,Indore,2025-08-15
C10244,Customer 10244,Male,29,Indore,2025-04-26
C10245,Customer 10245,Female,33,Indore,2025-02-12
C10246,Customer 10246,Male,44,Indore,2024-06-23
C10247,Customer 10247,Female,53,Indore,2025-03-02
C10248,Customer 10248,Female,34,Indore,2025-10-16
C10249,Customer 10249,Male,38,Indore,2025-12-04
C10250,Customer 10250,Female,54,Indore,2025-11-01
C10251,Customer 10251,Female,48,Indore,2024-08-24
C10252,Customer 10252,Male,62,Indore,2025-08-17
C10253,Customer 10253,Other,52,Indore,2025-11-17
C10254,Customer 10254,Male,44,Indore,2024-05-19
C10255,Customer 10255,Male,40,Indore,2024-03-04
C10256,Customer 10256,Female,49,Ujjain,2024-10-05
C10257,Customer 10257,Female,34,Indore,2024-02-19
C10258,Customer 10258,Female,28,Indore,2024-08-02
C10259,Customer 10259,Female,18,Indore,2025-09-28
C10260,Customer 10260,Female,45,Indore,2024-02-05
C10261,Customer 10261,Male,35,Dewas,2025-10-12
C10262,Customer 10262,Female,58,Indore,2025-08-20
C10263,Customer 10263,Female,37,Indore,2025-03-06
C10264,Customer 10264,Male,24,Indore,2025-05-19
C10265,Customer 10265,Male,54,Indore,2025-07-21
C10266,Customer 10266,Female,33,Indore,2024-09-05
C10267,Customer 10267,Female,56,Indore,2025-04-12
C10268,Customer 10268,Female,62,Indore,2025-05-24
C10269,Customer 10269,Female,62,Indore,2025-01-28
C10270,Customer 10270,Female,64,Indore,2025-03-15
C10271,Customer 10271,Female,40,Indore,2025-12-26
C10272,Customer 10272,Female,49,Indore,2024-06-06
C10273,Customer 10273,Male,34,Indore,2024-04-03
C10274,Customer 10274,Female,36,Indore,2025-04-30
C10275,Customer 10275,Female,59,Bhopal,2025-03-14
C10276,Customer 10276,Female,51,Indore,
C10277,Customer 10277,Female,31,Indore,2024-02-25
C10278,Customer 10278,Male,20,Indore,2025-03-30
C10279,Customer 10279,Male,56,Indore,2025-01-04
C10280,Customer 10280,Male,42,Indore,2025-01-12
C10281,Customer 10281,Male,28,Indore,2025-01-29
C10282,Customer 10282,Male,32,Indore,2025-01-25
C10283,Customer 10283,Female,36,Indore,2024-12-17
C10284,Customer 10284,Male,60,Indore,2024-03-22
C10285,Customer 10285,Male,32,Ujjain,2025-06-29
C10286,Customer 10286,Female,32,Indore,2024-03-03
C10287,Customer 10287,Female,55,Indore,2025-05-28
C10288,Customer 10288,Male,32,Indore,2025-12-02
C10289,Customer 10289,Female,26,Indore,2025-07-08
C10290,Customer 10290,Female,22,Indore,2025-08-29
C10291,Customer 10291,Male,36,Indore,2024-05-27
C10292,Customer 10292,Male,41,Indore,2025-06-02
C10293,Customer 10293,Female,46,Indore,2025-12-26
C10294,Customer 10294,Female,22,Indore,2024-11-03
C10295,Customer 10295,Female,39,Bhopal,2025-05-19
C10296,Customer 10296,Male,30,Indore,2024-04-07
C10297,Customer 10297,Male,64,Indore,2024-10-28
C10298,Customer 10298,Female,63,Indore,2024-02-11
C10299,Customer 10299,Male,46,Indore,2024-11-11
C10300,Customer 10300,Male,33,Indore,2025-01-18
C10301,Customer 10301,Female,53,Indore,2024-04-13
C10302,Customer 10302,Male,34,Indore,2024-12-01
C10303,Customer 10303,Female,37,Indore,2025-08-12
C10304,Customer 10304,Female,31,Indore,2025-09-27
C10305,Customer 10305,Male,23,Indore,2024-02-01
C10306,Customer 10306,Female,39,Indore,2025-11-09
C10307,Customer 10307,Male,57,Indore,2024-10-08
C10308,Customer 10308,Female,26,Indore,2024-01-30
C10309,Customer 10309,Male,49,Indore,2025-11-11
C10310,Customer 10310,Male,41,Indore,2025-01-27
C10311,Customer 10311,Female,50,Indore,2024-02-01
C10312,Customer 10312,Male,30,Indore,2025-11-26
C10313,Customer 10313,Female,52,Indore,2025-07-18
C10314,Customer 10314,Male,23,Indore,2024-05-28
C10315,Customer 10315,Male,57,Indore,2024-03-16
C10316,Customer 10316,Female,47,Dewas,2025-02-10
C10317,Customer 10317,Male,55,Ujjain,2025-08-03
C10318,Customer 10318,Male,33,Indore,2024-09-30
C10319,Customer 10319,Female,18,Indore,2025-07-02
C10320,Customer 10320,Female,59,Indore,2025-10-08
C10321,Customer 10321,Female,35,Indore,2024-03-01
C10322,Customer 10322,Female,39,Indore,2024-05-10
C10323,Customer 10323,Male,43,Indore,2025-05-27
C10324,Customer 10324,Female,31,Bhopal,2024-02-29
C10325,Customer 10325,Male,54,Indore,2025-01-14
C10326,Customer 10326,Female,31,Indore,2024-12-12
C10327,Customer 10327,Male,43,Dewas,2025-03-17
C10328,Customer 10328,Other,53,Indore,2025-06-26
C10329,Customer 10329,Female,40,Indore,2025-02-02
C10330,Customer 10330,Female,19,Dewas,2024-01-07
C10331,Customer 10331,Female,56,Indore,2025-01-25
C10332,Customer 10332,Female,24,Indore,2024-05-14
C10333,Customer 10333,Female,56,Indore,2024-01-20
C10334,Customer 10334,Male,62,Indore,2024-11-22
C10335,Customer 10335,Male,39,Indore,2025-03-09
C10336,Customer 10336,Male,45,Indore,2025-10-15
C10337,Customer 10337,Male,55,Indore,2025-01-08
C10338,Customer 10338,Female,37,Indore,2024-05-22
C10339,Customer 10339,Female,35,Dewas,2025-12-22
C10340,Customer 10340,Female,41,Indore,2025-01-28
C10341,Customer 10341,Female,50,Indore,2025-04-27
C10342,Customer 10342,Female,62,Indore,2025-09-28
C10343,Customer 10343,Male,43,Ujjain,2025-05-05
C10344,Customer 10344,Male,36,Indore,2024-11-16
C10345,Customer 10345,Male,65,Indore,2025-02-15
C10346,Customer 10346,Male,59,Indore,2024-12-19
C10347,Customer 10347,Female,30,Bhopal,2025-03-07
C10348,Customer 10348,Female,27,Ujjain,2024-01-03
C10349,Customer 10349,Female,31,Indore,2024-05-10
C10350,Customer 10350,Female,26,Indore,2024-03-15
C10351,Customer 10351,Female,28,Indore,2024-11-19
C10352,Customer 10352,Male,20,Indore,2025-04-22
C10353,Customer 10353,Female,57,Indore,2024-06-08
C10354,Customer 10354,Male,29,Indore,2024-01-17
C10355,Customer 10355,Male,52,Ujjain,2025-01-29
C10356,Customer 10356,Male,56,Dewas,2024-12-21
C10357,Customer 10357,Male,63,Indore,2024-02-01
C10358,Customer 10358,Male,56,Indore,2025-04-27
C10359,Customer 10359,Male,49,Indore,2024-06-03
C10360,Customer 10360,Female,56,Indore,2025-09-15
C10361,Customer 10361,Female,31,Indore,2025-09-01
C10362,Customer 10362,Male,61,Indore,2025-08-26
C10363,Customer 10363,Male,18,Indore,2025-10-19
C10364,Customer 10364,Female,44,Dewas,2025-05-29
C10365,Customer 10365,Male,54,Dewas,2024-12-07
C10366,Customer 10366,Female,60,Ujjain,2025-02-09
C10367,Customer 10367,Female,18,Indore,2025-01-07
C10368,Customer 10368,Male,62,Indore,2024-10-12
C10369,Customer 10369,Male,46,Ujjain,2025-07-13
C10370,Customer 10370,Male,41,Indore,2025-07-30
C10371,Customer 10371,Male,34,Indore,2024-08-08
C10372,Customer 10372,Male,52,Bhopal,2024-05-26
C10373,Customer 10373,Female,48,Indore,2024-06-28
C10374,Customer 10374,Male,59,Bhopal,2025-05-24
C10375,Customer 10375,Female,49,Indore,2024-10-23
C10376,Customer 10376,Female,36,Indore,2024-12-14
C10377,Customer 10377,Male,48,Indore,2025-05-05
C10378,Customer 10378,Male,56,Indore,2024-12-18
C10379,Customer 10379,Male,37,Indore,2024-03-21
C10380,Customer 10380,Male,45,Indore,2025-12-05
C10381,Customer 10381,Female,20,Indore,2025-03-09
C10382,Customer 10382,Male,49,Bhopal,2024-05-02
C10383,Customer 10383,Female,39,Indore,2024-10-15
C10384,Customer 10384,Male,61,Indore,2025-04-14
C10385,Customer 10385,Male,59,Indore,2025-05-24
C10386,Customer 10386,Female,61,Indore,2025-08-16
C10387,Customer 10387,Female,32,Indore,2025-04-24
C10388,Customer 10388,Male,55,Ujjain,2025-08-18
C10389,Customer 10389,Male,36,Indore,2025-03-14
C10390,Customer 10390,Female,48,Indore,2025-12-27
C10391,Customer 10391,Male,43,Indore,2024-06-22
C10392,Customer 10392,Male,22,Indore,2024-12-11
C10393,Customer 10393,Female,37,Indore,2024-04-14
C10394,Customer 10394,Male,19,Indore,2025-07-22
C10395,Customer 10395,Female,38,Indore,2025-11-11
C10396,Customer 10396,Female,53,Indore,2025-08-09
C10397,Customer 10397,Female,45,Indore,2025-03-30
C10398,Customer 10398,Female,37,Bhopal,2024-10-20
C10399,Customer 10399,Female,54,Indore,2025-01-27
C10400,Customer 10400,Female,56,Indore,2024-07-14
C10401,Customer 10401,Female,53,Indore,2025-02-25
C10402,Customer 10402,Male,28,Indore,2025-04-21
C10403,Customer 10403,Male,20,Dewas,2024-08-05
C10404,Customer 10404,Female,54,Indore,2024-06-01
C10405,Customer 10405,Female,37,Indore,2024-02-06
C10406,Customer 10406,Male,49,Indore,2025-11-20
C10407,Customer 10407,Female,64,Indore,2024-12-13
C10408,Customer 10408,Male,42,Indore,2025-12-12
C10409,Customer 10409,Female,38,Indore,2024-06-18
C10410,Customer 10410,Female,33,Indore,2024-11-05
C10411,Customer 10411,Female,65,Indore,2025-09-28
C10412,Customer 10412,Male,59,Indore,2025-11-05
C10413,Customer 10413,Female,18,Indore,2024-12-19
C10414,Customer 10414,Male,40,Indore,2024-09-06
C10415,Customer 10415,Male,60,Indore,2025-01-13
C10416,Customer 10416,Male,41,Indore,2024-05-24
C10417,Customer 10417,Female,64,Indore,2025-09-16
C10418,Customer 10418,Male,42,Indore,2025-05-03
C10419,Customer 10419,Male,24,Indore,2024-04-01
C10420,Customer 10420,Female,55,Indore,2024-06-29
C10421,Customer 10421,Female,64,Indore,2024-05-07
C10422,Customer 10422,Female,64,Indore,2024-10-04
C10423,Customer 10423,Female,56,Indore,2025-03-17
C10424,Customer 10424,Male,52,Indore,2025-11-11
C10425,Customer 10425,Female,31,Indore,2024-09-15
C10426,Customer 10426,Female,26,Indore,2024-12-13
C10427,Customer 10427,Male,20,Indore,2025-07-28
C10428,Customer 10428,Male,55,Indore,2025-04-28
C10429,Customer 10429,Male,37,Indore,2024-10-28
C10430,Customer 10430,Male,58,Indore,2024-07-30
C10431,Customer 10431,Female,50,Indore,2025-05-02
C10432,Customer 10432,Female,58,Indore,2025-04-28
C10433,Customer 10433,Female,61,Indore,2025-10-09
C10434,Customer 10434,Female,49,Bhopal,2025-07-04
C10435,Customer 10435,Male,53,Indore,2025-04-07
C10436,Customer 10436,Female,43,Indore,2024-12-15
C10437,Customer 10437,Male,65,Bhopal,2024-10-29
C10438,Customer 10438,Female,22,Indore,2025-02-21
C10439,Customer 10439,Male,47,Indore,2024-03-08
C10440,Customer 10440,Female,34,Indore,2024-02-26
C10441,Customer 10441,Male,23,Indore,2025-04-14
C10442,Customer 10442,Male,32,Indore,2024-06-01
C10443,Customer 10443,Male,18,Indore,2024-07-19
C10444,Customer 10444,Female,30,Indore,2025-08-21
C10445,Customer 10445,Female,65,Indore,2024-02-08
C10446,Customer 10446,Male,51,Ujjain,2025-05-26
C10447,Customer 10447,Female,47,Indore,2024-09-04
C10448,Customer 10448,Female,36,Indore,2024-04-23
C10449,Customer 10449,Female,19,Indore,2025-01-12
C10450,Customer 10450,Female,61,Indore,2025-12-16
C10451,Customer 10451,Male,29,Bhopal,2025-12-18
C10452,Customer 10452,Male,57,Indore,2024-05-14
C10453,Customer 10453,Female,61,Indore,2024-05-02
C10454,Customer 10454,Female,41,Indore,2025-08-17
C10455,Customer 10455,Female,28,Indore,2024-07-31
C10456,Customer 10456,Female,19,Indore,2025-05-16
C10457,Customer 10457,Male,18,Indore,2024-06-23
C10458,Customer 10458,Female,45,Indore,2024-10-01
C10459,Customer 10459,Male,21,Dewas,2024-08-23
C10460,Customer 10460,Other,58,Indore,2025-06-29
C10461,Customer 10461,Male,47,Indore,2024-06-19
C10462,Customer 10462,Female,24,Indore,2025-10-14
C10463,Customer 10463,Female,39,Indore,2025-02-23
C10464,Customer 10464,Male,43,Indore,2025-06-20
C10465,Customer 10465,Male,46,Indore,2024-04-06
C10466,Customer 10466,Female,42,Ujjain,2024-01-21
C10467,Customer 10467,Female,27,Bhopal,2024-10-16
C10468,Customer 10468,Male,37,Indore,2025-09-13
C10469,Customer 10469,Female,31,Indore,
C10470,Customer 10470,Female,50,Bhopal,2024-04-16
C10471,Customer 10471,Male,22,Indore,2025-11-19
C10472,Customer 10472,Male,62,Indore,2024-10-12
C10473,Customer 10473,Female,23,Indore,2025-09-12
C10474,Customer 10474,Female,39,Indore,2025-07-03
C10475,Customer 10475,Female,34,Indore,2024-11-26
C10476,Customer 10476,Female,32,Indore,2025-12-28
C10477,Customer 10477,Male,56,Indore,2024-05-11
C10478,Customer 10478,Male,57,Indore,2024-12-04
C10479,Customer 10479,Male,45,Indore,2024-08-08
C10480,Customer 10480,Male,19,Ujjain,2024-03-17
C10481,Customer 10481,Female,35,Ujjain,2025-12-27
C10482,Customer 10482,Female,44,Indore,2025-08-27
C10483,Customer 10483,Male,38,Indore,2025-10-12
C10484,Customer 10484,Male,40,Indore,2025-08-14
C10485,Customer 10485,Female,24,Indore,2024-02-19
C10486,Customer 10486,Female,65,Indore,2024-12-08
C10487,Customer 10487,Female,36,Ujjain,2024-11-27
C10488,Customer 10488,Female,26,Indore,2024-10-20
C10489,Customer 10489,Female,29,Indore,2024-05-31
C10490,Customer 10490,Female,63,Indore,2024-04-04
C10491,Customer 10491,Male,47,Indore,2025-11-08
C10492,Customer 10492,Male,24,Indore,2025-01-15
C10493,Customer 10493,Male,19,Indore,2025-03-15
C10494,Customer 10494,Female,34,Indore,2024-11-16
C10495,Customer 10495,Female,28,Indore,2024-03-30
C10496,Customer 10496,Female,29,Ujjain,2025-06-12
C10497,Customer 10497,Male,20,Indore,2024-10-09
C10498,Customer 10498,Male,38,Indore,2024-12-10
C10499,Customer 10499,Male,31,Dewas,2024-08-20
C10500,Customer 10500,Male,32,Indore,2024-12-17
C10501,Customer 10501,Female,59,Indore,2025-12-16
C10502,Customer 10502,Female,58,Indore,2025-03-08
C10503,Customer 10503,Female,27,Indore,2024-11-09
C10504,Customer 10504,Female,53,Indore,2025-01-14
C10505,Customer 10505,Female,27,Indore,2024-09-13
C10506,Customer 10506,Female,34,Indore,2025-01-31
C10507,Customer 10507,Male,61,Indore,2024-09-13
C10508,Customer 10508,Female,42,Indore,2024-06-07
C10509,Customer 10509,Female,44,Indore,2024-07-21
C10510,Customer 10510,Female,50,Indore,2025-02-16
C10511,Customer 10511,Male,28,Indore,2025-11-18
C10512,Customer 10512,Male,30,Indore,2024-03-22
C10513,Customer 10513,Male,18,Indore,2025-03-21
C10514,Customer 10514,Female,48,Indore,2024-01-25
C10515,Customer 10515,Male,50,Indore,2024-01-18
C10516,Customer 10516,Female,38,Indore,2025-05-11
C10517,Customer 10517,Female,33,Indore,2024-04-25
C10518,Customer 10518,Male,56,Indore,2024-05-28
C10519,Customer 10519,Female,40,Indore,2024-11-21
C10520,Customer 10520,Female,27,Indore,2024-01-21
C10521,Customer 10521,Male,65,Indore,2025-08-28
C10522,Customer 10522,Female,50,Bhopal,2024-05-27
C10523,Customer 10523,Male,39,Bhopal,2025-09-29
C10524,Customer 10524,Male,58,Indore,2025-09-24
C10525,Customer 10525,Female,23,Indore,2025-10-01
C10526,Customer 10526,Female,64,Dewas,2025-03-21
C10527,Customer 10527,Other,53,Indore,2024-10-13
C10528,Customer 10528,Female,64,Indore,2025-10-26
C10529,Customer 10529,Female,27,Bhopal,2024-11-20
C10530,Customer 10530,Female,33,Indore,2024-07-18
C10531,Customer 10531,Female,30,Indore,2024-05-27
C10532,Customer 10532,Female,37,Indore,2025-01-01
C10533,Customer 10533,Male,21,Indore,2024-08-08
C10534,Customer 10534,Female,37,Ujjain,2024-08-15
C10535,Customer 10535,Male,39,Indore,2024-11-01
C10536,Customer 10536,Female,46,Indore,2024-06-27
C10537,Customer 10537,Male,33,Indore,2025-04-20
C10538,Customer 10538,Female,60,Indore,2025-02-20
C10539,Customer 10539,Male,64,Indore,2025-09-01
C10540,Customer 10540,Male,60,Indore,2025-09-19
C10541,Customer 10541,Female,40,Indore,2024-05-02
C10542,Customer 10542,Male,47,Ujjain,2024-10-11
C10543,Customer 10543,Female,47,Indore,2025-12-07
C10544,Customer 10544,Male,60,Indore,2025-12-27
C10545,Customer 10545,Male,20,Indore,2024-01-03
C10546,Customer 10546,Male,41,Indore,2024-09-18
C10547,Customer 10547,Female,54,Indore,2025-11-10
C10548,Customer 10548,Male,30,Indore,2025-04-15
C10549,Customer 10549,Female,59,Indore,2024-11-27
C10550,Customer 10550,Male,49,Indore,2024-09-17
C10551,Customer 10551,Male,54,Indore,2024-01-03
C10552,Customer 10552,Male,29,Indore,2025-03-22
C10553,Customer 10553,Male,25,Indore,2024-08-03
C10554,Customer 10554,Female,41,Indore,2025-04-23
C10555,Customer 10555,Female,61,Indore,2025-07-22
C10556,Customer 10556,Female,33,Indore,2025-11-12
C10557,Customer 10557,Male,49,Ujjain,2025-08-17
C10558,Customer 10558,Male,51,Indore,2025-03-15
C10559,Customer 10559,Male,52,Indore,2024-07-18
C10560,Customer 10560,Female,49,Indore,2025-10-29
C10561,Customer 10561,Male,34,Indore,2024-10-05
C10562,Customer 10562,Female,19,Ujjain,2024-05-14
C10563,Customer 10563,Male,43,Bhopal,2024-10-20
C10564,Customer 10564,Male,61,Indore,2024-07-23
C10565,Customer 10565,Male,34,Indore,2025-11-27
C10566,Customer 10566,Male,55,Ujjain,2024-03-25
C10567,Customer 10567,Female,19,Indore,2024-10-19
C10568,Customer 10568,Male,25,Indore,2025-01-24
C10569,Customer 10569,Female,63,Indore,2024-05-17
C10570,Customer 10570,Male,23,Dewas,2025-02-14
C10571,Customer 10571,Female,26,Dewas,2025-05-23
C10572,Customer 10572,Male,18,Ujjain,2024-08-05
C10573,Customer 10573,Female,22,Indore,2025-09-09
C10574,Customer 10574,Female,56,Indore,2024-02-26
C10575,Customer 10575,Female,26,Indore,2024-04-01
C10576,Customer 10576,Male,31,Indore,2025-01-04
C10577,Customer 10577,Female,44,Indore,2025-07-24
C10578,Customer 10578,Male,26,Indore,2025-02-15
C10579,Customer 10579,Male,53,Indore,2024-07-11
C10580,Customer 10580,Male,46,Indore,2024-04-26
C10581,Customer 10581,Male,37,Indore,2025-12-07
C10582,Customer 10582,Other,32,Indore,2025-10-31
C10583,Customer 10583,Male,53,Indore,2024-10-01
C10584,Customer 10584,Female,20,Indore,2024-12-18
C10585,Customer 10585,Female,40,Indore,2025-03-21
C10586,Customer 10586,Female,63,Indore,2024-02-05
C10587,Customer 10587,Female,26,Indore,2025-09-15
C10588,Customer 10588,Male,47,Indore,2024-07-15
C10589,Customer 10589,Female,36,Indore,2024-10-16
C10590,Customer 10590,Male,55,Ujjain,2025-11-25
C10591,Customer 10591,Female,20,Indore,2025-04-30
C10592,Customer 10592,Female,65,Indore,2025-02-14
C10593,Customer 10593,Female,20,Indore,2025-02-26
C10594,Customer 10594,Male,51,Indore,2024-08-26
C10595,Customer 10595,Male,19,Indore,2024-10-24
C10596,Customer 10596,Male,44,Indore,2024-02-11
C10597,Customer 10597,Male,40,Ujjain,2024-03-28
C10598,Customer 10598,Male,59,Ujjain,2024-06-24
C10599,Customer 10599,Female,49,Ujjain,2024-10-04
C10600,Customer 10600,Male,64,Bhopal,2024-12-08
C10601,Customer 10601,Female,52,Indore,2024-10-23
C10602,Customer 10602,Female,57,Indore,2024-10-06
C10603,Customer 10603,Female,35,Indore,2025-02-27
C10604,Customer 10604,Male,44,Indore,2025-02-19
C10605,Customer 10605,Male,28,Indore,2024-02-02
C10606,Customer 10606,Male,56,Ujjain,2024-01-28
C10607,Customer 10607,Male,36,Indore,2024-07-27
C10608,Customer 10608,Female,42,Indore,2025-08-24
C10609,Customer 10609,Male,24,Indore,2025-08-16
C10610,Customer 10610,Female,48,Indore,2024-09-04
C10611,Customer 10611,Female,19,Indore,2025-01-12
C10612,Customer 10612,Female,55,Bhopal,2024-12-23
C10613,Customer 10613,Male,22,Indore,2025-12-03
C10614,Customer 10614,Male,31,Indore,2024-01-18
C10615,Customer 10615,Female,35,Bhopal,2024-07-31
C10616,Customer 10616,Male,53,Indore,2025-12-23
C10617,Customer 10617,Male,21,Indore,2025-05-28
C10618,Customer 10618,Male,41,Indore,2024-04-03
C10619,Customer 10619,Male,30,Indore,2024-01-17
C10620,Customer 10620,Female,38,Ujjain,2024-08-26
C10621,Customer 10621,Male,50,Indore,2025-06-11
C10622,Customer 10622,Female,37,Indore,2025-10-28
C10623,Customer 10623,Male,22,Indore,2024-06-25
C10624,Customer 10624,Female,41,Indore,2024-05-10
C10625,Customer 10625,Female,52,Indore,2024-10-24
C10626,Customer 10626,Female,47,Indore,2024-03-03
C10627,Customer 10627,Male,45,Indore,2024-05-09
C10628,Customer 10628,Male,62,Indore,2024-12-28
C10629,Customer 10629,Male,24,Indore,2025-09-07
C10630,Customer 10630,Female,59,Indore,2024-09-26
C10631,Customer 10631,Female,52,Ujjain,2024-09-24
C10632,Customer 10632,Female,47,Indore,2025-05-14
C10633,Customer 10633,Male,51,Indore,2025-06-23
C10634,Customer 10634,Female,56,Indore,2025-05-01
C10635,Customer 10635,Male,26,Indore,2024-08-04
C10636,Customer 10636,Female,29,Indore,2024-12-22
C10637,Customer 10637,Male,46,Indore,2025-10-07
C10638,Customer 10638,Female,27,Indore,2024-10-12
C10639,Customer 10639,Male,44,Indore,2025-04-23
C10640,Customer 10640,Male,36,Indore,2025-06-29
C10641,Customer 10641,Female,30,Ujjain,2025-12-23
C10642,Customer 10642,Male,59,Indore,2025-11-28
C10643,Customer 10643,Female,54,Indore,2025-02-15
C10644,Customer 10644,Female,49,Indore,2024-11-26
C10645,Customer 10645,Female,32,Indore,2025-11-23
C10646,Customer 10646,Male,38,Indore,2025-03-24
C10647,Customer 10647,Male,20,Indore,2025-11-27
C10648,Customer 10648,Female,25,Indore,2024-01-27
C10649,Customer 10649,Male,23,Indore,2024-04-21
C10650,Customer 10650,Female,46,Indore,2025-05-06
C10651,Customer 10651,Male,36,Indore,2024-05-16
C10652,Customer 10652,Male,34,Indore,2025-06-21
C10653,Customer 10653,Male,27,Indore,2024-09-18
C10654,Customer 10654,Male,50,Indore,2025-10-08
C10655,Customer 10655,Male,30,Indore,2025-11-19
C10656,Customer 10656,Female,44,Indore,2025-06-05
C10657,Customer 10657,Female,59,Indore,2024-10-25
C10658,Customer 10658,Male,29,Indore,2024-04-19
C10659,Customer 10659,Female,19,Indore,2025-03-08
C10660,Customer 10660,Female,27,Indore,2025-04-23
C10661,Customer 10661,Female,38,Indore,2025-09-15
C10662,Customer 10662,Female,40,Indore,2025-09-04
C10663,Customer 10663,Female,18,Indore,2024-09-23
C10664,Customer 10664,Male,50,Indore,2025-10-29
C10665,Customer 10665,Male,43,Indore,2024-07-31
C10666,Customer 10666,Male,32,Indore,2024-11-04
C10667,Customer 10667,Female,39,Indore,2024-02-23
C10668,Customer 10668,Male,42,Indore,2025-10-26
C10669,Customer 10669,Female,18,Indore,2025-01-29
C10670,Customer 10670,Male,43,Indore,2025-05-26
C10671,Customer 10671,Female,38,Indore,2024-11-20
C10672,Customer 10672,Male,58,Bhopal,2024-04-05
C10673,Customer 10673,Male,41,Indore,2024-06-22
C10674,Customer 10674,Male,56,Indore,2024-12-09
C10675,Customer 10675,Male,33,Indore,2024-07-23
C10676,Customer 10676,Male,49,Indore,2024-02-24
C10677,Customer 10677,Female,33,Indore,2025-12-10
C10678,Customer 10678,Male,30,Indore,2024-08-13
C10679,Customer 10679,Male,59,Indore,2024-11-02
C10680,Customer 10680,Female,49,Indore,2024-10-07
C10681,Customer 10681,Male,58,Indore,2025-09-08
C10682,Customer 10682,Female,61,Indore,2025-11-20
C10683,Customer 10683,Other,41,Bhopal,2024-10-28
C10684,Customer 10684,Male,30,Indore,2024-07-23
C10685,Customer 10685,Male,28,Indore,2024-08-07
C10686,Customer 10686,Male,32,Ujjain,2025-03-03
C10687,Customer 10687,Female,27,Indore,2024-05-20
C10688,Customer 10688,Female,59,Indore,2025-03-30
C10689,Customer 10689,Female,58,Indore,2024-05-24
C10690,Customer 10690,Female,20,Indore,2025-06-09
C10691,Customer 10691,Male,33,Indore,2024-06-06
C10692,Customer 10692,Female,61,Dewas,2024-04-14
C10693,Customer 10693,Female,34,Indore,2024-10-15
C10694,Customer 10694,Female,42,Indore,2025-09-23
C10695,Customer 10695,Female,47,Indore,2025-11-24
C10696,Customer 10696,Female,64,Indore,2024-07-03
C10697,Customer 10697,Male,52,Indore,2024-08-04
C10698,Customer 10698,Male,54,Bhopal,2024-01-31
C10699,Customer 10699,Male,30,Indore,2024-10-05
C10700,Customer 10700,Male,41,Bhopal,2025-04-19
C10701,Customer 10701,Female,55,Indore,2024-08-12
C10702,Customer 10702,Male,43,Indore,2025-11-17
C10703,Customer 10703,Female,26,Indore,2024-06-25
C10704,Customer 10704,Female,36,Indore,2024-03-24
C10705,Customer 10705,Male,45,Indore,2025-07-21
C10706,Customer 10706,Female,24,Indore,2024-04-01
C10707,Customer 10707,Female,62,Indore,2024-01-08
C10708,Customer 10708,Female,39,Indore,2025-10-23
C10709,Customer 10709,Male,47,Bhopal,2025-07-27
C10710,Customer 10710,Male,54,Indore,2024-02-23
C10711,Customer 10711,Male,33,Indore,2024-06-11
C10712,Customer 10712,Male,53,Indore,2025-09-22
C10713,Customer 10713,Female,22,Indore,2025-04-23
C10714,Customer 10714,Female,46,Bhopal,2024-04-17
C10715,Customer 10715,Female,40,Indore,2024-09-27
C10716,Customer 10716,Female,23,Indore,2025-09-17
C10717,Customer 10717,Female,53,Indore,
C10718,Customer 10718,Male,50,Indore,2024-09-17
C10719,Customer 10719,Female,58,Dewas,2025-06-12
C10720,Customer 10720,Male,33,Bhopal,2025-08-26
C10721,Customer 10721,Female,51,Indore,2025-09-20
C10722,Customer 10722,Male,60,Bhopal,2025-01-21
C10723,Customer 10723,Male,43,Indore,2025-02-06
C10724,Customer 10724,Female,54,Indore,2024-12-23
C10725,Customer 10725,Female,30,Indore,2024-08-06
C10726,Customer 10726,Female,34,Indore,2025-04-09
C10727,Customer 10727,Female,49,Indore,2025-02-24
C10728,Customer 10728,Male,49,Indore,2024-05-28
C10729,Customer 10729,Female,45,Indore,2024-12-22
C10730,Customer 10730,Male,46,Indore,2024-02-20
C10731,Customer 10731,Female,42,Dewas,2024-02-23
C10732,Customer 10732,Female,64,Indore,2024-05-18
C10733,Customer 10733,Male,39,Indore,2025-10-31
C10734,Customer 10734,Female,44,Indore,2024-04-22
C10735,Customer 10735,Female,61,Indore,2025-03-02
C10736,Customer 10736,Male,55,Indore,2025-05-12
C10737,Customer 10737,Female,37,Indore,2024-10-18
C10738,Customer 10738,Female,62,Indore,2024-12-11
C10739,Customer 10739,Female,41,Indore,2025-05-25
C10740,Customer 10740,Male,64,Indore,2025-03-16
C10741,Customer 10741,Male,64,Indore,2025-09-23
C10742,Customer 10742,Female,25,Indore,2025-08-25
C10743,Customer 10743,Male,31,Indore,2025-12-22
C10744,Customer 10744,Female,56,Indore,2025-04-25
C10745,Customer 10745,Male,31,Indore,2024-08-15
C10746,Customer 10746,Female,22,Indore,2025-09-01
C10747,Customer 10747,Female,64,Indore,2024-03-30
C10748,Customer 10748,Male,38,Indore,2025-06-19
C10749,Customer 10749,Male,32,Indore,2025-01-30
C10750,Customer 10750,Female,53,Indore,2024-03-15
C10751,Customer 10751,Female,50,Indore,2025-10-22
C10752,Customer 10752,Male,34,Indore,2024-12-01
C10753,Customer 10753,Female,37,Indore,2024-06-12
C10754,Customer 10754,Male,18,Indore,2025-06-02
C10755,Customer 10755,Male,33,Indore,2025-07-18
C10756,Customer 10756,Female,62,Bhopal,2024-06-04
C10757,Customer 10757,Male,35,Indore,2025-05-17
C10758,Customer 10758,Female,27,Indore,2024-11-29
C10759,Customer 10759,Male,40,Indore,2025-05-05
C10760,Customer 10760,Male,35,Indore,2025-08-29
C10761,Customer 10761,Male,26,Indore,2024-11-23
C10762,Customer 10762,Female,63,Indore,2024-01-01
C10763,Customer 10763,Female,47,Indore,2024-12-25
C10764,Customer 10764,Female,30,Bhopal,2025-09-18
C10765,Customer 10765,Male,48,Ujjain,2024-12-02
C10766,Customer 10766,Male,63,Indore,2025-07-06
C10767,Customer 10767,Female,60,Dewas,2024-07-05
C10768,Customer 10768,Male,30,Indore,2024-09-25
C10769,Customer 10769,Female,49,Indore,2025-03-06
C10770,Customer 10770,Male,34,Indore,2025-06-22
C10771,Customer 10771,Female,20,Indore,2024-05-02
C10772,Customer 10772,Male,18,Indore,2025-07-05
C10773,Customer 10773,Female,22,Indore,2024-08-06
C10774,Customer 10774,Male,49,Indore,2025-02-19
C10775,Customer 10775,Male,42,Indore,2024-07-04
C10776,Customer 10776,Male,62,Indore,2025-08-10
C10777,Customer 10777,Male,22,Ujjain,2025-07-17
C10778,Customer 10778,Male,54,Dewas,2024-07-23
C10779,Customer 10779,Female,40,Indore,2024-12-01
C10780,Customer 10780,Female,29,Indore,2025-01-24
C10781,Customer 10781,Female,51,Indore,2024-10-30
C10782,Customer 10782,Female,40,Indore,2025-11-09
C10783,Customer 10783,Female,33,Dewas,2025-05-26
C10784,Customer 10784,Male,22,Indore,2024-08-13
C10785,Customer 10785,Male,61,Indore,2025-05-27
C10786,Customer 10786,Male,64,Indore,2024-01-29
C10787,Customer 10787,Female,45,Indore,2025-08-26
C10788,Customer 10788,Male,23,Indore,2025-09-06
C10789,Customer 10789,Male,30,Indore,2025-05-26
C10790,Customer 10790,Female,60,Indore,2025-09-26
C10791,Customer 10791,Male,47,Indore,2025-09-05
C10792,Customer 10792,Female,43,Indore,2024-12-19
C10793,Customer 10793,Female,34,Indore,2025-12-25
C10794,Customer 10794,Male,26,Indore,2025-04-16
C10795,Customer 10795,Male,33,Indore,2025-11-19
C10796,Customer 10796,Male,35,Indore,2024-11-10
C10797,Customer 10797,Female,30,Indore,2025-07-10
C10798,Customer 10798,Male,46,Indore,2024-10-05
C10799,Customer 10799,Female,60,Indore,2024-10-14
C10800,Customer 10800,Female,62,Indore,2025-01-01
C10801,Customer 10801,Male,41,Indore,2024-11-26
C10802,Customer 10802,Male,62,Indore,2025-01-31
C10803,Customer 10803,Female,61,Bhopal,2025-01-19
C10804,Customer 10804,Male,63,Dewas,2025-07-31
C10805,Customer 10805,Female,30,Ujjain,2025-05-25
C10806,Customer 10806,Male,42,Dewas,2025-07-11
C10807,Customer 10807,Female,58,Indore,2024-01-30
C10808,Customer 10808,Female,63,Dewas,2024-07-15
C10809,Customer 10809,Female,18,Indore,2024-09-19
C10810,Customer 10810,Male,26,Indore,2025-02-11
C10811,Customer 10811,Male,21,Indore,2024-04-04
C10812,Customer 10812,Female,45,Indore,2024-02-12
C10813,Customer 10813,Male,29,Indore,2024-02-05
C10814,Customer 10814,Male,41,Indore,2025-04-02
C10815,Customer 10815,Female,63,Indore,2024-05-08
C10816,Customer 10816,Male,26,Indore,2025-06-02
C10817,Customer 10817,Male,52,Indore,2024-02-13
C10818,Customer 10818,Male,55,Dewas,2024-03-01
C10819,Customer 10819,Female,52,Bhopal,2025-06-21
C10820,Customer 10820,Female,50,Indore,2024-12-28
C10821,Customer 10821,Male,52,Indore,2024-04-30
C10822,Customer 10822,Male,63,Indore,2025-05-11
C10823,Customer 10823,Male,37,Dewas,2024-06-06
C10824,Customer 10824,Female,19,Indore,2024-09-13
C10825,Customer 10825,Male,61,Indore,2025-07-28
C10826,Customer 10826,Female,43,Indore,2024-09-27
C10827,Customer 10827,Male,59,Indore,2024-11-06
C10828,Customer 10828,Other,30,Indore,2024-11-08
C10829,Customer 10829,Male,47,Dewas,2024-04-26
C10830,Customer 10830,Female,49,Indore,2024-12-10
C10831,Customer 10831,Male,53,Dewas,2024-06-26
C10832,Customer 10832,Male,36,Indore,2024-04-26
C10833,Customer 10833,Female,39,Indore,2025-11-06
C10834,Customer 10834,Female,18,Indore,2024-06-13
C10835,Customer 10835,Male,28,Indore,2024-06-22
C10836,Customer 10836,Female,43,Indore,2025-09-22
C10837,Customer 10837,Female,65,Indore,2024-06-03
C10838,Customer 10838,Female,36,Indore,2025-10-20
C10839,Customer 10839,Male,36,Indore,2025-08-17
C10840,Customer 10840,Female,29,Indore,2025-05-24
C10841,Customer 10841,Male,20,Indore,2024-11-05
C10842,Customer 10842,Male,35,Indore,2025-12-25
C10843,Customer 10843,Female,22,Indore,2024-08-21
C10844,Customer 10844,Male,65,Indore,2024-12-16
C10845,Customer 10845,Male,41,Indore,2024-06-10
C10846,Customer 10846,Female,31,Indore,2025-08-13
C10847,Customer 10847,Female,55,Bhopal,2025-11-21
C10848,Customer 10848,Male,20,Indore,2024-10-18
C10849,Customer 10849,Male,23,Indore,2024-05-06
C10850,Customer 10850,Female,29,Indore,2025-11-23
C10851,Customer 10851,Male,28,Indore,2025-08-24
C10852,Customer 10852,Female,56,Indore,2024-04-03
C10853,Customer 10853,Female,43,Indore,2025-03-21
C10854,Customer 10854,Male,18,Indore,2024-03-29
C10855,Customer 10855,Female,33,Dewas,2025-01-22
C10856,Customer 10856,Female,65,Bhopal,2024-09-05
C10857,Customer 10857,Male,64,Indore,2024-06-29
C10858,Customer 10858,Female,26,Bhopal,2024-03-01
C10859,Customer 10859,Female,22,Indore,2024-05-26
C10860,Customer 10860,Female,25,Indore,2025-09-22
C10861,Customer 10861,Female,38,Indore,2025-11-26
C10862,Customer 10862,Male,50,Ujjain,2024-10-07
C10863,Customer 10863,Male,56,Bhopal,2025-07-19
C10864,Customer 10864,Male,60,Indore,2024-04-21
C10865,Customer 10865,Male,37,Indore,2025-11-17
C10866,Customer 10866,Male,62,Bhopal,2024-10-23
C10867,Customer 10867,Female,39,Indore,2025-11-21
C10868,Customer 10868,Female,30,Indore,2025-07-15
C10869,Customer 10869,Female,56,Indore,2024-04-26
C10870,Customer 10870,Female,28,Indore,2024-01-27
C10871,Customer 10871,Female,35,Indore,2025-03-07
C10872,Customer 10872,Male,47,Indore,2024-11-06
C10873,Customer 10873,Female,50,Indore,2025-12-03
C10874,Customer 10874,Male,61,Ujjain,
C10875,Customer 10875,Female,20,Indore,2025-11-05
C10876,Customer 10876,Female,18,Indore,2025-04-06
C10877,Customer 10877,Male,53,Dewas,2024-01-06
C10878,Customer 10878,Female,23,Ujjain,2025-12-03
C10879,Customer 10879,Female,54,Indore,2025-06-13
C10880,Customer 10880,Male,46,Indore,2024-06-07
C10881,Customer 10881,Female,28,Indore,2024-11-03
C10882,Customer 10882,Male,30,Indore,2025-10-17
C10883,Customer 10883,Male,28,Dewas,2024-07-13
C10884,Customer 10884,Female,55,Indore,2025-04-23
C10885,Customer 10885,Female,42,Indore,2024-08-17
C10886,Customer 10886,Female,32,Indore,2025-05-20
C10887,Customer 10887,Female,30,Indore,2025-12-02
C10888,Customer 10888,Male,59,Indore,2024-12-02
C10889,Customer 10889,Female,50,Indore,
C10890,Customer 10890,Female,30,Indore,2024-05-12
C10891,Customer 10891,Female,55,Indore,2025-12-20
C10892,Customer 10892,Male,41,Dewas,2025-10-18
C10893,Customer 10893,Female,37,Indore,2024-06-07
C10894,Customer 10894,Female,61,Indore,2024-09-28
C10895,Customer 10895,Female,34,Indore,2025-06-16
C10896,Customer 10896,Female,41,Indore,2025-11-11
C10897,Customer 10897,Male,43,Indore,2024-10-21
C10898,Customer 10898,Female,57,Indore,2024-11-25
C10899,Customer 10899,Female,49,Indore,2024-10-07
C10900,Customer 10900,Male,46,Indore,2025-03-12
C10901,Customer 10901,Female,31,Indore,2024-03-04
C10902,Customer 10902,Male,54,Indore,2024-12-24
C10903,Customer 10903,Male,39,Indore,2024-08-16
C10904,Customer 10904,Female,51,Indore,2025-09-05
C10905,Customer 10905,Male,44,Indore,2024-09-03
C10906,Customer 10906,Male,45,Indore,2024-04-01
C10907,Customer 10907,Female,39,Indore,2025-10-09
C10908,Customer 10908,Male,60,Indore,2024-01-01
C10909,Customer 10909,Male,20,Bhopal,2024-11-10
C10910,Customer 10910,Male,39,Indore,2024-10-17
C10911,Customer 10911,Male,65,Indore,2024-09-02
C10912,Customer 10912,Female,38,Ujjain,2024-08-27
C10913,Customer 10913,Female,33,Indore,2025-04-25
C10914,Customer 10914,Female,26,Indore,2024-09-28
C10915,Customer 10915,Female,30,Indore,2025-10-15
C10916,Customer 10916,Male,27,Indore,2025-05-31
C10917,Customer 10917,Female,38,Dewas,2024-11-09
C10918,Customer 10918,Female,59,Indore,2025-07-22
C10919,Customer 10919,Female,57,Indore,2024-05-18
C10920,Customer 10920,Female,24,Indore,2025-05-12
C10921,Customer 10921,Female,63,Bhopal,2024-11-22
C10922,Customer 10922,Female,39,Indore,2024-04-30
C10923,Customer 10923,Male,35,Indore,2025-01-26
C10924,Customer 10924,Female,38,Ujjain,2025-04-09
C10925,Customer 10925,Male,31,Indore,2024-06-25
C10926,Customer 10926,Male,27,Indore,2024-12-29
C10927,Customer 10927,Male,50,Dewas,2025-05-12
C10928,Customer 10928,Male,26,Indore,2024-06-09
C10929,Customer 10929,Male,35,Indore,2025-10-25
C10930,Customer 10930,Male,30,Indore,2025-07-03
C10931,Customer 10931,Female,34,Indore,2024-11-30
C10932,Customer 10932,Female,40,Indore,2024-02-19
C10933,Customer 10933,Other,42,Indore,2024-03-29
C10934,Customer 10934,Male,33,Indore,2025-07-29
C10935,Customer 10935,Female,41,Indore,2025-12-21
C10936,Customer 10936,Female,48,Indore,2024-08-12
C10937,Customer 10937,Male,28,Indore,2025-01-20
C10938,Customer 10938,Female,40,Dewas,2024-06-15
C10939,Customer 10939,Female,58,Indore,2025-12-14
C10940,Customer 10940,Male,56,Dewas,2025-10-15
C10941,Customer 10941,Female,39,Indore,2024-12-02
C10942,Customer 10942,Female,50,Indore,2025-08-12
C10943,Customer 10943,Male,58,Indore,2025-03-10
C10944,Customer 10944,Male,59,Ujjain,2025-06-05
C10945,Customer 10945,Male,65,Indore,2024-09-04
C10946,Customer 10946,Male,35,Indore,2024-02-13
C10947,Customer 10947,Female,31,Indore,2025-05-01
C10948,Customer 10948,Female,45,Indore,2025-04-21
C10949,Customer 10949,Male,28,Dewas,2024-04-18
C10950,Customer 10950,Female,41,Indore,2025-11-30
C10951,Customer 10951,Male,53,Indore,2024-03-10
C10952,Customer 10952,Male,36,Bhopal,2025-06-26
C10953,Customer 10953,Male,30,Bhopal,2025-11-28
C10954,Customer 10954,Female,50,Indore,2025-11-13
C10955,Customer 10955,Male,36,Indore,2024-04-18
C10956,Customer 10956,Male,64,Indore,2025-08-31
C10957,Customer 10957,Male,49,Indore,2025-07-03
C10958,Customer 10958,Female,32,Indore,2024-09-20
C10959,Customer 10959,Other,28,Indore,2024-10-16
C10960,Customer 10960,Male,40,Bhopal,2024-05-24
C10961,Customer 10961,Male,22,Indore,2025-06-12
C10962,Customer 10962,Female,39,Indore,2024-04-03
C10963,Customer 10963,Female,59,Indore,2024-12-03
C10964,Customer 10964,Male,35,Indore,2025-07-18
C10965,Customer 10965,Female,24,Indore,2025-09-12
C10966,Customer 10966,Female,50,Indore,2025-07-22
C10967,Customer 10967,Male,20,Indore,2025-10-21
C10968,Customer 10968,Female,45,Indore,2024-03-01
C10969,Customer 10969,Female,18,Indore,2025-06-20
C10970,Customer 10970,Female,64,Indore,2024-03-18
C10971,Customer 10971,Male,54,Indore,2025-06-22
C10972,Customer 10972,Male,39,Indore,2025-03-06
C10973,Customer 10973,Male,65,Indore,2024-04-08
C10974,Customer 10974,Male,61,Indore,2025-06-23
C10975,Customer 10975,Female,36,Indore,2025-10-07
C10976,Customer 10976,Female,31,Indore,2024-11-10
C10977,Customer 10977,Female,20,Indore,2024-08-10
C10978,Customer 10978,Other,36,Indore,2024-07-07
C10979,Customer 10979,Male,50,Indore,2024-10-31
C10980,Customer 10980,Female,38,Indore,2024-12-21
C10981,Customer 10981,Female,18,Indore,2025-04-24
C10982,Customer 10982,Male,43,Indore,2024-02-09
C10983,Customer 10983,Female,27,Indore,2025-04-20
C10984,Customer 10984,Male,52,Dewas,2024-04-23
C10985,Customer 10985,Female,30,Indore,2024-11-21
C10986,Customer 10986,Female,23,Indore,2025-11-09
C10987,Customer 10987,Male,60,Bhopal,2025-09-13
C10988,Customer 10988,Female,23,Indore,2025-06-15
C10989,Customer 10989,Female,52,Indore,2024-08-17
C10990,Customer 10990,Male,33,Ujjain,2025-01-22
C10991,Customer 10991,Male,58,Indore,2024-10-31
C10992,Customer 10992,Male,25,Indore,2024-03-16
C10993,Customer 10993,Female,20,Indore,2024-09-21
C10994,Customer 10994,Female,22,Indore,2024-11-10
C10995,Customer 10995,Female,38,Indore,2025-09-19
C10996,Customer 10996,Female,48,Indore,2025-05-29
C10997,Customer 10997,Female,31,Indore,2025-06-06
C10998,Customer 10998,Male,54,Indore,2024-09-17
C10999,Customer 10999,Female,36,Indore,2025-01-03
C11000,Customer 11000,Male,54,Indore,2025-10-25
C11001,Customer 11001,Male,37,Bhopal,2025-12-10
C11002,Customer 11002,Female,19,Indore,2024-03-22
C11003,Customer 11003,Male,24,Indore,2025-09-28
C11004,Customer 11004,Female,50,Indore,2024-08-17
C11005,Customer 11005,Female,59,Indore,2025-10-07
C11006,Customer 11006,Male,23,Indore,2025-08-20
C11007,Customer 11007,Male,24,Indore,2024-10-24
C11008,Customer 11008,Female,61,Indore,2025-07-08
C11009,Customer 11009,Female,35,Ujjain,2025-12-16
C11010,Customer 11010,Male,60,Indore,2024-10-07
C11011,Customer 11011,Male,46,Indore,2025-04-12
C11012,Customer 11012,Female,36,Dewas,2025-06-13
C11013,Customer 11013,Female,42,Indore,2025-02-11
C11014,Customer 11014,Male,21,Indore,2025-12-03
C11015,Customer 11015,Male,30,Indore,2024-08-10
C11016,Customer 11016,Female,49,Indore,2024-01-15
C11017,Customer 11017,Female,44,Indore,2025-11-24
C11018,Customer 11018,Other,51,Indore,2025-06-29
C11019,Customer 11019,Female,45,Indore,2024-06-28
C11020,Customer 11020,Female,26,Indore,2024-01-02
C11021,Customer 11021,Male,25,Indore,2024-05-30
C11022,Customer 11022,Female,38,Bhopal,2024-04-19
C11023,Customer 11023,Male,63,Bhopal,2024-11-02
C11024,Customer 11024,Female,47,Bhopal,2025-01-31
C11025,Customer 11025,Male,46,Indore,2025-09-09
C11026,Customer 11026,Male,26,Indore,2024-01-14
C11027,Customer 11027,Female,30,Bhopal,2024-09-29
C11028,Customer 11028,Female,35,Bhopal,2025-01-12
C11029,Customer 11029,Male,55,Indore,2025-10-17
C11030,Customer 11030,Female,39,Indore,2024-07-25
C11031,Customer 11031,Male,48,Indore,2025-09-10
C11032,Customer 11032,Male,52,Ujjain,2024-09-03
C11033,Customer 11033,Female,59,Indore,2025-01-21
C11034,Customer 11034,Male,59,Ujjain,2024-03-15
C11035,Customer 11035,Female,27,Indore,2024-02-12
C11036,Customer 11036,Male,26,Indore,2024-05-12
C11037,Customer 11037,Female,48,Indore,2025-03-06
C11038,Customer 11038,Female,61,Indore,2025-03-11
C11039,Customer 11039,Male,57,Indore,2024-02-25
C11040,Customer 11040,Male,41,Indore,2024-07-26
C11041,Customer 11041,Female,58,Indore,
C11042,Customer 11042,Female,25,Indore,2025-04-08
C11043,Customer 11043,Male,37,Indore,2025-04-14
C11044,Customer 11044,Female,34,Indore,2025-08-02
C11045,Customer 11045,Male,45,Indore,2024-09-06
C11046,Customer 11046,Male,23,Indore,2025-08-25
C11047,Customer 11047,Male,59,Bhopal,2025-02-06
C11048,Customer 11048,Male,50,Indore,2024-01-26
C11049,Customer 11049,Female,45,Indore,2025-12-19
C11050,Customer 11050,Female,18,Indore,2024-01-10
C11051,Customer 11051,Female,58,Indore,2025-09-01
C11052,Customer 11052,Female,52,Bhopal,2025-09-05
C11053,Customer 11053,Female,41,Indore,2025-05-11
C11054,Customer 11054,Female,23,Dewas,2025-02-13
C11055,Customer 11055,Female,24,Indore,2024-05-15
C11056,Customer 11056,Female,26,Indore,2024-08-08
C11057,Customer 11057,Female,54,Indore,2025-06-27
C11058,Customer 11058,Male,33,Bhopal,2024-10-03
C11059,Customer 11059,Female,51,Indore,2024-04-05
C11060,Customer 11060,Female,52,Indore,2025-03-14
C11061,Customer 11061,Female,52,Indore,2025-05-22
C11062,Customer 11062,Female,37,Indore,2025-11-18
C11063,Customer 11063,Female,40,Indore,2025-09-06
C11064,Customer 11064,Other,59,Indore,2024-07-05
C11065,Customer 11065,Male,52,Indore,2024-02-06
C11066,Customer 11066,Female,64,Indore,2024-07-28
C11067,Customer 11067,Male,63,Bhopal,2025-02-18
C11068,Customer 11068,Female,40,Indore,2024-05-10
C11069,Customer 11069,Female,21,Indore,2024-04-07
C11070,Customer 11070,Male,27,Indore,2025-03-18
C11071,Customer 11071,Male,60,Indore,2025-06-28
C11072,Customer 11072,Female,28,Indore,2024-02-05
C11073,Customer 11073,Male,57,Indore,2025-05-29
C11074,Customer 11074,Male,26,Indore,2025-10-04
C11075,Customer 11075,Female,57,Indore,2024-08-07
C11076,Customer 11076,Male,29,Bhopal,2024-12-27
C11077,Customer 11077,Male,34,Dewas,2025-11-24
C11078,Customer 11078,Female,49,Indore,2024-01-28
C11079,Customer 11079,Male,40,Indore,2025-06-21
C11080,Customer 11080,Male,32,Indore,2025-10-30
C11081,Customer 11081,Female,45,Dewas,2025-06-05
C11082,Customer 11082,Female,55,Bhopal,2024-04-18
C11083,Customer 11083,Female,22,Dewas,2025-08-30
C11084,Customer 11084,Female,57,Indore,2025-10-19
C11085,Customer 11085,Female,35,Indore,2024-06-29
C11086,Customer 11086,Male,38,Bhopal,2024-07-28
C11087,Customer 11087,Male,32,Dewas,2024-12-07
C11088,Customer 11088,Male,20,Dewas,2025-10-18
C11089,Customer 11089,Male,63,Indore,2024-02-18
C11090,Customer 11090,Female,43,Indore,2025-04-17
C11091,Customer 11091,Female,32,Indore,2025-10-27
C11092,Customer 11092,Male,62,Ujjain,2024-11-24
C11093,Customer 11093,Female,37,Bhopal,2025-07-09
C11094,Customer 11094,Male,38,Indore,2024-08-23
C11095,Customer 11095,Male,43,Indore,2025-03-16
C11096,Customer 11096,Female,58,Indore,2024-04-30
C11097,Customer 11097,Male,40,Indore,2024-09-04
C11098,Customer 11098,Male,42,Indore,2025-06-02
C11099,Customer 11099,Male,21,Indore,2024-01-20
C11100,Customer 11100,Male,27,Indore,2025-11-26
C11101,Customer 11101,Female,39,Indore,2025-05-17
C11102,Customer 11102,Female,20,Indore,2024-12-29
C11103,Customer 11103,Male,36,Indore,2025-05-03
C11104,Customer 11104,Male,48,Indore,2024-07-18
C11105,Customer 11105,Female,26,Indore,2025-02-06
C11106,Customer 11106,Female,46,Indore,2024-09-01
C11107,Customer 11107,Male,54,Ujjain,2025-04-27
C11108,Customer 11108,Male,63,Indore,2025-07-29
C11109,Customer 11109,Female,24,Indore,2025-10-26
C11110,Customer 11110,Female,55,Indore,2024-01-17
C11111,Customer 11111,Male,41,Indore,2024-02-08
C11112,Customer 11112,Female,25,Indore,2025-10-26
C11113,Customer 11113,Male,51,Indore,2024-10-21
C11114,Customer 11114,Female,43,Indore,2024-02-08
C11115,Customer 11115,Female,45,Indore,2024-07-05
C11116,Customer 11116,Female,45,Indore,2024-11-04
C11117,Customer 11117,Male,63,Indore,2024-12-27
C11118,Customer 11118,Male,24,Indore,
C11119,Customer 11119,Male,20,Indore,2025-10-30
C11120,Customer 11120,Female,39,Indore,2024-08-18
C11121,Customer 11121,Male,55,Ujjain,2025-12-06
C11122,Customer 11122,Male,63,Indore,2024-09-06
C11123,Customer 11123,Male,61,Indore,2024-01-02
C11124,Customer 11124,Female,35,Indore,2025-04-19
C11125,Customer 11125,Male,29,Indore,2025-10-14
C11126,Customer 11126,Male,48,Dewas,2024-06-30
C11127,Customer 11127,Male,56,Bhopal,2024-01-02
C11128,Customer 11128,Female,22,Indore,2024-06-18
C11129,Customer 11129,Female,61,Indore,2024-09-26
C11130,Customer 11130,Female,58,Indore,2024-11-02
C11131,Customer 11131,Female,46,Indore,2024-02-18
C11132,Customer 11132,Female,60,Indore,2025-02-25
C11133,Customer 11133,Male,53,Bhopal,2024-10-11
C11134,Customer 11134,Female,31,Indore,2025-01-14
C11135,Customer 11135,Male,61,Indore,2025-05-18
C11136,Customer 11136,Male,35,Indore,2025-07-09
C11137,Customer 11137,Female,24,Dewas,2025-07-25
C11138,Customer 11138,Male,40,Indore,2024-07-17
C11139,Customer 11139,Male,50,Indore,2024-04-18
C11140,Customer 11140,Male,62,Bhopal,2024-03-05
C11141,Customer 11141,Female,33,Bhopal,2025-11-15
C11142,Customer 11142,Male,54,Indore,2024-12-18
C11143,Customer 11143,Female,42,Indore,2024-04-07
C11144,Customer 11144,Female,26,Indore,2024-05-08
C11145,Customer 11145,Female,45,Indore,2024-09-24
C11146,Customer 11146,Male,26,Indore,2025-02-12
C11147,Customer 11147,Female,29,Indore,2024-03-27
C11148,Customer 11148,Male,35,Bhopal,2025-08-23
C11149,Customer 11149,Male,44,Dewas,2025-01-28
C11150,Customer 11150,Male,43,Indore,2025-03-25
C11151,Customer 11151,Female,43,Indore,2025-04-15
C11152,Customer 11152,Male,27,Dewas,2025-10-03
C11153,Customer 11153,Male,34,Indore,2025-10-05
C11154,Customer 11154,Male,49,Indore,2024-04-19
C11155,Customer 11155,Male,41,Indore,2024-10-20
C11156,Customer 11156,Female,60,Indore,2024-08-02
C11157,Customer 11157,Female,65,Bhopal,2024-11-07
C11158,Customer 11158,Female,25,Dewas,2024-07-22
C11159,Customer 11159,Male,47,Bhopal,2025-03-03
C11160,Customer 11160,Male,43,Indore,2025-06-19
C11161,Customer 11161,Female,41,Dewas,2024-04-02
C11162,Customer 11162,Male,44,Indore,2025-11-11
C11163,Customer 11163,Female,32,Indore,2024-01-28
C11164,Customer 11164,Male,45,Indore,2024-11-13
C11165,Customer 11165,Female,28,Bhopal,2025-02-02
C11166,Customer 11166,Male,56,Indore,2025-12-02
C11167,Customer 11167,Male,19,Indore,2024-09-22
C11168,Customer 11168,Female,26,Bhopal,2024-10-11
C11169,Customer 11169,Female,62,Indore,2024-03-03
C11170,Customer 11170,Male,40,Indore,2025-08-21
C11171,Customer 11171,Female,50,Indore,
C11172,Customer 11172,Female,36,Indore,2025-10-28
C11173,Customer 11173,Male,30,Indore,2024-01-20
C11174,Customer 11174,Male,31,Indore,2024-12-13
C11175,Customer 11175,Male,49,Bhopal,2024-02-19
C11176,Customer 11176,Male,39,Indore,2024-07-07
C11177,Customer 11177,Female,37,Indore,2024-03-07
C11178,Customer 11178,Male,50,Indore,2024-12-30
C11179,Customer 11179,Male,22,Indore,2024-07-20
C11180,Customer 11180,Male,37,Indore,2024-04-08
C11181,Customer 11181,Female,31,Dewas,2025-10-22
C11182,Customer 11182,Male,44,Indore,2024-06-08
C11183,Customer 11183,Male,43,Indore,2025-11-08
C11184,Customer 11184,Male,49,Indore,2024-01-28
C11185,Customer 11185,Female,47,Indore,2025-04-10
C11186,Customer 11186,Male,44,Indore,2025-11-30
C11187,Customer 11187,Female,43,Indore,2024-07-16
C11188,Customer 11188,Male,35,Indore,2024-07-27
C11189,Customer 11189,Male,62,Indore,2025-03-12
C11190,Customer 11190,Female,40,Indore,2024-09-22
C11191,Customer 11191,Male,61,Indore,2025-05-05
C11192,Customer 11192,Female,64,Indore,2025-02-12
C11193,Customer 11193,Female,41,Indore,2024-09-13
C11194,Customer 11194,Female,21,Indore,2024-12-01
C11195,Customer 11195,Female,58,Indore,2024-08-20
C11196,Customer 11196,Male,20,Indore,2025-12-16
C11197,Customer 11197,Male,60,Indore,2024-03-13
C11198,Customer 11198,Female,47,Indore,2024-01-13
C11199,Customer 11199,Female,64,Dewas,2025-08-05
C11200,Customer 11200,Female,33,Indore,2025-05-19
C11201,Customer 11201,Male,24,Indore,2024-01-01
C11202,Customer 11202,Male,56,Indore,2024-06-07
C11203,Customer 11203,Female,39,Indore,2025-05-23
C11204,Customer 11204,Male,58,Indore,2025-04-27
C11205,Customer 11205,Male,48,Indore,2024-08-03
C11206,Customer 11206,Male,30,Indore,2024-07-13
C11207,Customer 11207,Female,58,Indore,2024-11-07
C11208,Customer 11208,Male,58,Indore,2025-02-06
C11209,Customer 11209,Female,46,Indore,2024-01-04
C11210,Customer 11210,Male,45,Ujjain,2025-06-25
C11211,Customer 11211,Female,61,Ujjain,2024-04-15
C11212,Customer 11212,Female,36,Indore,2024-05-01
C11213,Customer 11213,Male,40,Indore,2025-12-08
C11214,Customer 11214,Female,64,Indore,2025-12-15
C11215,Customer 11215,Male,25,Indore,2024-09-23
C11216,Customer 11216,Male,42,Indore,2024-08-28
C11217,Customer 11217,Female,55,Indore,2024-02-22
C11218,Customer 11218,Male,55,Indore,2024-05-03
C11219,Customer 11219,Male,52,Indore,2024-03-28
C11220,Customer 11220,Male,43,Indore,2024-11-05
C11221,Customer 11221,Male,20,Ujjain,2025-07-10
C11222,Customer 11222,Female,19,Dewas,2025-07-29
C11223,Customer 11223,Male,22,Indore,
C11224,Customer 11224,Female,37,Indore,2024-01-13
C11225,Customer 11225,Female,29,Indore,2024-07-27
C11226,Customer 11226,Male,55,Indore,2025-03-10
C11227,Customer 11227,Male,33,Indore,2024-02-21
C11228,Customer 11228,Female,54,Indore,2024-04-16
C11229,Customer 11229,Male,55,Indore,2025-06-04
C11230,Customer 11230,Male,53,Bhopal,2025-09-15
C11231,Customer 11231,Male,63,Indore,2024-04-29
C11232,Customer 11232,Female,46,Indore,2024-03-07
C11233,Customer 11233,Female,52,Indore,2024-03-22
C11234,Customer 11234,Male,54,Indore,2025-12-14
C11235,Customer 11235,Male,38,Indore,2025-11-27
C11236,Customer 11236,Female,38,Indore,2025-10-30
C11237,Customer 11237,Female,45,Indore,2025-09-19
C11238,Customer 11238,Female,23,Dewas,2024-04-23
C11239,Customer 11239,Female,37,Indore,2025-10-06
C11240,Customer 11240,Male,53,Indore,2025-09-14
C11241,Customer 11241,Female,30,Indore,2025-03-29
C11242,Customer 11242,Male,57,Indore,2024-08-19
C11243,Customer 11243,Male,28,Indore,2025-07-24
C11244,Customer 11244,Female,41,Indore,2025-07-15
C11245,Customer 11245,Male,36,Indore,2024-11-11
C11246,Customer 11246,Other,40,Ujjain,2025-04-19
C11247,Customer 11247,Male,48,Indore,2025-01-05
C11248,Customer 11248,Female,54,Indore,2025-09-06
C11249,Customer 11249,Female,54,Indore,2025-10-25
C11250,Customer 11250,Male,20,Indore,2025-06-16
C11251,Customer 11251,Female,51,Indore,2024-09-14
C11252,Customer 11252,Male,46,Indore,2025-12-23
C11253,Customer 11253,Female,20,Indore,2025-03-04
C11254,Customer 11254,Male,32,Indore,2025-05-14
C11255,Customer 11255,Female,24,Indore,2025-08-16
C11256,Customer 11256,Male,20,Indore,2024-01-10
C11257,Customer 11257,Male,64,Indore,2025-11-07
C11258,Customer 11258,Male,60,Indore,2025-10-24
C11259,Customer 11259,Male,33,Indore,2025-11-15
C11260,Customer 11260,Female,62,Indore,2025-02-28
C11261,Customer 11261,Female,51,Bhopal,2025-07-30
C11262,Customer 11262,Female,37,Indore,2025-05-26
C11263,Customer 11263,Male,61,Dewas,2024-11-12
C11264,Customer 11264,Male,56,Indore,2025-09-21
C11265,Customer 11265,Male,50,Indore,2024-05-13
C11266,Customer 11266,Female,31,Indore,2024-01-18
C11267,Customer 11267,Other,59,Indore,2024-12-12
C11268,Customer 11268,Male,52,Indore,2025-01-02
C11269,Customer 11269,Male,28,Indore,2024-06-16
C11270,Customer 11270,Male,37,Indore,2024-01-17
C11271,Customer 11271,Female,47,Indore,2025-06-05
C11272,Customer 11272,Female,45,Indore,2025-05-21
C11273,Customer 11273,Female,32,Indore,2025-04-18
C11274,Customer 11274,Male,55,Indore,2025-06-26
C11275,Customer 11275,Female,30,Indore,2025-12-27
C11276,Customer 11276,Female,64,Indore,2024-11-01
C11277,Customer 11277,Male,52,Indore,2025-01-13
C11278,Customer 11278,Female,64,Indore,2024-12-05
C11279,Customer 11279,Male,41,Indore,2024-05-30
C11280,Customer 11280,Male,18,Indore,2024-02-14
C11281,Customer 11281,Female,59,Indore,2024-07-25
C11282,Customer 11282,Male,41,Indore,2025-02-25
C11283,Customer 11283,Female,44,Indore,2024-05-18
C11284,Customer 11284,Female,35,Indore,2025-01-26
C11285,Customer 11285,Male,43,Indore,2025-01-18
C11286,Customer 11286,Female,46,Dewas,2025-12-26
C11287,Customer 11287,Female,25,Bhopal,2025-11-04
C11288,Customer 11288,Male,61,Indore,2025-03-24
C11289,Customer 11289,Male,43,Indore,2024-07-21
C11290,Customer 11290,Male,22,Indore,2024-01-10
C11291,Customer 11291,Male,50,Indore,2024-12-15
C11292,Customer 11292,Male,57,Indore,2024-03-16
C11293,Customer 11293,Male,22,Indore,2024-08-04
C11294,Customer 11294,Male,64,Indore,2024-10-18
C11295,Customer 11295,Female,53,Indore,2024-01-04
C11296,Customer 11296,Male,30,Ujjain,2025-01-12
C11297,Customer 11297,Female,34,Indore,2025-10-22
C11298,Customer 11298,Female,30,Indore,2025-12-01
C11299,Customer 11299,Female,42,Indore,2025-08-28
C11300,Customer 11300,Male,19,Indore,2024-02-07
C11301,Customer 11301,Female,41,Indore,2025-08-10
C11302,Customer 11302,Female,53,Indore,2024-10-21
C11303,Customer 11303,Female,42,Bhopal,2024-03-29
C11304,Customer 11304,Male,51,Indore,2024-10-01
C11305,Customer 11305,Male,29,Indore,2025-05-28
C11306,Customer 11306,Female,36,Dewas,2024-05-29
C11307,Customer 11307,Male,59,Indore,2025-08-28
C11308,Customer 11308,Male,47,Indore,2024-11-08
C11309,Customer 11309,Male,54,Indore,2024-04-09
C11310,Customer 11310,Female,60,Indore,2024-09-15
C11311,Customer 11311,Female,18,Indore,2024-10-05
C11312,Customer 11312,Male,20,Indore,2024-01-04
C11313,Customer 11313,Female,43,Indore,2025-02-15
C11314,Customer 11314,Female,32,Indore,2025-08-12
C11315,Customer 11315,Male,63,Indore,2025-12-10
C11316,Customer 11316,Female,64,Indore,2024-11-21
C11317,Customer 11317,Female,65,Ujjain,2025-11-07
C11318,Customer 11318,Female,45,Indore,2025-06-02
C11319,Customer 11319,Male,21,Indore,2024-01-01
C11320,Customer 11320,Female,36,Indore,2025-08-22
C11321,Customer 11321,Male,41,Dewas,2025-02-21
C11322,Customer 11322,Male,57,Indore,2024-06-28
C11323,Customer 11323,Male,23,Indore,2024-01-10
C11324,Customer 11324,Female,33,Indore,2025-01-09
C11325,Customer 11325,Female,49,Indore,2025-10-07
C11326,Customer 11326,Male,47,Indore,2025-03-27
C11327,Customer 11327,Male,52,Indore,2024-04-19
C11328,Customer 11328,Female,25,Bhopal,2024-05-04
C11329,Customer 11329,Male,22,Dewas,2025-03-07
C11330,Customer 11330,Female,54,Indore,2025-12-19
C11331,Customer 11331,Male,29,Ujjain,2024-10-27
C11332,Customer 11332,Male,42,Indore,2025-10-13
C11333,Customer 11333,Other,50,Indore,2024-04-12
C11334,Customer 11334,Male,56,Dewas,2025-09-14
C11335,Customer 11335,Male,41,Indore,2024-03-10
C11336,Customer 11336,Male,28,Indore,2024-04-19
C11337,Customer 11337,Female,59,Bhopal,2024-08-11
C11338,Customer 11338,Female,52,Indore,2024-08-11
C11339,Customer 11339,Male,57,Indore,2025-09-22
C11340,Customer 11340,Male,18,Indore,2024-08-01
C11341,Customer 11341,Female,25,Indore,2025-07-01
C11342,Customer 11342,Male,40,Dewas,2024-12-08
C11343,Customer 11343,Female,37,Indore,2024-12-22
C11344,Customer 11344,Male,49,Bhopal,2025-03-14
C11345,Customer 11345,Male,28,Ujjain,2024-09-12
C11346,Customer 11346,Female,24,Indore,2025-10-28
C11347,Customer 11347,Male,47,Indore,2025-04-26
C11348,Customer 11348,Female,65,Indore,2025-02-07
C11349,Customer 11349,Male,56,Indore,2024-02-11
C11350,Customer 11350,Male,30,Indore,2025-01-22
C11351,Customer 11351,Other,59,Ujjain,2024-01-29
C11352,Customer 11352,Male,20,Indore,2025-11-25
C11353,Customer 11353,Female,24,Dewas,2024-07-21
C11354,Customer 11354,Male,60,Indore,2025-07-14
C11355,Customer 11355,Female,30,Indore,2024-11-22
C11356,Customer 11356,Female,54,Indore,2024-02-23
C11357,Customer 11357,Male,42,Indore,2025-05-04
C11358,Customer 11358,Female,40,Ujjain,2025-02-20
C11359,Customer 11359,Female,64,Indore,2024-12-25
C11360,Customer 11360,Male,50,Indore,2025-07-02
C11361,Customer 11361,Female,22,Indore,2024-07-23
C11362,Customer 11362,Female,49,Indore,2024-10-06
C11363,Customer 11363,Male,47,Indore,2024-02-24
C11364,Customer 11364,Male,48,Indore,2024-08-10
C11365,Customer 11365,Male,30,Indore,2024-04-17
C11366,Customer 11366,Male,59,Indore,2025-12-18
C11367,Customer 11367,Female,22,Indore,2025-11-14
C11368,Customer 11368,Male,40,Dewas,2025-08-24
C11369,Customer 11369,Female,18,Indore,2025-05-23
C11370,Customer 11370,Male,27,Indore,2024-01-06
C11371,Customer 11371,Male,44,Indore,2025-05-21
C11372,Customer 11372,Female,25,Indore,2024-06-19
C11373,Customer 11373,Female,20,Indore,2024-09-24
C11374,Customer 11374,Female,36,Indore,2024-07-11
C11375,Customer 11375,Male,19,Ujjain,2024-06-28
C11376,Customer 11376,Male,48,Indore,2024-03-10
C11377,Customer 11377,Male,65,Indore,2024-01-30
C11378,Customer 11378,Other,27,Indore,2024-04-28
C11379,Customer 11379,Male,33,Indore,2025-12-17
C11380,Customer 11380,Female,54,Ujjain,2025-05-24
C11381,Customer 11381,Female,37,Indore,2025-04-04
C11382,Customer 11382,Male,20,Indore,2025-09-29
C11383,Customer 11383,Female,52,Indore,2025-04-02
C11384,Customer 11384,Female,51,Dewas,2025-07-20
C11385,Customer 11385,Female,38,Indore,2024-02-08
C11386,Customer 11386,Male,53,Indore,2024-09-18
C11387,Customer 11387,Male,49,Indore,2024-07-02
C11388,Customer 11388,Male,35,Indore,2025-06-03
C11389,Customer 11389,Male,51,Indore,2025-06-11
C11390,Customer 11390,Female,55,Indore,2025-01-20
C11391,Customer 11391,Female,20,Indore,2025-07-29
C11392,Customer 11392,Male,20,Indore,2024-09-09
C11393,Customer 11393,Female,44,Indore,2024-01-11
C11394,Customer 11394,Female,19,Indore,2025-08-22
C11395,Customer 11395,Male,20,Indore,2024-07-29
C11396,Customer 11396,Male,34,Indore,2025-05-30
C11397,Customer 11397,Female,63,Indore,2025-10-04
C11398,Customer 11398,Female,56,Indore,2024-12-25
C11399,Customer 11399,Female,55,Bhopal,2024-03-08
C11400,Customer 11400,Male,57,Indore,2025-03-02
C11401,Customer 11401,Male,36,Indore,2024-01-09
C11402,Customer 11402,Male,36,Indore,2025-06-20
C11403,Customer 11403,Female,61,Indore,2025-07-30
C11404,Customer 11404,Female,22,Indore,2025-09-07
C11405,Customer 11405,Male,22,Indore,2024-03-06
C11406,Customer 11406,Female,31,Indore,2025-11-25
C11407,Customer 11407,Female,44,Indore,2024-06-21
C11408,Customer 11408,Female,65,Ujjain,2024-01-22
C11409,Customer 11409,Female,53,Indore,2024-02-11
C11410,Customer 11410,Male,57,Indore,2024-07-22
C11411,Customer 11411,Female,52,Indore,2024-06-03
C11412,Customer 11412,Male,38,Indore,2025-06-06
C11413,Customer 11413,Male,22,Ujjain,2025-04-06
C11414,Customer 11414,Female,41,Indore,2024-03-18
C11415,Customer 11415,Female,56,Indore,2024-04-13
C11416,Customer 11416,Female,41,Indore,2024-10-04
C11417,Customer 11417,Female,57,Dewas,2025-10-10
C11418,Customer 11418,Female,60,Bhopal,2025-12-19
C11419,Customer 11419,Female,63,Indore,2024-02-26
C11420,Customer 11420,Male,30,Indore,2024-12-04
C11421,Customer 11421,Female,55,Indore,2024-09-30
C11422,Customer 11422,Male,62,Indore,2025-11-10
C11423,Customer 11423,Male,18,Indore,2025-11-15
C11424,Customer 11424,Male,60,Indore,2025-03-08
C11425,Customer 11425,Female,56,Bhopal,2025-09-01
C11426,Customer 11426,Female,27,Indore,2025-01-25
C11427,Customer 11427,Female,19,Indore,2024-12-07
C11428,Customer 11428,Female,33,Dewas,2024-09-16
C11429,Customer 11429,Male,54,Dewas,2025-11-15
C11430,Customer 11430,Female,33,Indore,2024-06-22
C11431,Customer 11431,Female,40,Ujjain,2025-12-24
C11432,Customer 11432,Female,43,Indore,2024-07-13
C11433,Customer 11433,Female,33,Indore,2025-03-16
C11434,Customer 11434,Female,44,Indore,2024-09-28
C11435,Customer 11435,Female,64,Indore,2024-11-02
C11436,Customer 11436,Female,58,Indore,2024-11-03
C11437,Customer 11437,Male,47,Bhopal,2025-10-10
C11438,Customer 11438,Female,50,Indore,2025-08-17
C11439,Customer 11439,Male,49,Indore,2025-07-09
C11440,Customer 11440,Male,26,Indore,2024-07-25
C11441,Customer 11441,Female,28,Indore,2024-04-26
C11442,Customer 11442,Male,54,Indore,2024-01-05
C11443,Customer 11443,Female,23,Indore,2025-05-13
C11444,Customer 11444,Male,47,Indore,2025-09-17
C11445,Customer 11445,Male,57,Indore,2024-10-27
C11446,Customer 11446,Male,32,Indore,2025-02-28
C11447,Customer 11447,Male,65,Dewas,2024-03-30
C11448,Customer 11448,Female,47,Indore,2024-01-28
C11449,Customer 11449,Male,35,Indore,2025-06-27
C11450,Customer 11450,Male,29,Bhopal,2024-08-04
C11451,Customer 11451,Male,21,Bhopal,2024-03-11
C11452,Customer 11452,Male,33,Indore,2024-01-30
C11453,Customer 11453,Female,40,Indore,2024-09-12
C11454,Customer 11454,Male,28,Indore,2025-11-01
C11455,Customer 11455,Female,41,Indore,2025-01-30
C11456,Customer 11456,Female,39,Indore,2025-06-04
C11457,Customer 11457,Female,56,Indore,2024-11-18
C11458,Customer 11458,Female,32,Indore,2025-01-04
C11459,Customer 11459,Male,32,Indore,2024-06-04
C11460,Customer 11460,Male,27,Ujjain,2024-08-01
C11461,Customer 11461,Female,45,Indore,2025-10-27
C11462,Customer 11462,Female,53,Indore,2024-03-23
C11463,Customer 11463,Female,34,Indore,2025-02-08
C11464,Customer 11464,Female,53,Bhopal,2025-09-04
C11465,Customer 11465,Male,39,Bhopal,2024-01-10
C11466,Customer 11466,Male,40,Indore,2024-10-06
C11467,Customer 11467,Female,46,Indore,2024-10-07
C11468,Customer 11468,Female,39,Indore,2025-11-22
C11469,Customer 11469,Male,28,Indore,2024-03-30
C11470,Customer 11470,Female,53,Indore,2024-05-08
C11471,Customer 11471,Male,61,Indore,2024-11-04
C11472,Customer 11472,Male,46,Indore,2025-04-29
C11473,Customer 11473,Female,59,Indore,2024-04-16
C11474,Customer 11474,Female,49,Indore,2025-05-19
C11475,Customer 11475,Female,31,Indore,2024-10-09
C11476,Customer 11476,Male,35,Indore,2024-04-16
C11477,Customer 11477,Male,55,Dewas,2024-06-03
C11478,Customer 11478,Female,54,Indore,2024-08-19
C11479,Customer 11479,Male,51,Indore,2025-03-24
C11480,Customer 11480,Female,62,Indore,2025-01-14
C11481,Customer 11481,Female,40,Indore,2024-11-28
C11482,Customer 11482,Female,49,Indore,2025-08-18
C11483,Customer 11483,Male,63,Indore,2024-03-16
C11484,Customer 11484,Female,20,Indore,2024-09-17
C11485,Customer 11485,Male,60,Indore,2024-12-02
C11486,Customer 11486,Male,39,Bhopal,2024-08-17
C11487,Customer 11487,Male,40,Bhopal,2024-08-08
C11488,Customer 11488,Male,21,Ujjain,2025-11-23
C11489,Customer 11489,Female,30,Ujjain,2025-02-01
C11490,Customer 11490,Male,49,Indore,2025-12-14
C11491,Customer 11491,Male,46,Indore,2025-02-15
C11492,Customer 11492,Female,57,Ujjain,2025-09-21
C11493,Customer 11493,Male,57,Indore,2025-09-20
C11494,Customer 11494,Female,62,Indore,2025-02-04
C11495,Customer 11495,Male,27,Indore,2025-12-09
C11496,Customer 11496,Male,30,Indore,2025-12-06
C11497,Customer 11497,Female,62,Indore,2025-05-12
C11498,Customer 11498,Male,34,Indore,2025-09-07
C11499,Customer 11499,Female,55,Indore,2024-06-22
C11500,Customer 11500,Male,19,Indore,2024-10-27
C11501,Customer 11501,Male,34,Bhopal,2024-04-12
C11502,Customer 11502,Male,61,Indore,2025-06-04
C11503,Customer 11503,Male,43,Indore,2024-06-12
C11504,Customer 11504,Male,55,Indore,2024-01-05
C11505,Customer 11505,Female,54,Indore,2025-08-23
C11506,Customer 11506,Male,22,Indore,2024-06-26
C11507,Customer 11507,Male,42,Bhopal,2024-01-27
C11508,Customer 11508,Male,26,Indore,2025-11-17
C11509,Customer 11509,Female,45,Indore,2024-06-09
C11510,Customer 11510,Female,39,Indore,2024-04-24
C11511,Customer 11511,Female,46,Indore,2025-01-12
C11512,Customer 11512,Female,52,Indore,2024-04-06
C11513,Customer 11513,Male,37,Indore,2025-11-08
C11514,Customer 11514,Male,22,Indore,2024-05-15
C11515,Customer 11515,Female,56,Indore,2025-01-22
C11516,Customer 11516,Female,61,Indore,2024-06-12
C11517,Customer 11517,Male,49,Indore,2025-02-18
C11518,Customer 11518,Male,56,Indore,2025-12-14
C11519,Customer 11519,Other,27,Indore,2025-11-11
C11520,Customer 11520,Female,57,Ujjain,2024-05-15
C11521,Customer 11521,Male,34,Indore,2024-06-06
C11522,Customer 11522,Female,54,Indore,2025-02-01
C11523,Customer 11523,Male,32,Indore,2024-12-31
C11524,Customer 11524,Male,26,Indore,2024-10-28
C11525,Customer 11525,Male,49,Indore,2024-12-14
C11526,Customer 11526,Male,40,Indore,2025-01-28
C11527,Customer 11527,Male,28,Indore,2024-11-19
C11528,Customer 11528,Female,30,Indore,2024-02-19
C11529,Customer 11529,Male,35,Indore,2024-11-19
C11530,Customer 11530,Female,26,Indore,2025-05-28
C11531,Customer 11531,Male,59,Indore,2025-04-07
C11532,Customer 11532,Male,22,Indore,2024-03-15
C11533,Customer 11533,Female,60,Indore,2025-05-15
C11534,Customer 11534,Female,39,Indore,2025-12-27
C11535,Customer 11535,Female,49,Indore,2024-07-06
C11536,Customer 11536,Other,64,Ujjain,2024-05-08
C11537,Customer 11537,Male,19,Indore,2025-05-07
C11538,Customer 11538,Male,38,Indore,2024-04-06
C11539,Customer 11539,Female,45,Indore,2024-12-30
C11540,Customer 11540,Other,41,Dewas,2025-05-15
C11541,Customer 11541,Female,41,Indore,2024-06-13
C11542,Customer 11542,Female,31,Indore,2024-06-25
C11543,Customer 11543,Female,54,Indore,2025-09-20
C11544,Customer 11544,Male,44,Dewas,2025-12-22
C11545,Customer 11545,Female,41,Indore,2024-09-29
C11546,Customer 11546,Female,23,Indore,2024-11-22
C11547,Customer 11547,Female,43,Dewas,2025-02-02
C11548,Customer 11548,Male,32,Indore,2025-07-16
C11549,Customer 11549,Male,46,Indore,2025-02-14
C11550,Customer 11550,Male,53,Indore,2024-03-04
C11551,Customer 11551,Male,27,Indore,2025-03-22
C11552,Customer 11552,Female,45,Indore,2024-12-06
C11553,Customer 11553,Male,26,Indore,2024-08-16
C11554,Customer 11554,Male,38,Indore,2025-05-19
C11555,Customer 11555,Male,27,Indore,2025-09-20
C11556,Customer 11556,Female,21,Indore,2024-09-06
C11557,Customer 11557,Female,21,Indore,2024-03-10
C11558,Customer 11558,Male,23,Indore,2025-05-26
C11559,Customer 11559,Male,43,Indore,2024-12-10
C11560,Customer 11560,Male,57,Indore,2025-06-30
C11561,Customer 11561,Female,33,Indore,2024-09-29
C11562,Customer 11562,Male,25,Indore,2025-07-09
C11563,Customer 11563,Female,45,Indore,2024-12-10
C11564,Customer 11564,Male,33,Indore,2025-04-04
C11565,Customer 11565,Male,55,Indore,2024-04-16
C11566,Customer 11566,Female,18,Indore,2025-05-02
C11567,Customer 11567,Male,36,Bhopal,2024-02-13
C11568,Customer 11568,Female,34,Dewas,2025-05-16
C11569,Customer 11569,Male,45,Indore,2025-02-28
C11570,Customer 11570,Female,61,Indore,2024-02-18
C11571,Customer 11571,Female,29,Indore,2024-02-29
C11572,Customer 11572,Female,23,Indore,2024-09-14
C11573,Customer 11573,Male,24,Bhopal,2025-07-30
C11574,Customer 11574,Male,25,Indore,2024-04-23
C11575,Customer 11575,Male,20,Indore,2024-12-14
C11576,Customer 11576,Female,38,Indore,2025-02-01
C11577,Customer 11577,Female,25,Indore,2025-11-04
C11578,Customer 11578,Male,45,Indore,2025-04-14
C11579,Customer 11579,Male,47,Indore,2025-11-06
C11580,Customer 11580,Male,49,Indore,2024-01-15
C11581,Customer 11581,Male,28,Indore,2025-07-02
C11582,Customer 11582,Male,37,Bhopal,2024-05-17
C11583,Customer 11583,Male,33,Indore,2024-09-21
C11584,Customer 11584,Female,42,Indore,2025-07-11
C11585,Customer 11585,Female,62,Indore,2025-09-09
C11586,Customer 11586,Other,26,Indore,2024-03-21
C11587,Customer 11587,Male,56,Dewas,2024-10-29
C11588,Customer 11588,Female,57,Indore,2024-09-30
C11589,Customer 11589,Female,57,Indore,2024-04-22
C11590,Customer 11590,Male,20,Indore,2025-02-12
C11591,Customer 11591,Female,33,Indore,2025-12-20
C11592,Customer 11592,Male,29,Indore,2024-12-30
C11593,Customer 11593,Male,32,Indore,2024-08-28
C11594,Customer 11594,Male,21,Indore,2024-03-29
C11595,Customer 11595,Male,40,Indore,2025-11-25
C11596,Customer 11596,Female,44,Indore,2024-09-28
C11597,Customer 11597,Male,56,Indore,2024-09-11
C11598,Customer 11598,Male,60,Indore,2025-05-03
C11599,Customer 11599,Male,54,Indore,2024-09-01
C11600,Customer 11600,Female,30,Indore,2024-04-08
C11601,Customer 11601,Male,60,Indore,2025-07-24
C11602,Customer 11602,Female,54,Indore,2024-03-13
C11603,Customer 11603,Female,57,Indore,2025-09-15
C11604,Customer 11604,Male,38,Indore,2025-11-07
C11605,Customer 11605,Male,46,Indore,2024-10-14
C11606,Customer 11606,Female,46,Indore,2024-07-29
C11607,Customer 11607,Male,28,Bhopal,2025-06-17
C11608,Customer 11608,Male,45,Indore,2024-03-23
C11609,Customer 11609,Female,27,Indore,2024-08-29
C11610,Customer 11610,Male,22,Indore,2024-01-12
C11611,Customer 11611,Male,42,Indore,2025-05-31
C11612,Customer 11612,Male,50,Indore,2024-04-25
C11613,Customer 11613,Male,34,Indore,2024-12-12
C11614,Customer 11614,Female,50,Indore,2024-01-20
C11615,Customer 11615,Female,42,Indore,2025-12-01
C11616,Customer 11616,Female,50,Indore,2024-05-15
C11617,Customer 11617,Female,26,Bhopal,2025-03-21
C11618,Customer 11618,Male,44,Indore,2025-03-13
C11619,Customer 11619,Male,42,Ujjain,2025-07-23
C11620,Customer 11620,Male,21,Dewas,2024-06-21
C11621,Customer 11621,Male,26,Indore,2025-12-05
C11622,Customer 11622,Other,63,Ujjain,2025-05-31
C11623,Customer 11623,Female,32,Indore,2024-06-07
C11624,Customer 11624,Male,33,Ujjain,2025-02-08
C11625,Customer 11625,Male,33,Indore,2025-05-26
C11626,Customer 11626,Male,30,Indore,2025-10-13
C11627,Customer 11627,Male,31,Indore,2024-01-04
C11628,Customer 11628,Male,39,Indore,2025-08-09
C11629,Customer 11629,Female,38,Indore,2024-04-13
C11630,Customer 11630,Female,26,Indore,2025-01-07
C11631,Customer 11631,Female,58,Bhopal,2025-10-10
C11632,Customer 11632,Male,21,Indore,2024-10-08
C11633,Customer 11633,Male,27,Indore,2024-10-09
C11634,Customer 11634,Female,52,Indore,2025-04-21
C11635,Customer 11635,Female,26,Indore,2024-08-22
C11636,Customer 11636,Female,65,Indore,2025-12-02
C11637,Customer 11637,Female,33,Indore,2024-06-26
C11638,Customer 11638,Female,35,Indore,2024-12-03
C11639,Customer 11639,Female,27,Indore,2025-05-16
C11640,Customer 11640,Male,38,Indore,2024-08-09
C11641,Customer 11641,Female,32,Indore,2025-03-31
C11642,Customer 11642,Male,32,Ujjain,2025-12-26
C11643,Customer 11643,Male,28,Bhopal,2025-12-25
C11644,Customer 11644,Female,57,Indore,2024-12-24
C11645,Customer 11645,Male,65,Indore,2025-02-13
C11646,Customer 11646,Male,59,Indore,2025-08-27
C11647,Customer 11647,Male,58,Indore,2025-07-11
C11648,Customer 11648,Male,64,Bhopal,2025-04-06
C11649,Customer 11649,Male,54,Indore,2024-07-09
C11650,Customer 11650,Male,37,Indore,2024-05-24
C11651,Customer 11651,Male,51,Indore,2024-12-09
C11652,Customer 11652,Male,39,Ujjain,2025-09-07
C11653,Customer 11653,Other,65,Indore,2025-07-29
C11654,Customer 11654,Male,35,Indore,2024-06-05
C11655,Customer 11655,Male,33,Indore,2024-11-03
C11656,Customer 11656,Female,22,Indore,2024-05-07
C11657,Customer 11657,Female,18,Indore,2024-01-24
C11658,Customer 11658,Female,36,Indore,2024-05-04
C11659,Customer 11659,Male,27,Indore,2024-06-23
C11660,Customer 11660,Female,38,Dewas,2024-04-10
C11661,Customer 11661,Female,30,Bhopal,2024-02-20
C11662,Customer 11662,Female,41,Indore,2024-09-14
C11663,Customer 11663,Female,40,Dewas,2025-10-22
C11664,Customer 11664,Female,40,Bhopal,
C11665,Customer 11665,Female,28,Indore,2024-04-14
C11666,Customer 11666,Female,64,Indore,2025-08-03
C11667,Customer 11667,Male,19,Bhopal,2024-02-04
C11668,Customer 11668,Female,23,Indore,2025-03-03
C11669,Customer 11669,Female,28,Indore,2025-11-05
C11670,Customer 11670,Male,32,Indore,2024-12-04
C11671,Customer 11671,Other,26,Indore,2025-12-20
C11672,Customer 11672,Male,29,Indore,2024-06-01
C11673,Customer 11673,Male,53,Indore,2025-05-20
C11674,Customer 11674,Female,45,Indore,2024-03-20
C11675,Customer 11675,Male,40,Indore,2024-01-31
C11676,Customer 11676,Male,44,Indore,2024-08-12
C11677,Customer 11677,Male,41,Indore,2024-07-27
C11678,Customer 11678,Male,31,Indore,2024-06-28
C11679,Customer 11679,Male,52,Ujjain,2025-02-22
C11680,Customer 11680,Male,44,Indore,2025-05-11
C11681,Customer 11681,Male,38,Indore,2024-10-31
C11682,Customer 11682,Other,30,Ujjain,2025-10-17
C11683,Customer 11683,Other,25,Indore,2024-11-09
C11684,Customer 11684,Male,61,Indore,2024-11-29
C11685,Customer 11685,Female,61,Dewas,2024-03-04
C11686,Customer 11686,Male,61,Indore,2024-11-03
C11687,Customer 11687,Male,51,Indore,2024-02-09
C11688,Customer 11688,Male,59,Ujjain,2024-08-30
C11689,Customer 11689,Female,40,Bhopal,2024-12-26
C11690,Customer 11690,Female,26,Indore,2024-09-01
C11691,Customer 11691,Male,18,Dewas,2025-08-31
C11692,Customer 11692,Male,53,Indore,2024-05-24
C11693,Customer 11693,Male,63,Indore,2025-07-21
C11694,Customer 11694,Female,33,Bhopal,2024-01-30
C11695,Customer 11695,Female,42,Indore,2025-09-11
C11696,Customer 11696,Male,35,Indore,2025-12-26
C11697,Customer 11697,Female,51,Indore,2025-03-03
C11698,Customer 11698,Male,55,Indore,2025-01-16
C11699,Customer 11699,Female,20,Indore,2025-03-28
C11700,Customer 11700,Female,37,Ujjain,2025-09-07
C11701,Customer 11701,Male,36,Indore,2024-06-29
C11702,Customer 11702,Female,30,Indore,2025-05-12
C11703,Customer 11703,Female,34,Indore,2025-09-30
C11704,Customer 11704,Male,31,Indore,2024-07-16
C11705,Customer 11705,Male,47,Indore,2024-12-08
C11706,Customer 11706,Female,39,Indore,2024-02-02
C11707,Customer 11707,Male,60,Indore,2024-11-29
C11708,Customer 11708,Male,65,Indore,2024-08-21
C11709,Customer 11709,Male,60,Indore,2025-07-01
C11710,Customer 11710,Female,46,Indore,2025-06-13
C11711,Customer 11711,Female,19,Indore,2025-03-03
C11712,Customer 11712,Female,25,Indore,2024-09-22
C11713,Customer 11713,Female,31,Indore,2024-10-21
C11714,Customer 11714,Male,51,Indore,2025-03-15
C11715,Customer 11715,Female,30,Indore,2025-07-14
C11716,Customer 11716,Female,27,Indore,2025-07-23
C11717,Customer 11717,Male,25,Indore,2024-11-27
C11718,Customer 11718,Male,24,Indore,2024-05-30
C11719,Customer 11719,Male,30,Indore,2025-10-08
C11720,Customer 11720,Female,43,Indore,2024-10-27
C11721,Customer 11721,Female,49,Dewas,2024-12-10
C11722,Customer 11722,Female,36,Bhopal,2024-11-06
C11723,Customer 11723,Other,32,Indore,2025-09-27
C11724,Customer 11724,Male,19,Indore,2024-07-01
C11725,Customer 11725,Female,54,Indore,2025-12-17
C11726,Customer 11726,Female,36,Indore,2024-05-26
C11727,Customer 11727,Male,50,Indore,2025-09-12
C11728,Customer 11728,Female,56,Indore,2024-05-29
C11729,Customer 11729,Male,50,Indore,2024-09-23
C11730,Customer 11730,Female,18,Indore,2025-05-04
C11731,Customer 11731,Female,56,Indore,2024-05-10
C11732,Customer 11732,Female,45,Indore,2024-05-26
C11733,Customer 11733,Female,34,Indore,2025-08-25
C11734,Customer 11734,Male,23,Indore,2025-01-09
C11735,Customer 11735,Female,61,Indore,2025-04-29
C11736,Customer 11736,Male,37,Indore,2025-05-18
C11737,Customer 11737,Female,64,Indore,2025-05-18
C11738,Customer 11738,Female,30,Indore,2024-08-06
C11739,Customer 11739,Female,29,Indore,2025-05-09
C11740,Customer 11740,Male,47,Indore,2025-06-29
C11741,Customer 11741,Female,38,Indore,2024-01-11
C11742,Customer 11742,Female,19,Indore,2024-09-17
C11743,Customer 11743,Female,35,Bhopal,2024-03-11
C11744,Customer 11744,Male,45,Ujjain,2024-06-12
C11745,Customer 11745,Male,21,Indore,2024-09-17
C11746,Customer 11746,Male,59,Indore,2025-11-26
C11747,Customer 11747,Female,60,Indore,2025-10-06
C11748,Customer 11748,Female,23,Bhopal,2025-02-14
C11749,Customer 11749,Other,55,Indore,2025-02-19
C11750,Customer 11750,Male,26,Dewas,2024-12-10
C11751,Customer 11751,Male,37,Indore,2024-08-21
C11752,Customer 11752,Female,62,Indore,2024-01-15
C11753,Customer 11753,Female,47,Indore,2025-09-08
C11754,Customer 11754,Female,54,Bhopal,2024-12-19
C11755,Customer 11755,Female,55,Indore,2025-04-27
C11756,Customer 11756,Male,21,Indore,2025-03-13
C11757,Customer 11757,Female,55,Indore,2024-01-20
C11758,Customer 11758,Female,30,Indore,2025-04-16
C11759,Customer 11759,Male,52,Indore,2024-06-10
C11760,Customer 11760,Male,47,Indore,2025-09-30
C11761,Customer 11761,Male,59,Indore,2024-02-03
C11762,Customer 11762,Male,21,Indore,2024-04-24
C11763,Customer 11763,Female,42,Indore,2025-03-05
C11764,Customer 11764,Male,48,Ujjain,2024-01-21
C11765,Customer 11765,Male,64,Indore,2024-06-15
C11766,Customer 11766,Male,29,Indore,2024-10-22
C11767,Customer 11767,Female,32,Indore,2024-06-20
C11768,Customer 11768,Male,43,Indore,2024-06-12
C11769,Customer 11769,Female,27,Indore,2024-08-04
C11770,Customer 11770,Male,29,Indore,2024-07-17
C11771,Customer 11771,Male,39,Indore,2024-02-19
C11772,Customer 11772,Male,57,Indore,2025-05-12
C11773,Customer 11773,Male,38,Indore,2025-03-17
C11774,Customer 11774,Male,52,Indore,2024-11-25
C11775,Customer 11775,Male,24,Ujjain,2024-11-25
C11776,Customer 11776,Female,35,Indore,2024-10-20
C11777,Customer 11777,Female,44,Indore,2024-10-06
C11778,Customer 11778,Male,52,Ujjain,2024-12-29
C11779,Customer 11779,Male,64,Indore,2025-07-24
C11780,Customer 11780,Female,19,Indore,2024-06-21
C11781,Customer 11781,Female,49,Indore,2024-06-02
C11782,Customer 11782,Male,32,Dewas,2025-05-06
C11783,Customer 11783,Female,62,Indore,2025-08-17
C11784,Customer 11784,Female,41,Indore,2024-09-23
C11785,Customer 11785,Female,37,Indore,2025-10-01
C11786,Customer 11786,Male,27,Indore,2025-11-28
C11787,Customer 11787,Male,41,Indore,2025-02-21
C11788,Customer 11788,Male,41,Indore,2024-09-28
C11789,Customer 11789,Female,41,Indore,2025-03-18
C11790,Customer 11790,Female,57,Indore,2025-05-27
C11791,Customer 11791,Male,65,Indore,2025-02-15
C11792,Customer 11792,Female,65,Dewas,2024-01-15
C11793,Customer 11793,Female,51,Indore,2024-03-20
C11794,Customer 11794,Other,58,Indore,2025-11-16
C11795,Customer 11795,Female,57,Indore,2025-06-27
C11796,Customer 11796,Other,28,Indore,2025-07-04
C11797,Customer 11797,Male,43,Indore,
C11798,Customer 11798,Female,18,Ujjain,2024-08-27
C11799,Customer 11799,Female,47,Indore,2025-08-07
C11800,Customer 11800,Male,60,Indore,2025-08-27
C11801,Customer 11801,Male,35,Indore,2024-03-29
C11802,Customer 11802,Female,43,Indore,2024-09-10
C11803,Customer 11803,Male,64,Indore,2024-05-18
C11804,Customer 11804,Female,26,Indore,2025-12-10
C11805,Customer 11805,Male,26,Dewas,2024-10-16
C11806,Customer 11806,Male,18,Indore,2024-11-01
C11807,Customer 11807,Male,24,Indore,2024-06-20
C11808,Customer 11808,Male,61,Indore,2025-06-09
C11809,Customer 11809,Female,59,Indore,2024-11-23
C11810,Customer 11810,Female,33,Indore,2024-06-01
C11811,Customer 11811,Male,55,Indore,2025-12-08
C11812,Customer 11812,Male,28,Indore,2024-06-26
C11813,Customer 11813,Male,42,Indore,2025-08-29
C11814,Customer 11814,Male,46,Dewas,2025-02-19
C11815,Customer 11815,Female,36,Indore,2024-11-06
C11816,Customer 11816,Male,35,Indore,2025-08-12
C11817,Customer 11817,Male,64,Indore,2024-08-31
C11818,Customer 11818,Male,46,Indore,2025-02-12
C11819,Customer 11819,Male,33,Indore,2024-08-07
C11820,Customer 11820,Male,63,Indore,2025-12-19
C11821,Customer 11821,Male,57,Indore,2025-03-11
C11822,Customer 11822,Female,25,Indore,2024-07-02
C11823,Customer 11823,Female,51,Indore,2025-09-18
C11824,Customer 11824,Female,23,Indore,2024-05-03
C11825,Customer 11825,Male,62,Indore,2024-08-25
C11826,Customer 11826,Male,62,Indore,2025-09-11
C11827,Customer 11827,Female,47,Indore,2025-02-09
C11828,Customer 11828,Female,61,Ujjain,2025-07-12
C11829,Customer 11829,Other,51,Ujjain,2024-07-16
C11830,Customer 11830,Male,38,Dewas,2025-07-16
C11831,Customer 11831,Male,29,Indore,2025-12-06
C11832,Customer 11832,Female,23,Indore,2025-08-04
C11833,Customer 11833,Female,56,Indore,2024-03-27
C11834,Customer 11834,Female,23,Indore,2024-03-15
C11835,Customer 11835,Female,21,Ujjain,2025-12-05
C11836,Customer 11836,Female,26,Bhopal,2024-11-28
C11837,Customer 11837,Female,22,Indore,2025-03-06
C11838,Customer 11838,Female,27,Indore,2025-01-04
C11839,Customer 11839,Female,64,Indore,2024-02-13
C11840,Customer 11840,Female,25,Indore,2024-10-23
C11841,Customer 11841,Male,40,Indore,2025-04-10
C11842,Customer 11842,Male,21,Indore,2024-09-06
C11843,Customer 11843,Female,54,Indore,2025-02-25
C11844,Customer 11844,Male,24,Indore,2025-04-17
C11845,Customer 11845,Female,23,Indore,2024-09-29
C11846,Customer 11846,Male,62,Indore,2024-06-21
C11847,Customer 11847,Male,59,Bhopal,2024-08-23
C11848,Customer 11848,Female,32,Indore,2024-02-15
C11849,Customer 11849,Male,52,Indore,2025-01-26
C11850,Customer 11850,Male,49,Indore,2025-10-16
C11851,Customer 11851,Male,31,Indore,2024-08-20
C11852,Customer 11852,Female,52,Indore,2025-02-20
C11853,Customer 11853,Male,28,Indore,2024-09-22
C11854,Customer 11854,Female,27,Indore,2024-07-08
C11855,Customer 11855,Male,34,Indore,2024-07-01
C11856,Customer 11856,Female,30,Ujjain,2024-12-22
C11857,Customer 11857,Male,51,Indore,2025-12-03
C11858,Customer 11858,Male,62,Indore,2024-05-18
C11859,Customer 11859,Male,22,Indore,2025-06-30
C11860,Customer 11860,Male,65,Indore,2025-05-19
C11861,Customer 11861,Female,27,Indore,2025-04-26
C11862,Customer 11862,Male,49,Indore,2024-12-17
C11863,Customer 11863,Male,29,Indore,2024-12-07
C11864,Customer 11864,Female,30,Indore,2025-10-05
C11865,Customer 11865,Male,38,Indore,2024-03-13
C11866,Customer 11866,Male,65,Indore,2024-06-11
C11867,Customer 11867,Female,50,Indore,2024-08-10
C11868,Customer 11868,Female,58,Indore,2024-07-03
C11869,Customer 11869,Male,65,Indore,2024-04-04
C11870,Customer 11870,Male,64,Indore,2025-11-14
C11871,Customer 11871,Female,49,Indore,2024-11-04
C11872,Customer 11872,Male,29,Dewas,2024-05-27
C11873,Customer 11873,Female,63,Indore,2024-11-14
C11874,Customer 11874,Male,52,Indore,2024-06-27
C11875,Customer 11875,Female,53,Indore,2025-10-15
C11876,Customer 11876,Male,55,Indore,2024-10-17
C11877,Customer 11877,Female,65,Indore,2025-09-13
C11878,Customer 11878,Male,45,Indore,2025-05-11
C11879,Customer 11879,Female,30,Indore,2024-10-27
C11880,Customer 11880,Male,29,Ujjain,2024-06-09
C11881,Customer 11881,Male,39,Indore,2024-03-01
C11882,Customer 11882,Female,61,Indore,2024-03-12
C11883,Customer 11883,Female,19,Dewas,2025-03-12
C11884,Customer 11884,Female,46,Dewas,2025-04-26
C11885,Customer 11885,Male,30,Indore,2024-04-24
C11886,Customer 11886,Female,52,Indore,2024-07-24
C11887,Customer 11887,Male,30,Indore,2024-11-29
C11888,Customer 11888,Female,51,Indore,2024-11-01
C11889,Customer 11889,Female,36,Indore,2025-07-07
C11890,Customer 11890,Male,26,Bhopal,2025-06-15
C11891,Customer 11891,Female,48,Indore,2025-08-26
C11892,Customer 11892,Female,50,Indore,2025-08-02
C11893,Customer 11893,Male,44,Indore,2024-05-14
C11894,Customer 11894,Female,62,Indore,2025-07-31
C11895,Customer 11895,Male,19,Dewas,2024-05-30
C11896,Customer 11896,Female,32,Indore,2025-07-01
C11897,Customer 11897,Male,36,Indore,2024-05-19
C11898,Customer 11898,Male,48,Indore,2025-02-10
C11899,Customer 11899,Male,33,Indore,2025-05-04
C11900,Customer 11900,Female,60,Indore,2024-07-23
C11901,Customer 11901,Female,32,Bhopal,2024-10-21
C11902,Customer 11902,Female,23,Indore,2025-08-04
C11903,Customer 11903,Male,31,Dewas,2025-11-01
C11904,Customer 11904,Male,44,Indore,2024-07-02
C11905,Customer 11905,Female,55,Ujjain,2024-01-18
C11906,Customer 11906,Female,36,Indore,2025-01-17
C11907,Customer 11907,Male,54,Indore,2025-07-24
C11908,Customer 11908,Male,60,Indore,2025-09-12
C11909,Customer 11909,Female,21,Indore,2025-10-04
C11910,Customer 11910,Male,43,Indore,2025-06-25
C11911,Customer 11911,Female,26,Indore,2025-05-22
C11912,Customer 11912,Female,58,Indore,2024-07-10
C11913,Customer 11913,Female,57,Indore,2024-07-16
C11914,Customer 11914,Female,32,Indore,2024-08-29
C11915,Customer 11915,Male,58,Indore,2024-03-31
C11916,Customer 11916,Female,54,Bhopal,
C11917,Customer 11917,Female,21,Indore,2025-08-31
C11918,Customer 11918,Male,43,Indore,2025-04-09
C11919,Customer 11919,Female,35,Indore,2024-10-11
C11920,Customer 11920,Male,58,Indore,2024-01-04
C11921,Customer 11921,Female,52,Indore,2024-08-25
C11922,Customer 11922,Male,58,Indore,2025-07-05
C11923,Customer 11923,Female,58,Indore,2025-03-14
C11924,Customer 11924,Male,46,Dewas,2025-01-24
C11925,Customer 11925,Male,41,Dewas,2024-11-24
C11926,Customer 11926,Other,21,Bhopal,2024-08-28
C11927,Customer 11927,Female,38,Indore,2025-09-06
C11928,Customer 11928,Male,56,Indore,2025-05-09
C11929,Customer 11929,Male,24,Indore,2024-03-01
C11930,Customer 11930,Male,40,Indore,2024-03-02
C11931,Customer 11931,Female,57,Indore,2025-03-27
C11932,Customer 11932,Female,38,Indore,2024-10-03
C11933,Customer 11933,Female,18,Indore,2024-06-07
C11934,Customer 11934,Female,58,Indore,2024-08-26
C11935,Customer 11935,Female,42,Indore,2024-02-12
C11936,Customer 11936,Male,48,Indore,2025-02-16
C11937,Customer 11937,Male,61,Indore,2025-03-14
C11938,Customer 11938,Female,55,Ujjain,2024-11-09
C11939,Customer 11939,Female,62,Indore,2024-05-31
C11940,Customer 11940,Female,22,Indore,2024-03-20
C11941,Customer 11941,Female,48,Indore,2024-05-16
C11942,Customer 11942,Female,18,Indore,2025-12-25
C11943,Customer 11943,Female,47,Indore,2025-03-25
C11944,Customer 11944,Male,35,Indore,2025-01-20
C11945,Customer 11945,Male,25,Indore,2025-11-07
C11946,Customer 11946,Female,43,Indore,2025-01-17
C11947,Customer 11947,Female,57,Dewas,2024-06-13
C11948,Customer 11948,Male,32,Bhopal,2025-12-09
C11949,Customer 11949,Male,36,Indore,2024-10-28
C11950,Customer 11950,Male,27,Indore,2024-02-17
C11951,Customer 11951,Male,41,Indore,2024-05-06
C11952,Customer 11952,Female,33,Indore,2025-01-02
C11953,Customer 11953,Male,60,Indore,2025-10-09
C11954,Customer 11954,Female,48,Indore,2024-02-01
C11955,Customer 11955,Male,61,Ujjain,2025-05-21
C11956,Customer 11956,Female,33,Indore,2025-09-04
C11957,Customer 11957,Male,33,Indore,2024-03-17
C11958,Customer 11958,Female,45,Bhopal,2025-12-07
C11959,Customer 11959,Female,37,Indore,2024-07-19
C11960,Customer 11960,Female,52,Indore,2024-03-08
C11961,Customer 11961,Male,26,Indore,2024-01-28
C11962,Customer 11962,Male,57,Indore,2025-02-03
C11963,Customer 11963,Male,27,Bhopal,2024-02-26
C11964,Customer 11964,Male,62,Indore,2024-07-21
C11965,Customer 11965,Female,35,Dewas,2025-07-20
C11966,Customer 11966,Female,62,Indore,2024-03-23
C11967,Customer 11967,Female,62,Indore,2025-09-09
C11968,Customer 11968,Female,32,Indore,2024-09-07
C11969,Customer 11969,Male,62,Ujjain,2024-12-07
C11970,Customer 11970,Male,47,Indore,2025-02-26
C11971,Customer 11971,Male,65,Indore,2025-03-14
C11972,Customer 11972,Female,49,Indore,2025-02-17
C11973,Customer 11973,Female,57,Indore,2024-05-12
C11974,Customer 11974,Male,44,Ujjain,2025-03-04
C11975,Customer 11975,Male,44,Indore,2025-12-04
C11976,Customer 11976,Female,36,Indore,2025-06-27
C11977,Customer 11977,Female,27,Indore,2025-09-01
C11978,Customer 11978,Female,61,Indore,2024-09-24
C11979,Customer 11979,Male,63,Indore,2024-04-16
C11980,Customer 11980,Male,23,Indore,2024-03-06
C11981,Customer 11981,Female,41,Indore,2024-02-21
C11982,Customer 11982,Female,26,Indore,2025-12-11
C11983,Customer 11983,Male,44,Indore,2024-10-14
C11984,Customer 11984,Female,24,Dewas,2024-08-19
C11985,Customer 11985,Female,23,Bhopal,2024-06-11
C11986,Customer 11986,Male,50,Indore,2024-08-28
C11987,Customer 11987,Male,38,Indore,2025-01-24
C11988,Customer 11988,Male,63,Indore,2024-01-22
C11989,Customer 11989,Male,55,Indore,2025-12-29
C11990,Customer 11990,Female,61,Indore,2025-11-17
C11991,Customer 11991,Male,34,Bhopal,2025-05-07
C11992,Customer 11992,Female,48,Indore,2025-11-14
C11993,Customer 11993,Other,54,Indore,2025-06-04
C11994,Customer 11994,Male,28,Indore,2024-12-27
C11995,Customer 11995,Male,45,Indore,2024-02-28
C11996,Customer 11996,Female,22,Indore,2025-04-29
C11997,Customer 11997,Female,29,Dewas,2025-09-20
C11998,Customer 11998,Female,20,Indore,2024-04-10
C11999,Customer 11999,Male,58,Indore,2024-12-05
C12000,Customer 12000,Male,55,Indore,2025-04-30
C12001,Customer 12001,Female,19,Indore,2025-11-19
C12002,Customer 12002,Female,43,Indore,2024-01-16
C12003,Customer 12003,Male,19,Indore,2025-05-12
C12004,Customer 12004,Female,29,Indore,2024-04-30
C12005,Customer 12005,Male,57,Indore,2024-08-01
C12006,Customer 12006,Other,19,Indore,2024-11-25
C12007,Customer 12007,Female,58,Bhopal,2024-03-24
C12008,Customer 12008,Male,33,Indore,2024-06-29
C12009,Customer 12009,Female,47,Ujjain,2025-01-20
C12010,Customer 12010,Male,64,Indore,2024-11-18
C12011,Customer 12011,Male,63,Indore,2025-07-07
C12012,Customer 12012,Male,53,Indore,2025-03-23
C12013,Customer 12013,Male,21,Indore,2024-03-13
C12014,Customer 12014,Male,28,Indore,2024-09-11
C12015,Customer 12015,Female,41,Indore,2025-11-30
C12016,Customer 12016,Female,35,Indore,2024-10-16
C12017,Customer 12017,Male,44,Indore,2025-05-14
C12018,Customer 12018,Female,54,Indore,2025-08-30
C12019,Customer 12019,Female,19,Indore,2025-08-10
C12020,Customer 12020,Female,32,Indore,2024-01-02
C12021,Customer 12021,Female,28,Indore,2025-01-17
C12022,Customer 12022,Male,44,Indore,2025-11-20
C12023,Customer 12023,Male,65,Indore,2024-04-21
C12024,Customer 12024,Female,64,Indore,2024-07-22
C12025,Customer 12025,Male,40,Indore,2024-01-26
C12026,Customer 12026,Male,52,Indore,2024-04-17
C12027,Customer 12027,Male,47,Indore,2025-11-07
C12028,Customer 12028,Male,64,Indore,2025-07-20
C12029,Customer 12029,Male,41,Indore,2024-09-30
C12030,Customer 12030,Male,36,Indore,2025-06-25
C12031,Customer 12031,Male,46,Indore,2024-01-17
C12032,Customer 12032,Female,30,Indore,2025-04-08
C12033,Customer 12033,Female,65,Bhopal,2024-10-24
C12034,Customer 12034,Male,40,Ujjain,2025-08-15
C12035,Customer 12035,Male,29,Indore,2025-01-30
C12036,Customer 12036,Male,65,Indore,2024-01-27
C12037,Customer 12037,Male,58,Indore,2024-07-01
C12038,Customer 12038,Male,46,Indore,2025-05-30
C12039,Customer 12039,Male,23,Indore,2025-11-05
C12040,Customer 12040,Female,40,Indore,2025-03-24
C12041,Customer 12041,Female,48,Indore,2024-11-27
C12042,Customer 12042,Male,62,Indore,2025-08-06
C12043,Customer 12043,Male,38,Dewas,2025-03-31
C12044,Customer 12044,Female,41,Indore,2025-08-10
C12045,Customer 12045,Female,25,Indore,2025-02-23
C12046,Customer 12046,Female,61,Indore,2024-08-27
C12047,Customer 12047,Female,26,Indore,2025-05-26
C12048,Customer 12048,Male,39,Indore,2024-10-16
C12049,Customer 12049,Male,21,Ujjain,2025-03-14
C12050,Customer 12050,Female,30,Indore,2025-06-06
C12051,Customer 12051,Male,51,Indore,2025-07-24
C12052,Customer 12052,Other,20,Indore,2024-09-15
C12053,Customer 12053,Female,54,Indore,2025-12-14
C12054,Customer 12054,Female,45,Indore,2024-09-24
C12055,Customer 12055,Male,43,Indore,2024-04-22
C12056,Customer 12056,Female,63,Bhopal,2025-08-07
C12057,Customer 12057,Male,51,Indore,2025-02-08
C12058,Customer 12058,Male,32,Indore,2025-02-05
C12059,Customer 12059,Male,25,Indore,2024-08-23
C12060,Customer 12060,Female,65,Indore,2024-01-06
C12061,Customer 12061,Female,52,Indore,2025-08-23
C12062,Customer 12062,Male,41,Indore,2024-04-23
C12063,Customer 12063,Male,54,Indore,2024-12-30
C12064,Customer 12064,Female,21,Indore,2024-11-16
C12065,Customer 12065,Female,29,Indore,2024-11-06
C12066,Customer 12066,Female,36,Indore,2024-06-16
C12067,Customer 12067,Female,32,Indore,2024-02-21
C12068,Customer 12068,Male,47,Indore,2024-10-26
C12069,Customer 12069,Female,62,Indore,2024-03-02
C12070,Customer 12070,Male,54,Indore,2024-03-24
C12071,Customer 12071,Female,29,Indore,2024-12-18
C12072,Customer 12072,Female,36,Indore,2025-10-30
C12073,Customer 12073,Male,51,Indore,2025-05-17
C12074,Customer 12074,Male,24,Dewas,2025-10-20
C12075,Customer 12075,Female,45,Indore,2025-04-19
C12076,Customer 12076,Male,45,Indore,2025-09-26
C12077,Customer 12077,Male,46,Indore,2025-05-17
C12078,Customer 12078,Female,54,Indore,2025-11-24
C12079,Customer 12079,Male,37,Indore,2024-04-08
C12080,Customer 12080,Female,28,Indore,2025-12-02
C12081,Customer 12081,Male,56,Indore,2024-11-01
C12082,Customer 12082,Female,59,Indore,2024-11-10
C12083,Customer 12083,Male,40,Indore,2025-12-10
C12084,Customer 12084,Male,63,Indore,2025-03-17
C12085,Customer 12085,Female,37,Indore,2024-09-03
C12086,Customer 12086,Female,37,Ujjain,2024-09-21
C12087,Customer 12087,Male,28,Indore,2025-07-22
C12088,Customer 12088,Male,19,Indore,2025-02-28
C12089,Customer 12089,Female,30,Bhopal,2024-02-27
C12090,Customer 12090,Female,30,Indore,2025-04-28
C12091,Customer 12091,Other,58,Indore,2024-11-19
C12092,Customer 12092,Other,32,Indore,2024-07-04
C12093,Customer 12093,Female,48,Indore,2025-05-13
C12094,Customer 12094,Male,40,Indore,2024-03-02
C12095,Customer 12095,Male,39,Indore,2025-08-15
C12096,Customer 12096,Female,33,Indore,2024-09-02
C12097,Customer 12097,Male,59,Indore,2025-05-01
C12098,Customer 12098,Male,46,Indore,2025-01-07
C12099,Customer 12099,Male,37,Dewas,2025-05-29
C12100,Customer 12100,Male,45,Indore,2024-02-20
C12101,Customer 12101,Male,44,Bhopal,2025-09-08
C12102,Customer 12102,Male,61,Indore,2024-04-08
C12103,Customer 12103,Female,46,Indore,2024-11-18
C12104,Customer 12104,Male,22,Indore,2025-08-14
C12105,Customer 12105,Male,59,Dewas,2025-03-16
C12106,Customer 12106,Male,55,Indore,2025-02-07
C12107,Customer 12107,Female,55,Indore,2025-02-20
C12108,Customer 12108,Male,61,Indore,2025-11-13
C12109,Customer 12109,Female,19,Ujjain,2024-06-03
C12110,Customer 12110,Female,62,Indore,2025-06-25
C12111,Customer 12111,Male,37,Indore,2025-09-02
C12112,Customer 12112,Male,60,Ujjain,2024-05-25
C12113,Customer 12113,Male,64,Ujjain,2024-08-22
C12114,Customer 12114,Female,30,Indore,2025-04-18
C12115,Customer 12115,Female,43,Ujjain,2025-02-02
C12116,Customer 12116,Female,52,Indore,2025-09-02
C12117,Customer 12117,Male,63,Indore,2025-04-04
C12118,Customer 12118,Other,25,Indore,2025-12-02
C12119,Customer 12119,Male,45,Indore,2025-03-08
C12120,Customer 12120,Male,58,Dewas,2024-09-13
C12121,Customer 12121,Female,32,Indore,2025-12-15
C12122,Customer 12122,Female,25,Indore,2025-03-14
C12123,Customer 12123,Male,28,Indore,2025-06-20
C12124,Customer 12124,Male,46,Ujjain,2024-06-23
C12125,Customer 12125,Male,22,Indore,2025-12-13
C12126,Customer 12126,Male,64,Indore,2025-05-05
C12127,Customer 12127,Male,64,Indore,2024-10-09
C12128,Customer 12128,Female,24,Indore,2025-08-27
C12129,Customer 12129,Female,35,Indore,2025-07-15
C12130,Customer 12130,Female,45,Indore,2024-08-06
C12131,Customer 12131,Female,29,Indore,2024-06-04
C12132,Customer 12132,Female,29,Bhopal,2024-02-26
C12133,Customer 12133,Female,53,Ujjain,2025-05-25
C12134,Customer 12134,Female,46,Dewas,2024-12-03
C12135,Customer 12135,Male,28,Indore,2025-12-19
C12136,Customer 12136,Female,23,Indore,2024-09-28
C12137,Customer 12137,Female,38,Indore,2025-12-27
C12138,Customer 12138,Female,27,Indore,2024-07-02
C12139,Customer 12139,Other,49,Indore,2024-10-17
C12140,Customer 12140,Male,64,Indore,2024-10-28
C12141,Customer 12141,Female,50,Indore,2025-08-01
C12142,Customer 12142,Male,34,Indore,2024-09-03
C12143,Customer 12143,Female,20,Indore,2024-01-16
C12144,Customer 12144,Male,60,Indore,2024-11-30
C12145,Customer 12145,Male,35,Ujjain,2024-07-29
C12146,Customer 12146,Male,27,Indore,2025-08-08
C12147,Customer 12147,Female,58,Indore,2025-01-07
C12148,Customer 12148,Male,56,Indore,2025-02-09
C12149,Customer 12149,Female,60,Dewas,2025-06-13
C12150,Customer 12150,Male,25,Indore,2024-01-22
C12151,Customer 12151,Female,51,Indore,2025-09-09
C12152,Customer 12152,Female,54,Indore,2024-04-28
C12153,Customer 12153,Male,58,Indore,2025-06-11
C12154,Customer 12154,Male,50,Indore,2024-07-02
C12155,Customer 12155,Female,27,Indore,2025-05-29
C12156,Customer 12156,Female,57,Indore,2025-05-06
C12157,Customer 12157,Female,35,Indore,2025-05-20
C12158,Customer 12158,Male,42,Indore,2025-09-26
C12159,Customer 12159,Male,59,Indore,2025-03-12
C12160,Customer 12160,Other,58,Indore,2024-04-14
C12161,Customer 12161,Male,53,Indore,2024-04-12
C12162,Customer 12162,Male,19,Bhopal,2024-07-26
C12163,Customer 12163,Male,36,Indore,2025-10-22
C12164,Customer 12164,Female,27,Indore,2025-12-05
C12165,Customer 12165,Female,20,Bhopal,2024-02-16
C12166,Customer 12166,Male,36,Indore,2024-10-30
C12167,Customer 12167,Male,43,Ujjain,2024-06-15
C12168,Customer 12168,Male,64,Indore,2025-05-08
C12169,Customer 12169,Male,42,Indore,2024-03-27
C12170,Customer 12170,Male,34,Ujjain,2024-08-13
C12171,Customer 12171,Other,27,Indore,2024-04-29
C12172,Customer 12172,Male,63,Indore,2024-09-04
C12173,Customer 12173,Male,28,Indore,2025-05-19
C12174,Customer 12174,Female,28,Dewas,2024-12-18
C12175,Customer 12175,Male,29,Bhopal,2024-05-23
C12176,Customer 12176,Female,57,Indore,2024-12-15
C12177,Customer 12177,Male,65,Indore,2025-05-29
C12178,Customer 12178,Male,25,Indore,2024-11-12
C12179,Customer 12179,Female,41,Dewas,2024-01-26
C12180,Customer 12180,Female,31,Indore,2025-06-13
C12181,Customer 12181,Male,40,Indore,2024-11-17
C12182,Customer 12182,Female,53,Dewas,2024-10-22
C12183,Customer 12183,Female,34,Indore,2024-05-10
C12184,Customer 12184,Male,62,Dewas,2024-01-17
C12185,Customer 12185,Female,22,Indore,2025-08-04
C12186,Customer 12186,Female,20,Indore,2024-07-03
C12187,Customer 12187,Male,26,Indore,2024-02-18
C12188,Customer 12188,Female,37,Indore,2024-03-16
C12189,Customer 12189,Female,37,Indore,2025-06-11
C12190,Customer 12190,Female,36,Indore,2024-01-06
C12191,Customer 12191,Male,38,Indore,2024-02-03
C12192,Customer 12192,Male,33,Indore,2024-02-28
C12193,Customer 12193,Female,50,Indore,2024-03-07
C12194,Customer 12194,Male,22,Indore,2024-09-11
C12195,Customer 12195,Male,41,Bhopal,2025-02-06
C12196,Customer 12196,Male,32,Indore,2024-06-05
C12197,Customer 12197,Male,43,Indore,2024-02-01
C12198,Customer 12198,Female,61,Indore,2024-01-10
C12199,Customer 12199,Male,42,Indore,2025-12-04
C12200,Customer 12200,Female,45,Bhopal,2025-01-09
C12201,Customer 12201,Male,50,Indore,2024-12-14
C12202,Customer 12202,Female,63,Indore,2025-08-11
C12203,Customer 12203,Male,35,Bhopal,2025-06-15
C12204,Customer 12204,Female,35,Indore,2024-06-04
C12205,Customer 12205,Female,55,Indore,2024-01-27
C12206,Customer 12206,Male,50,Indore,2024-06-01
C12207,Customer 12207,Female,44,Indore,2024-10-11
C12208,Customer 12208,Male,32,Indore,2025-09-19
C12209,Customer 12209,Female,61,Indore,2024-09-06
C12210,Customer 12210,Other,30,Indore,2025-03-04
C12211,Customer 12211,Female,51,Indore,2025-07-10
C12212,Customer 12212,Female,21,Indore,2024-10-12
C12213,Customer 12213,Male,52,Indore,2025-05-20
C12214,Customer 12214,Male,36,Indore,2024-10-20
C12215,Customer 12215,Male,48,Dewas,2025-03-19
C12216,Customer 12216,Female,42,Indore,2024-10-14
C12217,Customer 12217,Female,57,Dewas,2024-11-01
C12218,Customer 12218,Male,29,Indore,2024-03-11
C12219,Customer 12219,Female,29,Indore,2024-06-11
C12220,Customer 12220,Male,59,Indore,2025-04-25
C12221,Customer 12221,Male,42,Indore,2025-08-10
C12222,Customer 12222,Female,50,Indore,2024-12-08
C12223,Customer 12223,Male,54,Ujjain,2025-05-31
C12224,Customer 12224,Female,45,Indore,2024-04-16
C12225,Customer 12225,Male,60,Dewas,2025-09-22
C12226,Customer 12226,Female,26,Indore,2025-08-31
C12227,Customer 12227,Male,31,Indore,2025-11-23
C12228,Customer 12228,Male,20,Indore,2025-05-12
C12229,Customer 12229,Female,22,Ujjain,2024-01-01
C12230,Customer 12230,Female,43,Indore,2025-08-20
C12231,Customer 12231,Male,58,Indore,2025-04-20
C12232,Customer 12232,Male,35,Indore,2025-03-28
C12233,Customer 12233,Female,55,Indore,2024-03-05
C12234,Customer 12234,Male,38,Ujjain,2025-04-29
C12235,Customer 12235,Female,56,Indore,2025-09-06
C12236,Customer 12236,Female,33,Indore,2025-02-25
C12237,Customer 12237,Male,57,Indore,2025-06-19
C12238,Customer 12238,Male,40,Dewas,2024-05-30
C12239,Customer 12239,Female,46,Indore,2025-01-25
C12240,Customer 12240,Male,27,Indore,2025-02-18
C12241,Customer 12241,Female,22,Indore,2024-01-07
C12242,Customer 12242,Male,28,Indore,2025-05-30
C12243,Customer 12243,Female,46,Indore,2025-11-24
C12244,Customer 12244,Male,62,Indore,2025-04-10
C12245,Customer 12245,Female,44,Ujjain,2024-04-13
C12246,Customer 12246,Male,51,Indore,2025-04-08
C12247,Customer 12247,Male,31,Indore,2025-07-17
C12248,Customer 12248,Female,58,Bhopal,2025-08-16
C12249,Customer 12249,Male,59,Indore,2025-07-13
C12250,Customer 12250,Male,27,Indore,2024-12-16
C12251,Customer 12251,Male,59,Bhopal,2025-12-29
C12252,Customer 12252,Male,28,Ujjain,2024-12-31
C12253,Customer 12253,Female,28,Indore,2024-06-30
C12254,Customer 12254,Female,52,Indore,2024-08-30
C12255,Customer 12255,Male,36,Indore,2024-08-07
C12256,Customer 12256,Female,41,Indore,2024-07-26
C12257,Customer 12257,Female,18,Indore,2025-09-30
C12258,Customer 12258,Female,29,Indore,2024-06-30
C12259,Customer 12259,Male,64,Indore,2025-03-04
C12260,Customer 12260,Female,31,Indore,2024-02-04
C12261,Customer 12261,Female,20,Indore,2025-11-05
C12262,Customer 12262,Male,62,Indore,2025-02-24
C12263,Customer 12263,Male,49,Indore,2024-07-21
C12264,Customer 12264,Male,33,Indore,2024-06-10
C12265,Customer 12265,Female,55,Indore,2025-02-11
C12266,Customer 12266,Male,27,Indore,2024-12-14
C12267,Customer 12267,Female,34,Indore,2024-01-04
C12268,Customer 12268,Male,57,Indore,2024-12-26
C12269,Customer 12269,Female,21,Indore,2025-08-12
C12270,Customer 12270,Female,32,Indore,2025-10-25
C12271,Customer 12271,Female,50,Indore,2024-12-23
C12272,Customer 12272,Female,56,Indore,2025-09-19
C12273,Customer 12273,Female,27,Indore,2024-02-05
C12274,Customer 12274,Male,24,Indore,2024-11-30
C12275,Customer 12275,Female,50,Indore,2024-10-17
C12276,Customer 12276,Male,34,Indore,2024-10-11
C12277,Customer 12277,Female,29,Indore,2024-02-05
C12278,Customer 12278,Male,34,Indore,2024-11-19
C12279,Customer 12279,Female,64,Indore,2025-04-07
C12280,Customer 12280,Female,33,Indore,2025-01-29
C12281,Customer 12281,Male,31,Indore,2025-07-20
C12282,Customer 12282,Male,20,Dewas,2024-02-18
C12283,Customer 12283,Other,61,Indore,2025-04-07
C12284,Customer 12284,Male,47,Indore,2024-11-08
C12285,Customer 12285,Male,63,Indore,2024-12-20
C12286,Customer 12286,Male,58,Indore,2024-12-08
C12287,Customer 12287,Female,52,Indore,2024-02-24
C12288,Customer 12288,Female,43,Ujjain,2024-11-07
C12289,Customer 12289,Female,29,Indore,2024-09-16
C12290,Customer 12290,Female,48,Indore,2025-10-03
C12291,Customer 12291,Male,34,Indore,2024-03-28
C12292,Customer 12292,Female,54,Indore,2024-11-15
C12293,Customer 12293,Male,25,Indore,2025-01-24
C12294,Customer 12294,Male,36,Indore,2024-09-26
C12295,Customer 12295,Male,43,Indore,2025-04-04
C12296,Customer 12296,Female,21,Indore,2024-12-26
C12297,Customer 12297,Female,32,Indore,2024-05-05
C12298,Customer 12298,Male,64,Indore,2024-07-03
C12299,Customer 12299,Female,31,Indore,2024-12-30
C12300,Customer 12300,Male,47,Indore,2025-06-25
C12301,Customer 12301,Male,65,Indore,2025-12-20
C12302,Customer 12302,Male,59,Indore,2024-01-08
C12303,Customer 12303,Female,41,Indore,2025-10-15
C12304,Customer 12304,Female,63,Indore,2025-12-24
C12305,Customer 12305,Male,60,Indore,2025-02-17
C12306,Customer 12306,Female,51,Indore,2024-05-11
C12307,Customer 12307,Male,36,Indore,2024-12-21
C12308,Customer 12308,Female,20,Indore,2024-11-18
C12309,Customer 12309,Other,21,Indore,2024-04-11
C12310,Customer 12310,Male,28,Indore,2025-04-10
C12311,Customer 12311,Female,30,Indore,2025-03-04
C12312,Customer 12312,Female,35,Indore,2024-03-15
C12313,Customer 12313,Male,36,Indore,2024-04-09
C12314,Customer 12314,Female,61,Dewas,2024-08-23
C12315,Customer 12315,Male,50,Indore,2024-09-25
C12316,Customer 12316,Male,55,Indore,2025-07-20
C12317,Customer 12317,Male,20,Indore,2024-09-10
C12318,Customer 12318,Male,52,Indore,2025-12-27
C12319,Customer 12319,Female,18,Indore,2024-11-24
C12320,Customer 12320,Female,52,Indore,2024-10-25
C12321,Customer 12321,Female,53,Indore,2025-01-04
C12322,Customer 12322,Male,55,Indore,2025-11-01
C12323,Customer 12323,Male,56,Indore,2024-09-15
C12324,Customer 12324,Male,42,Indore,2024-08-15
C12325,Customer 12325,Female,57,Indore,2025-01-11
C12326,Customer 12326,Other,30,Indore,2024-05-24
C12327,Customer 12327,Female,21,Indore,2024-03-20
C12328,Customer 12328,Male,23,Indore,2024-02-08
C12329,Customer 12329,Female,28,Bhopal,2025-12-06
C12330,Customer 12330,Female,18,Indore,2025-12-09
C12331,Customer 12331,Male,25,Indore,2024-04-06
C12332,Customer 12332,Female,51,Indore,2024-09-02
C12333,Customer 12333,Male,57,Indore,2024-11-28
C12334,Customer 12334,Male,26,Bhopal,2025-08-10
C12335,Customer 12335,Male,53,Indore,2025-02-06
C12336,Customer 12336,Male,56,Indore,2024-10-04
C12337,Customer 12337,Male,59,Indore,2024-01-08
C12338,Customer 12338,Male,54,Dewas,2024-12-29
C12339,Customer 12339,Male,59,Indore,2025-03-27
C12340,Customer 12340,Female,61,Indore,2025-12-11
C12341,Customer 12341,Other,38,Dewas,2024-09-08
C12342,Customer 12342,Female,37,Ujjain,2024-01-18
C12343,Customer 12343,Male,55,Indore,2025-01-24
C12344,Customer 12344,Male,18,Indore,2024-08-29
C12345,Customer 12345,Male,52,Indore,2024-09-09
C12346,Customer 12346,Male,45,Indore,2024-01-04
C12347,Customer 12347,Female,24,Indore,2025-01-07
C12348,Customer 12348,Female,60,Dewas,2025-02-28
C12349,Customer 12349,Female,61,Indore,2024-06-27
C12350,Customer 12350,Female,26,Dewas,2024-01-12
C12351,Customer 12351,Male,18,Indore,2024-10-19
C12352,Customer 12352,Male,53,Indore,2024-09-15
C12353,Customer 12353,Female,51,Indore,2025-03-04
C12354,Customer 12354,Male,51,Bhopal,2025-08-19
C12355,Customer 12355,Male,34,Indore,2024-10-21
C12356,Customer 12356,Male,49,Indore,2024-11-28
C12357,Customer 12357,Male,19,Indore,2024-04-21
C12358,Customer 12358,Male,53,Ujjain,2024-07-24
C12359,Customer 12359,Female,42,Indore,2024-08-09
C12360,Customer 12360,Female,60,Dewas,2025-06-13
C12361,Customer 12361,Male,43,Indore,2024-01-13
C12362,Customer 12362,Male,62,Indore,2024-09-26
C12363,Customer 12363,Female,43,Ujjain,2025-07-06
C12364,Customer 12364,Male,38,Indore,2024-02-09
C12365,Customer 12365,Male,35,Indore,2025-05-19
C12366,Customer 12366,Male,46,Indore,2025-08-23
C12367,Customer 12367,Male,41,Indore,2025-09-04
C12368,Customer 12368,Female,64,Indore,2024-08-02
C12369,Customer 12369,Female,45,Indore,
C12370,Customer 12370,Male,29,Indore,2025-06-05
C12371,Customer 12371,Male,28,Indore,2025-12-29
C12372,Customer 12372,Male,44,Indore,2024-04-30
C12373,Customer 12373,Male,40,Indore,2024-11-05
C12374,Customer 12374,Other,50,Indore,2025-11-05
C12375,Customer 12375,Female,33,Indore,2025-10-25
C12376,Customer 12376,Female,45,Indore,2024-10-31
C12377,Customer 12377,Female,45,Indore,2025-03-01
C12378,Customer 12378,Female,62,Indore,2025-04-03
C12379,Customer 12379,Female,55,Indore,2025-08-18
C12380,Customer 12380,Male,23,Indore,2024-07-20
C12381,Customer 12381,Male,59,Indore,2025-07-15
C12382,Customer 12382,Female,46,Indore,2025-10-22
C12383,Customer 12383,Male,51,Indore,
C12384,Customer 12384,Other,20,Indore,2024-08-07
C12385,Customer 12385,Female,23,Indore,2024-06-03
C12386,Customer 12386,Female,65,Indore,2025-08-31
C12387,Customer 12387,Male,55,Indore,2024-11-19
C12388,Customer 12388,Female,30,Indore,2025-09-02
C12389,Customer 12389,Male,53,Indore,2024-12-05
C12390,Customer 12390,Other,32,Indore,2025-01-24
C12391,Customer 12391,Male,23,Indore,2024-07-04
C12392,Customer 12392,Female,50,Indore,2024-05-13
C12393,Customer 12393,Female,58,Indore,2024-05-26
C12394,Customer 12394,Male,29,Bhopal,2024-04-22
C12395,Customer 12395,Male,60,Indore,2025-06-12
C12396,Customer 12396,Other,30,Indore,2025-03-08
C12397,Customer 12397,Male,50,Indore,2025-01-21
C12398,Customer 12398,Female,45,Indore,2024-12-31
C12399,Customer 12399,Male,53,Indore,2024-02-03
C12400,Customer 12400,Female,22,Indore,2024-03-02
C12401,Customer 12401,Female,42,Indore,2025-03-19
C12402,Customer 12402,Male,34,Indore,2024-07-14
C12403,Customer 12403,Male,54,Ujjain,2024-03-27
C12404,Customer 12404,Female,36,Indore,2025-09-26
C12405,Customer 12405,Male,52,Indore,2024-09-10
C12406,Customer 12406,Male,60,Indore,2024-05-06
C12407,Customer 12407,Female,51,Indore,2024-06-10
C12408,Customer 12408,Male,63,Ujjain,2024-11-11
C12409,Customer 12409,Male,23,Indore,2024-06-20
C12410,Customer 12410,Female,36,Dewas,2025-02-02
C12411,Customer 12411,Male,18,Indore,2024-11-26
C12412,Customer 12412,Male,24,Indore,2024-12-24
C12413,Customer 12413,Male,51,Indore,2024-09-08
C12414,Customer 12414,Female,36,Indore,2024-01-09
C12415,Customer 12415,Female,50,Indore,2024-08-26
C12416,Customer 12416,Female,43,Bhopal,2024-02-04
C12417,Customer 12417,Male,58,Indore,2025-09-07
C12418,Customer 12418,Male,59,Indore,2025-01-17
C12419,Customer 12419,Male,44,Ujjain,2025-10-30
C12420,Customer 12420,Male,55,Indore,2025-11-16
C12421,Customer 12421,Female,43,Bhopal,
C12422,Customer 12422,Male,52,Indore,2025-12-23
C12423,Customer 12423,Male,37,Indore,2025-12-30
C12424,Customer 12424,Male,41,Indore,2024-07-19
C12425,Customer 12425,Female,64,Indore,2024-08-20
C12426,Customer 12426,Female,38,Indore,2025-09-19
C12427,Customer 12427,Female,43,Indore,2025-05-10
C12428,Customer 12428,Female,37,Indore,2024-03-17
C12429,Customer 12429,Male,23,Indore,2024-08-05
C12430,Customer 12430,Male,20,Ujjain,2025-01-08
C12431,Customer 12431,Male,27,Indore,2024-02-22
C12432,Customer 12432,Female,29,Bhopal,2025-08-18
C12433,Customer 12433,Female,50,Indore,2024-09-14
C12434,Customer 12434,Female,39,Indore,2024-05-11
C12435,Customer 12435,Female,33,Indore,2025-12-11
C12436,Customer 12436,Female,34,Ujjain,2025-01-29
C12437,Customer 12437,Female,27,Indore,2025-08-17
C12438,Customer 12438,Female,29,Indore,2024-09-05
C12439,Customer 12439,Female,36,Dewas,2025-02-01
C12440,Customer 12440,Male,57,Indore,2024-03-09
C12441,Customer 12441,Female,40,Dewas,2025-10-15
C12442,Customer 12442,Female,57,Ujjain,2025-02-26
C12443,Customer 12443,Male,27,Ujjain,2025-10-13
C12444,Customer 12444,Female,27,Indore,2024-12-05
C12445,Customer 12445,Female,27,Indore,2025-01-08
C12446,Customer 12446,Male,56,Indore,2024-09-30
C12447,Customer 12447,Female,47,Indore,2024-09-13
C12448,Customer 12448,Male,21,Indore,2025-05-30
C12449,Customer 12449,Female,18,Indore,2024-09-24
C12450,Customer 12450,Female,60,Dewas,2024-12-22
C12451,Customer 12451,Male,36,Indore,2024-11-03
C12452,Customer 12452,Male,22,Bhopal,2025-08-24
C12453,Customer 12453,Female,47,Indore,2025-06-10
C12454,Customer 12454,Male,43,Indore,2025-10-09
C12455,Customer 12455,Male,57,Indore,2025-11-24
C12456,Customer 12456,Female,51,Ujjain,2025-05-05
C12457,Customer 12457,Male,19,Indore,2025-09-30
C12458,Customer 12458,Male,41,Indore,2025-09-29
C12459,Customer 12459,Female,31,Indore,2025-12-07
C12460,Customer 12460,Female,58,Indore,2024-07-16
C12461,Customer 12461,Female,59,Indore,2024-12-16
C12462,Customer 12462,Female,30,Bhopal,2024-08-05
C12463,Customer 12463,Male,46,Indore,2024-01-08
C12464,Customer 12464,Male,18,Indore,2024-08-18
C12465,Customer 12465,Male,63,Indore,2025-12-03
C12466,Customer 12466,Female,51,Indore,2024-04-02
C12467,Customer 12467,Female,21,Bhopal,2025-10-18
C12468,Customer 12468,Female,45,Indore,2024-01-16
C12469,Customer 12469,Female,36,Dewas,2025-09-16
C12470,Customer 12470,Female,18,Dewas,2024-07-14
C12471,Customer 12471,Male,53,Indore,2025-04-08
C12472,Customer 12472,Male,60,Indore,2024-07-23
C12473,Customer 12473,Male,30,Ujjain,2025-08-02
C12474,Customer 12474,Male,59,Indore,2024-05-06
C12475,Customer 12475,Female,22,Indore,2024-06-08
C12476,Customer 12476,Male,50,Indore,2025-05-15
C12477,Customer 12477,Female,31,Indore,2025-04-10
C12478,Customer 12478,Female,33,Bhopal,2025-05-12
C12479,Customer 12479,Male,49,Indore,2025-03-23
C12480,Customer 12480,Male,44,Dewas,2025-04-08
C12481,Customer 12481,Male,52,Indore,2024-12-07
C12482,Customer 12482,Male,20,Bhopal,2025-05-22
C12483,Customer 12483,Female,21,Indore,2025-10-25
C12484,Customer 12484,Male,24,Ujjain,2024-10-10
C12485,Customer 12485,Female,30,Ujjain,2024-05-30
C12486,Customer 12486,Female,58,Indore,2025-07-28
C12487,Customer 12487,Female,20,Indore,2025-11-26
C12488,Customer 12488,Female,34,Indore,2024-07-31
C12489,Customer 12489,Male,64,Indore,2025-08-07
C12490,Customer 12490,Male,27,Indore,2024-11-17
C12491,Customer 12491,Male,64,Dewas,2025-10-27
C12492,Customer 12492,Male,18,Indore,2024-07-06
C12493,Customer 12493,Female,45,Indore,2025-07-25
C12494,Customer 12494,Female,27,Indore,2024-07-01
C12495,Customer 12495,Male,24,Indore,2025-01-18
C12496,Customer 12496,Male,56,Indore,2024-01-25
C12497,Customer 12497,Male,20,Indore,2025-06-20
C12498,Customer 12498,Female,24,Indore,2024-11-09
C12499,Customer 12499,Female,26,Indore,2024-02-07
C12500,Customer 12500,Female,57,Indore,2024-10-28
C12501,Customer 12501,Female,52,Indore,2025-01-03
C12502,Customer 12502,Male,43,Bhopal,2024-04-09
C12503,Customer 12503,Male,22,Indore,2025-01-22
C12504,Customer 12504,Male,30,Bhopal,2025-10-20
C12505,Customer 12505,Male,62,Indore,2025-03-21
C12506,Customer 12506,Female,47,Indore,2025-04-14
C12507,Customer 12507,Female,57,Indore,2024-02-24
C12508,Customer 12508,Female,56,Indore,2025-05-10
C12509,Customer 12509,Male,27,Indore,2025-08-06
C12510,Customer 12510,Male,59,Dewas,2024-05-06
C12511,Customer 12511,Male,40,Bhopal,2024-11-16
C12512,Customer 12512,Female,28,Bhopal,2024-03-08
C12513,Customer 12513,Female,29,Indore,2025-01-30
C12514,Customer 12514,Male,30,Indore,2024-06-01
C12515,Customer 12515,Female,57,Indore,2024-05-28
C12516,Customer 12516,Female,63,Indore,2025-02-06
C12517,Customer 12517,Male,33,Indore,2024-08-13
C12518,Customer 12518,Female,26,Indore,2025-11-22
C12519,Customer 12519,Male,27,Dewas,2024-11-05
C12520,Customer 12520,Female,46,Indore,2025-02-22
C12521,Customer 12521,Female,26,Dewas,2025-05-29
C12522,Customer 12522,Other,50,Bhopal,2024-10-15
C12523,Customer 12523,Male,41,Indore,2024-07-19
C12524,Customer 12524,Male,52,Dewas,2025-06-02
C12525,Customer 12525,Male,28,Indore,2025-10-28
C12526,Customer 12526,Male,56,Indore,2024-06-16
C12527,Customer 12527,Female,30,Indore,2025-11-05
C12528,Customer 12528,Female,40,Indore,2024-12-02
C12529,Customer 12529,Male,42,Indore,2024-10-21
C12530,Customer 12530,Male,33,Indore,2025-01-14
C12531,Customer 12531,Male,65,Indore,2024-01-11
C12532,Customer 12532,Male,38,Dewas,2024-12-22
C12533,Customer 12533,Male,27,Indore,2024-05-10
C12534,Customer 12534,Male,58,Indore,2024-07-23
C12535,Customer 12535,Female,57,Indore,2025-03-11
C12536,Customer 12536,Male,36,Indore,2024-11-11
C12537,Customer 12537,Female,52,Indore,2025-08-26
C12538,Customer 12538,Female,45,Indore,2024-11-09
C12539,Customer 12539,Male,58,Indore,2025-04-30
C12540,Customer 12540,Female,19,Indore,2024-04-20
C12541,Customer 12541,Female,47,Indore,2024-10-16
C12542,Customer 12542,Female,57,Indore,2024-09-03
C12543,Customer 12543,Male,57,Indore,2025-02-15
C12544,Customer 12544,Male,22,Indore,2025-07-26
C12545,Customer 12545,Female,55,Indore,2025-03-25
C12546,Customer 12546,Female,59,Indore,2025-09-13
C12547,Customer 12547,Male,32,Indore,2025-02-24
C12548,Customer 12548,Male,53,Indore,2025-02-03
C12549,Customer 12549,Male,20,Indore,2025-03-31
C12550,Customer 12550,Male,41,Indore,2024-05-04
C12551,Customer 12551,Female,58,Indore,2025-12-15
C12552,Customer 12552,Male,65,Indore,2024-09-16
C12553,Customer 12553,Male,65,Indore,2025-06-18
C12554,Customer 12554,Female,64,Indore,2025-12-12
C12555,Customer 12555,Male,58,Indore,2024-03-20
C12556,Customer 12556,Female,29,Indore,2024-09-28
C12557,Customer 12557,Female,25,Indore,2025-07-18
C12558,Customer 12558,Male,31,Dewas,2025-02-21
C12559,Customer 12559,Female,35,Indore,2025-02-05
C12560,Customer 12560,Female,61,Indore,2024-02-22
C12561,Customer 12561,Male,63,Indore,2024-09-28
C12562,Customer 12562,Male,37,Indore,2024-08-15
C12563,Customer 12563,Female,40,Indore,2025-11-22
C12564,Customer 12564,Female,22,Bhopal,2025-01-05
C12565,Customer 12565,Female,18,Indore,2025-12-12
C12566,Customer 12566,Male,62,Indore,2024-07-10
C12567,Customer 12567,Female,63,Indore,2024-01-23
C12568,Customer 12568,Male,19,Indore,2025-07-05
C12569,Customer 12569,Female,33,Indore,2024-12-01
C12570,Customer 12570,Female,22,Indore,2024-08-17
C12571,Customer 12571,Female,39,Indore,2025-06-13
C12572,Customer 12572,Female,18,Indore,2025-05-02
C12573,Customer 12573,Female,29,Indore,2024-06-12
C12574,Customer 12574,Female,36,Indore,2025-02-26
C12575,Customer 12575,Male,39,Indore,2024-12-25
C12576,Customer 12576,Female,59,Indore,2024-06-17
C12577,Customer 12577,Female,61,Indore,2025-05-27
C12578,Customer 12578,Male,65,Indore,2024-12-13
C12579,Customer 12579,Male,34,Indore,2024-07-17
C12580,Customer 12580,Male,30,Indore,2024-07-30
C12581,Customer 12581,Female,56,Dewas,2025-11-12
C12582,Customer 12582,Female,45,Indore,2024-05-31
C12583,Customer 12583,Male,20,Indore,2025-07-30
C12584,Customer 12584,Female,22,Dewas,2025-06-13
C12585,Customer 12585,Male,53,Indore,2024-03-30
C12586,Customer 12586,Female,32,Indore,2024-01-14
C12587,Customer 12587,Male,34,Indore,2024-01-19
C12588,Customer 12588,Male,61,Indore,2024-03-22
C12589,Customer 12589,Male,63,Indore,2025-09-12
C12590,Customer 12590,Male,46,Indore,2025-06-02
C12591,Customer 12591,Female,21,Bhopal,2024-01-02
C12592,Customer 12592,Female,49,Indore,2024-09-19
C12593,Customer 12593,Male,60,Indore,2025-06-23
C12594,Customer 12594,Male,55,Indore,2025-05-04
C12595,Customer 12595,Male,21,Indore,2024-12-02
C12596,Customer 12596,Female,30,Indore,2024-10-12
C12597,Customer 12597,Female,37,Indore,2024-09-10
C12598,Customer 12598,Male,64,Indore,2025-08-19
C12599,Customer 12599,Female,35,Indore,2025-04-29
C12600,Customer 12600,Male,59,Dewas,2024-07-19
C12601,Customer 12601,Female,54,Indore,2024-10-18
C12602,Customer 12602,Female,29,Indore,2024-10-04
C12603,Customer 12603,Female,42,Indore,2024-11-30
C12604,Customer 12604,Female,47,Indore,2025-08-12
C12605,Customer 12605,Female,32,Indore,2025-02-14
C12606,Customer 12606,Female,53,Indore,2024-07-28
C12607,Customer 12607,Female,25,Bhopal,2025-09-29
C12608,Customer 12608,Male,45,Indore,2024-01-10
C12609,Customer 12609,Male,39,Indore,2024-08-27
C12610,Customer 12610,Male,55,Indore,2024-06-18
C12611,Customer 12611,Female,33,Ujjain,2025-11-11
C12612,Customer 12612,Male,22,Indore,2025-04-17
C12613,Customer 12613,Male,63,Indore,2025-04-16
C12614,Customer 12614,Male,51,Indore,2025-11-26
C12615,Customer 12615,Male,55,Indore,2024-08-16
C12616,Customer 12616,Female,28,Indore,2025-02-11
C12617,Customer 12617,Female,19,Indore,2025-02-02
C12618,Customer 12618,Female,42,Indore,2024-07-21
C12619,Customer 12619,Female,42,Indore,2025-11-14
C12620,Customer 12620,Female,18,Indore,2025-08-15
C12621,Customer 12621,Male,48,Bhopal,2024-02-18
C12622,Customer 12622,Male,22,Bhopal,2025-12-27
C12623,Customer 12623,Female,57,Indore,2025-11-19
C12624,Customer 12624,Male,21,Ujjain,2024-04-04
C12625,Customer 12625,Male,22,Indore,2024-04-27
C12626,Customer 12626,Female,22,Indore,2025-09-01
C12627,Customer 12627,Male,33,Indore,2024-03-14
C12628,Customer 12628,Male,35,Ujjain,2024-02-06
C12629,Customer 12629,Male,60,Indore,2024-11-25
C12630,Customer 12630,Male,34,Indore,2025-03-01
C12631,Customer 12631,Male,52,Dewas,2024-07-05
C12632,Customer 12632,Male,35,Indore,2025-01-18
C12633,Customer 12633,Female,21,Indore,2025-04-03
C12634,Customer 12634,Female,48,Indore,2024-11-04
C12635,Customer 12635,Male,48,Indore,2025-03-01
C12636,Customer 12636,Female,26,Indore,2025-01-26
C12637,Customer 12637,Male,48,Indore,2024-11-26
C12638,Customer 12638,Male,22,Indore,2025-02-11
C12639,Customer 12639,Male,53,Indore,2024-11-02
C12640,Customer 12640,Female,33,Indore,2024-03-11
C12641,Customer 12641,Male,59,Indore,2025-03-19
C12642,Customer 12642,Female,58,Indore,2024-05-28
C12643,Customer 12643,Female,33,Indore,2025-03-12
C12644,Customer 12644,Female,37,Indore,2024-09-18
C12645,Customer 12645,Female,47,Indore,2025-10-13
C12646,Customer 12646,Female,43,Dewas,2024-12-22
C12647,Customer 12647,Male,48,Ujjain,2024-10-31
C12648,Customer 12648,Male,32,Indore,2025-06-26
C12649,Customer 12649,Female,58,Ujjain,2024-06-03
C12650,Customer 12650,Female,55,Indore,2024-04-25
C12651,Customer 12651,Male,55,Indore,2025-12-21
C12652,Customer 12652,Male,60,Indore,2025-09-18
C12653,Customer 12653,Male,37,Indore,2024-02-20
C12654,Customer 12654,Male,52,Indore,2024-03-12
C12655,Customer 12655,Male,40,Indore,2025-10-01
C12656,Customer 12656,Female,61,Indore,2024-05-22
C12657,Customer 12657,Female,64,Indore,2024-06-15
C12658,Customer 12658,Male,56,Indore,2024-03-10
C12659,Customer 12659,Female,42,Indore,2025-05-10
C12660,Customer 12660,Female,39,Indore,2025-06-03
C12661,Customer 12661,Male,64,Indore,2024-06-11
C12662,Customer 12662,Male,25,Indore,2025-07-28
C12663,Customer 12663,Female,26,Indore,2024-10-13
C12664,Customer 12664,Female,32,Indore,2024-08-21
C12665,Customer 12665,Male,65,Indore,2025-12-30
C12666,Customer 12666,Other,37,Bhopal,2024-12-09
C12667,Customer 12667,Male,52,Indore,2024-09-09
C12668,Customer 12668,Male,54,Indore,2025-12-06
C12669,Customer 12669,Male,20,Indore,2024-09-13
C12670,Customer 12670,Male,51,Indore,2025-05-20
C12671,Customer 12671,Female,51,Bhopal,2025-04-15
C12672,Customer 12672,Female,53,Indore,2024-10-15
C12673,Customer 12673,Male,52,Bhopal,2025-09-11
C12674,Customer 12674,Female,26,Indore,2025-07-02
C12675,Customer 12675,Female,47,Indore,2025-05-19
C12676,Customer 12676,Male,43,Dewas,2025-06-06
C12677,Customer 12677,Female,29,Indore,2024-03-24
C12678,Customer 12678,Male,41,Indore,2025-12-30
C12679,Customer 12679,Female,58,Indore,2025-07-12
C12680,Customer 12680,Male,36,Indore,2024-12-10
C12681,Customer 12681,Female,61,Indore,2025-01-13
C12682,Customer 12682,Male,33,Indore,2024-05-11
C12683,Customer 12683,Female,43,Indore,2024-07-29
C12684,Customer 12684,Female,40,Indore,2025-12-17
C12685,Customer 12685,Male,50,Indore,2025-08-17
C12686,Customer 12686,Male,59,Dewas,2024-03-17
C12687,Customer 12687,Male,47,Indore,2024-05-19
C12688,Customer 12688,Female,40,Indore,2024-05-07
C12689,Customer 12689,Male,27,Indore,2024-03-06
C12690,Customer 12690,Female,53,Indore,2025-10-24
C12691,Customer 12691,Male,48,Indore,2025-07-20
C12692,Customer 12692,Male,60,Indore,2024-05-26
C12693,Customer 12693,Male,39,Indore,2024-03-07
C12694,Customer 12694,Male,60,Dewas,2025-04-16
C12695,Customer 12695,Female,60,Indore,2024-05-30
C12696,Customer 12696,Female,55,Indore,2024-01-04
C12697,Customer 12697,Male,64,Bhopal,2024-01-18
C12698,Customer 12698,Female,19,Indore,2025-06-07
C12699,Customer 12699,Male,40,Indore,2024-09-12
C12700,Customer 12700,Female,52,Indore,2025-05-23
C12701,Customer 12701,Male,54,Ujjain,2024-02-04
C12702,Customer 12702,Female,49,Indore,2025-07-08
C12703,Customer 12703,Female,60,Indore,2025-08-12
C12704,Customer 12704,Male,29,Indore,2025-05-21
C12705,Customer 12705,Female,52,Indore,2024-11-18
C12706,Customer 12706,Male,58,Ujjain,2025-03-28
C12707,Customer 12707,Male,20,Dewas,2024-12-24
C12708,Customer 12708,Male,51,Indore,2024-02-21
C12709,Customer 12709,Male,55,Indore,2025-06-12
C12710,Customer 12710,Male,41,Indore,2025-12-23
C12711,Customer 12711,Male,55,Indore,2024-02-02
C12712,Customer 12712,Male,34,Indore,2024-11-23
C12713,Customer 12713,Male,57,Indore,2025-03-11
C12714,Customer 12714,Female,18,Indore,2025-02-22
C12715,Customer 12715,Female,25,Indore,2024-03-17
C12716,Customer 12716,Male,32,Indore,2025-08-02
C12717,Customer 12717,Male,62,Dewas,2024-02-19
C12718,Customer 12718,Male,42,Indore,2025-03-17
C12719,Customer 12719,Female,25,Indore,2025-10-31
C12720,Customer 12720,Female,49,Indore,2024-07-16
C12721,Customer 12721,Male,30,Indore,2025-04-07
C12722,Customer 12722,Male,63,Indore,2025-01-11
C12723,Customer 12723,Male,32,Indore,2025-06-29
C12724,Customer 12724,Male,23,Indore,2025-03-11
C12725,Customer 12725,Female,50,Indore,2025-12-24
C12726,Customer 12726,Female,24,Indore,2024-09-28
C12727,Customer 12727,Male,50,Indore,2025-07-29
C12728,Customer 12728,Female,64,Indore,2024-06-03
C12729,Customer 12729,Male,46,Indore,2024-11-16
C12730,Customer 12730,Male,55,Indore,2024-09-25
C12731,Customer 12731,Female,54,Indore,2025-07-05
C12732,Customer 12732,Female,61,Indore,2024-06-08
C12733,Customer 12733,Male,49,Indore,2024-11-18
C12734,Customer 12734,Male,20,Indore,2024-01-14
C12735,Customer 12735,Female,37,Indore,2025-01-10
C12736,Customer 12736,Female,31,Indore,2024-04-29
C12737,Customer 12737,Male,45,Indore,2024-11-09
C12738,Customer 12738,Male,55,Ujjain,2024-12-13
C12739,Customer 12739,Male,21,Indore,2024-02-15
C12740,Customer 12740,Female,32,Dewas,2024-12-11
C12741,Customer 12741,Female,34,Indore,2025-04-13
C12742,Customer 12742,Male,54,Indore,2025-01-16
C12743,Customer 12743,Female,41,Indore,2025-09-13
C12744,Customer 12744,Female,55,Indore,2025-01-05
C12745,Customer 12745,Male,59,Bhopal,2025-04-03
C12746,Customer 12746,Male,58,Indore,2024-08-06
C12747,Customer 12747,Female,53,Dewas,2024-04-30
C12748,Customer 12748,Female,58,Indore,2024-10-15
C12749,Customer 12749,Female,25,Indore,2025-05-26
C12750,Customer 12750,Female,20,Indore,2025-07-11
C12751,Customer 12751,Male,47,Indore,2024-12-03
C12752,Customer 12752,Male,39,Indore,2025-01-15
C12753,Customer 12753,Female,50,Indore,2025-05-20
C12754,Customer 12754,Male,42,Indore,2025-07-19
C12755,Customer 12755,Female,47,Indore,2025-01-22
C12756,Customer 12756,Female,54,Dewas,2025-07-19
C12757,Customer 12757,Female,20,Indore,2024-01-04
C12758,Customer 12758,Male,21,Bhopal,2025-08-14
C12759,Customer 12759,Female,46,Dewas,2024-07-19
C12760,Customer 12760,Female,49,Indore,2024-07-20
C12761,Customer 12761,Female,40,Indore,2024-09-12
C12762,Customer 12762,Male,36,Indore,2024-07-17
C12763,Customer 12763,Male,32,Indore,2024-03-13
C12764,Customer 12764,Male,33,Ujjain,2025-11-18
C12765,Customer 12765,Male,40,Indore,2024-08-06
C12766,Customer 12766,Male,57,Indore,2025-03-08
C12767,Customer 12767,Female,63,Indore,2025-02-10
C12768,Customer 12768,Female,54,Indore,2024-04-02
C12769,Customer 12769,Female,18,Indore,2025-10-25
C12770,Customer 12770,Female,36,Indore,2024-03-20
C12771,Customer 12771,Male,54,Bhopal,2024-07-26
C12772,Customer 12772,Female,52,Indore,2024-04-01
C12773,Customer 12773,Male,47,Indore,2025-06-15
C12774,Customer 12774,Male,34,Bhopal,2024-02-22
C12775,Customer 12775,Male,56,Indore,2024-03-23
C12776,Customer 12776,Female,43,Indore,2024-03-14
C12777,Customer 12777,Female,30,Indore,2025-02-13
C12778,Customer 12778,Male,39,Indore,2025-03-19
C12779,Customer 12779,Female,63,Indore,2024-05-09
C12780,Customer 12780,Male,40,Indore,2024-07-02
C12781,Customer 12781,Male,61,Indore,2025-07-31
C12782,Customer 12782,Female,60,Indore,2025-10-26
C12783,Customer 12783,Female,50,Indore,2024-12-30
C12784,Customer 12784,Female,44,Indore,2024-07-14
C12785,Customer 12785,Female,52,Bhopal,2024-01-15
C12786,Customer 12786,Female,29,Dewas,2024-07-28
C12787,Customer 12787,Female,26,Indore,2024-05-14
C12788,Customer 12788,Female,51,Indore,2025-01-18
C12789,Customer 12789,Female,31,Indore,2025-04-19
C12790,Customer 12790,Female,54,Indore,2025-08-16
C12791,Customer 12791,Other,20,Indore,2025-08-05
C12792,Customer 12792,Male,61,Indore,2025-05-18
C12793,Customer 12793,Female,61,Indore,2025-04-21
C12794,Customer 12794,Male,38,Bhopal,2024-10-23
C12795,Customer 12795,Male,24,Indore,2025-01-16
C12796,Customer 12796,Female,50,Indore,2025-03-19
C12797,Customer 12797,Male,52,Indore,2025-11-14
C12798,Customer 12798,Female,28,Indore,2024-05-02
C12799,Customer 12799,Female,62,Indore,2024-10-15
C12800,Customer 12800,Male,49,Indore,2024-07-28
C12801,Customer 12801,Male,39,Indore,2025-05-08
C12802,Customer 12802,Female,59,Indore,2025-07-29
C12803,Customer 12803,Male,36,Dewas,2025-01-24
C12804,Customer 12804,Male,53,Bhopal,2024-03-03
C12805,Customer 12805,Male,54,Dewas,2025-02-12
C12806,Customer 12806,Female,28,Indore,2025-06-03
C12807,Customer 12807,Female,58,Indore,2024-09-01
C12808,Customer 12808,Female,30,Indore,2024-06-13
C12809,Customer 12809,Male,45,Indore,2024-04-02
C12810,Customer 12810,Female,32,Indore,2024-10-10
C12811,Customer 12811,Female,30,Indore,2025-12-11
C12812,Customer 12812,Male,60,Indore,2024-05-03
C12813,Customer 12813,Female,50,Indore,2025-07-20
C12814,Customer 12814,Female,25,Indore,2024-07-08
C12815,Customer 12815,Female,49,Indore,2025-10-16
C12816,Customer 12816,Male,54,Ujjain,2024-11-12
C12817,Customer 12817,Male,65,Bhopal,2025-08-31
C12818,Customer 12818,Male,21,Indore,2024-07-15
C12819,Customer 12819,Male,35,Dewas,2024-10-11
C12820,Customer 12820,Female,40,Indore,2025-08-15
C12821,Customer 12821,Male,46,Indore,2024-04-18
C12822,Customer 12822,Female,19,Dewas,2024-07-27
C12823,Customer 12823,Male,30,Indore,2024-04-24
C12824,Customer 12824,Male,33,Bhopal,2025-05-20
C12825,Customer 12825,Female,25,Indore,2024-11-26
C12826,Customer 12826,Male,36,Indore,2024-07-22
C12827,Customer 12827,Female,49,Indore,2025-12-13
C12828,Customer 12828,Male,20,Indore,2025-10-28
C12829,Customer 12829,Male,49,Indore,2024-11-10
C12830,Customer 12830,Female,58,Indore,2024-09-21
C12831,Customer 12831,Female,38,Indore,2024-10-15
C12832,Customer 12832,Male,42,Indore,2025-08-04
C12833,Customer 12833,Male,34,Indore,2025-11-21
C12834,Customer 12834,Female,42,Indore,2025-04-25
C12835,Customer 12835,Female,50,Indore,2025-11-10
C12836,Customer 12836,Female,48,Indore,2024-01-06
C12837,Customer 12837,Male,53,Indore,2025-10-05
C12838,Customer 12838,Other,40,Indore,2024-05-20
C12839,Customer 12839,Male,64,Indore,2024-10-08
C12840,Customer 12840,Male,61,Ujjain,2024-10-16
C12841,Customer 12841,Female,42,Indore,2024-07-23
C12842,Customer 12842,Male,61,Indore,2025-11-23
C12843,Customer 12843,Male,65,Indore,2025-07-12
C12844,Customer 12844,Male,47,Indore,2024-11-27
C12845,Customer 12845,Male,30,Indore,2025-10-09
C12846,Customer 12846,Female,60,Indore,2025-02-06
C12847,Customer 12847,Female,64,Indore,2024-08-20
C12848,Customer 12848,Male,46,Indore,2025-12-14
C12849,Customer 12849,Female,33,Indore,2024-02-01
C12850,Customer 12850,Female,55,Indore,2024-07-10
C12851,Customer 12851,Female,44,Indore,2025-02-10
C12852,Customer 12852,Male,43,Indore,2025-08-25
C12853,Customer 12853,Other,28,Indore,2025-08-05
C12854,Customer 12854,Female,64,Dewas,2024-10-24
C12855,Customer 12855,Male,54,Indore,2024-02-04
C12856,Customer 12856,Male,20,Bhopal,2024-08-07
C12857,Customer 12857,Male,43,Indore,2025-12-11
C12858,Customer 12858,Female,51,Indore,2025-09-09
C12859,Customer 12859,Male,50,Dewas,2024-11-27
C12860,Customer 12860,Female,32,Indore,2024-02-21
C12861,Customer 12861,Male,19,Indore,2024-01-17
C12862,Customer 12862,Female,45,Indore,2024-01-09
C12863,Customer 12863,Male,37,Indore,2024-06-28
C12864,Customer 12864,Female,55,Indore,2024-01-03
C12865,Customer 12865,Female,61,Bhopal,2024-10-04
C12866,Customer 12866,Male,33,Indore,2025-11-24
C12867,Customer 12867,Male,63,Indore,2024-06-15
C12868,Customer 12868,Male,21,Indore,2024-09-07
C12869,Customer 12869,Female,25,Indore,2024-09-30
C12870,Customer 12870,Female,61,Ujjain,2025-08-15
C12871,Customer 12871,Male,63,Indore,2024-01-27
C12872,Customer 12872,Male,37,Indore,2024-04-27
C12873,Customer 12873,Male,43,Indore,2024-12-17
C12874,Customer 12874,Female,49,Indore,2024-07-13
C12875,Customer 12875,Female,30,Ujjain,2025-10-14
C12876,Customer 12876,Female,22,Indore,2024-09-29
C12877,Customer 12877,Male,61,Indore,2024-11-12
C12878,Customer 12878,Male,59,Indore,2025-02-05
C12879,Customer 12879,Female,30,Indore,2025-06-12
C12880,Customer 12880,Male,58,Indore,2025-11-26
C12881,Customer 12881,Female,28,Indore,2024-02-17
C12882,Customer 12882,Male,54,Indore,2024-01-16
C12883,Customer 12883,Male,49,Indore,2025-04-14
C12884,Customer 12884,Female,62,Bhopal,2025-12-05
C12885,Customer 12885,Other,59,Indore,2024-10-09
C12886,Customer 12886,Female,35,Indore,2024-01-14
C12887,Customer 12887,Male,46,Indore,2024-12-13
C12888,Customer 12888,Male,32,Indore,2025-01-01
C12889,Customer 12889,Female,37,Indore,2024-08-15
C12890,Customer 12890,Female,61,Indore,2025-09-19
C12891,Customer 12891,Female,53,Indore,2025-01-07
C12892,Customer 12892,Male,22,Ujjain,2025-06-24
C12893,Customer 12893,Female,57,Indore,2025-06-23
C12894,Customer 12894,Female,54,Indore,2025-02-08
C12895,Customer 12895,Female,50,Indore,2025-02-11
C12896,Customer 12896,Female,35,Dewas,2025-07-11
C12897,Customer 12897,Male,36,Indore,2024-02-29
C12898,Customer 12898,Female,49,Indore,2025-10-21
C12899,Customer 12899,Female,59,Indore,2024-02-21
C12900,Customer 12900,Female,39,Indore,2024-05-29
C12901,Customer 12901,Female,58,Ujjain,2025-10-17
C12902,Customer 12902,Female,18,Indore,2025-10-22
C12903,Customer 12903,Female,42,Indore,2024-06-20
C12904,Customer 12904,Male,37,Dewas,2024-11-13
C12905,Customer 12905,Male,52,Indore,2025-10-22
C12906,Customer 12906,Male,62,Indore,2025-09-07
C12907,Customer 12907,Male,23,Indore,2025-05-03
C12908,Customer 12908,Male,23,Indore,2025-10-12
C12909,Customer 12909,Male,54,Dewas,2025-09-23
C12910,Customer 12910,Male,20,Indore,2025-07-02
C12911,Customer 12911,Male,54,Indore,2025-11-14
C12912,Customer 12912,Male,48,Ujjain,2024-05-03
C12913,Customer 12913,Male,52,Indore,2024-10-04
C12914,Customer 12914,Female,62,Indore,2024-07-30
C12915,Customer 12915,Female,32,Indore,2025-12-06
C12916,Customer 12916,Male,34,Dewas,
C12917,Customer 12917,Female,32,Indore,2025-04-03
C12918,Customer 12918,Female,22,Ujjain,2025-06-16
C12919,Customer 12919,Male,39,Indore,2025-10-18
C12920,Customer 12920,Female,63,Indore,2024-10-18
C12921,Customer 12921,Female,28,Bhopal,2024-05-21
C12922,Customer 12922,Female,45,Indore,2025-11-07
C12923,Customer 12923,Male,31,Indore,2025-01-22
C12924,Customer 12924,Female,56,Dewas,2025-10-07
C12925,Customer 12925,Male,20,Indore,2024-06-26
C12926,Customer 12926,Female,59,Indore,2024-03-25
C12927,Customer 12927,Other,28,Indore,2024-07-23
C12928,Customer 12928,Female,47,Indore,2025-07-03
C12929,Customer 12929,Female,55,Indore,2024-11-30
C12930,Customer 12930,Male,22,Indore,2025-01-23
C12931,Customer 12931,Other,39,Ujjain,2024-06-14
C12932,Customer 12932,Female,30,Indore,2025-06-19
C12933,Customer 12933,Male,61,Indore,2025-06-13
C12934,Customer 12934,Female,38,Indore,2025-11-02
C12935,Customer 12935,Male,54,Indore,2024-08-09
C12936,Customer 12936,Male,42,Indore,2025-09-05
C12937,Customer 12937,Female,38,Indore,2024-11-23
C12938,Customer 12938,Male,45,Indore,2025-08-23
C12939,Customer 12939,Female,58,Bhopal,2025-10-31
C12940,Customer 12940,Male,21,Indore,2025-08-22
C12941,Customer 12941,Male,46,Indore,2025-02-17
C12942,Customer 12942,Female,64,Indore,2024-05-12
C12943,Customer 12943,Male,52,Dewas,2024-06-27
C12944,Customer 12944,Female,40,Bhopal,2024-10-15
C12945,Customer 12945,Female,24,Indore,2025-09-18
C12946,Customer 12946,Female,63,Indore,2024-12-14
C12947,Customer 12947,Female,63,Indore,2024-10-13
C12948,Customer 12948,Female,26,Indore,2024-12-29
C12949,Customer 12949,Male,40,Indore,2024-03-23
C12950,Customer 12950,Female,20,Dewas,2024-08-24
C12951,Customer 12951,Male,26,Indore,2025-03-13
C12952,Customer 12952,Female,21,Indore,2024-08-26
C12953,Customer 12953,Female,42,Indore,2025-03-20
C12954,Customer 12954,Female,23,Indore,2024-03-06
C12955,Customer 12955,Female,65,Indore,2025-10-21
C12956,Customer 12956,Female,35,Indore,2025-12-16
C12957,Customer 12957,Female,62,Indore,2024-04-23
C12958,Customer 12958,Female,24,Bhopal,2024-07-07
C12959,Customer 12959,Male,52,Indore,2025-08-18
C12960,Customer 12960,Male,48,Indore,2024-10-02
C12961,Customer 12961,Male,55,Indore,2025-09-03
C12962,Customer 12962,Female,49,Indore,2024-10-28
C12963,Customer 12963,Male,52,Dewas,2025-12-10
C12964,Customer 12964,Male,45,Bhopal,2025-06-29
C12965,Customer 12965,Male,61,Indore,2025-08-13
C12966,Customer 12966,Female,22,Bhopal,2025-10-04
C12967,Customer 12967,Female,47,Indore,2025-08-06
C12968,Customer 12968,Male,39,Indore,2025-10-12
C12969,Customer 12969,Male,34,Indore,2025-11-16
C12970,Customer 12970,Male,27,Bhopal,2025-04-24
C12971,Customer 12971,Male,24,Indore,2025-03-01
C12972,Customer 12972,Male,21,Indore,2024-01-17
C12973,Customer 12973,Female,59,Indore,2024-02-16
C12974,Customer 12974,Other,44,Indore,2024-01-30
C12975,Customer 12975,Male,24,Ujjain,2025-01-26
C12976,Customer 12976,Male,40,Indore,2024-02-09
C12977,Customer 12977,Male,28,Indore,2025-12-11
C12978,Customer 12978,Male,25,Indore,2025-10-29
C12979,Customer 12979,Male,25,Indore,2024-10-10
C12980,Customer 12980,Male,54,Indore,2024-02-28
C12981,Customer 12981,Male,22,Indore,2024-11-25
C12982,Customer 12982,Female,24,Indore,2025-12-26
C12983,Customer 12983,Female,39,Indore,2024-09-19
C12984,Customer 12984,Female,53,Indore,2024-11-19
C12985,Customer 12985,Male,19,Indore,2024-01-24
C12986,Customer 12986,Female,41,Indore,2024-12-19
C12987,Customer 12987,Female,19,Indore,2024-02-23
C12988,Customer 12988,Male,65,Indore,2025-11-14
C12989,Customer 12989,Male,29,Indore,2024-10-31
C12990,Customer 12990,Female,64,Indore,2024-11-14
C12991,Customer 12991,Male,59,Indore,2025-12-21
C12992,Customer 12992,Male,43,Indore,2024-02-14
C12993,Customer 12993,Female,55,Indore,2024-12-27
C12994,Customer 12994,Female,62,Indore,2025-04-05
C12995,Customer 12995,Male,23,Indore,2024-01-07
C12996,Customer 12996,Female,40,Dewas,2024-09-15
C12997,Customer 12997,Female,19,Indore,2024-03-28
C12998,Customer 12998,Male,43,Ujjain,2024-07-07
C12999,Customer 12999,Female,31,Indore,2025-03-30
C13000,Customer 13000,Male,35,Indore,2025-06-25
C13001,Customer 13001,Male,55,Indore,2025-05-31
C13002,Customer 13002,Female,49,Indore,2024-12-25
C13003,Customer 13003,Male,31,Bhopal,2025-01-03
C13004,Customer 13004,Male,47,Indore,2024-07-18
C13005,Customer 13005,Male,30,Indore,2024-01-07
C13006,Customer 13006,Female,57,Bhopal,2025-11-09
C13007,Customer 13007,Female,48,Indore,2025-01-20
C13008,Customer 13008,Male,54,Indore,2025-11-13
C13009,Customer 13009,Female,62,Indore,2025-01-30
C13010,Customer 13010,Male,55,Indore,2025-06-23
C13011,Customer 13011,Female,39,Dewas,2025-09-11
C13012,Customer 13012,Male,45,Indore,2024-05-26
C13013,Customer 13013,Female,36,Indore,2024-10-10
C13014,Customer 13014,Other,60,Indore,2024-04-08
C13015,Customer 13015,Female,33,Indore,2025-08-10
C13016,Customer 13016,Male,22,Indore,2025-08-26
C13017,Customer 13017,Female,61,Indore,2025-05-21
C13018,Customer 13018,Male,19,Indore,2025-04-18
C13019,Customer 13019,Female,27,Indore,
C13020,Customer 13020,Male,64,Indore,2024-05-26
C13021,Customer 13021,Male,36,Indore,2025-07-29
C13022,Customer 13022,Male,37,Indore,2025-05-17
C13023,Customer 13023,Male,46,Indore,2024-02-19
C13024,Customer 13024,Female,42,Indore,2025-06-05
C13025,Customer 13025,Female,34,Indore,2024-08-12
C13026,Customer 13026,Female,30,Indore,2024-03-22
C13027,Customer 13027,Female,62,Indore,2024-06-30
C13028,Customer 13028,Female,33,Indore,2025-06-05
C13029,Customer 13029,Male,52,Indore,2024-12-25
C13030,Customer 13030,Male,53,Indore,2024-08-22
C13031,Customer 13031,Male,56,Indore,2024-11-21
C13032,Customer 13032,Male,20,Indore,2025-04-11
C13033,Customer 13033,Male,26,Indore,2025-03-22
C13034,Customer 13034,Male,57,Indore,2025-06-29
C13035,Customer 13035,Male,63,Indore,2024-02-12
C13036,Customer 13036,Male,46,Indore,2025-01-16
C13037,Customer 13037,Female,22,Indore,2024-05-12
C13038,Customer 13038,Male,20,Indore,2025-02-06
C13039,Customer 13039,Female,27,Indore,2025-09-16
C13040,Customer 13040,Female,48,Indore,2025-01-04
C13041,Customer 13041,Female,28,Indore,2024-02-23
C13042,Customer 13042,Male,34,Indore,2025-10-15
C13043,Customer 13043,Male,57,Indore,2025-07-14
C13044,Customer 13044,Male,58,Indore,2024-06-07
C13045,Customer 13045,Male,25,Indore,2024-05-17
C13046,Customer 13046,Male,19,Indore,2025-06-16
C13047,Customer 13047,Female,21,Indore,2024-09-10
C13048,Customer 13048,Female,33,Ujjain,2024-10-28
C13049,Customer 13049,Female,58,Indore,
C13050,Customer 13050,Male,58,Indore,2025-09-10
C13051,Customer 13051,Male,38,Indore,2024-03-14
C13052,Customer 13052,Female,22,Indore,2025-06-15
C13053,Customer 13053,Male,52,Indore,2024-10-03
C13054,Customer 13054,Female,31,Dewas,2025-02-24
C13055,Customer 13055,Female,32,Indore,2024-02-26
C13056,Customer 13056,Male,23,Indore,2025-07-22
C13057,Customer 13057,Male,33,Dewas,2024-03-09
C13058,Customer 13058,Male,40,Ujjain,2024-07-16
C13059,Customer 13059,Male,48,Bhopal,2024-05-31
C13060,Customer 13060,Male,59,Indore,2025-12-20
C13061,Customer 13061,Male,63,Indore,2024-07-06
C13062,Customer 13062,Male,29,Dewas,2025-10-24
C13063,Customer 13063,Female,58,Ujjain,2024-02-16
C13064,Customer 13064,Female,36,Indore,2025-05-14
C13065,Customer 13065,Male,29,Indore,2025-12-20
C13066,Customer 13066,Female,62,Indore,2024-08-30
C13067,Customer 13067,Female,30,Indore,2024-06-28
C13068,Customer 13068,Female,19,Indore,2024-05-20
C13069,Customer 13069,Female,37,Indore,2025-05-13
C13070,Customer 13070,Male,48,Indore,2024-01-08
C13071,Customer 13071,Male,26,Indore,2024-04-11
C13072,Customer 13072,Female,38,Indore,2024-06-08
C13073,Customer 13073,Female,25,Indore,2025-04-14
C13074,Customer 13074,Female,56,Ujjain,2025-10-18
C13075,Customer 13075,Other,54,Indore,2024-01-05
C13076,Customer 13076,Female,46,Indore,2025-01-13
C13077,Customer 13077,Male,36,Indore,2025-01-15
C13078,Customer 13078,Male,52,Indore,2025-08-28
C13079,Customer 13079,Male,62,Ujjain,2025-12-29
C13080,Customer 13080,Female,55,Indore,2025-11-14
C13081,Customer 13081,Female,43,Indore,2025-10-11
C13082,Customer 13082,Female,28,Indore,2024-10-30
C13083,Customer 13083,Female,53,Indore,2024-06-04
C13084,Customer 13084,Female,52,Dewas,2024-10-26
C13085,Customer 13085,Female,21,Indore,2025-11-01
C13086,Customer 13086,Female,20,Indore,2024-09-28
C13087,Customer 13087,Male,62,Indore,2024-05-02
C13088,Customer 13088,Female,64,Bhopal,2025-05-25
C13089,Customer 13089,Female,29,Indore,2024-10-05
C13090,Customer 13090,Male,49,Indore,2025-01-01
C13091,Customer 13091,Male,64,Indore,2025-06-16
C13092,Customer 13092,Female,43,Ujjain,2025-12-20
C13093,Customer 13093,Male,60,Indore,2025-09-21
C13094,Customer 13094,Male,60,Indore,2024-05-02
C13095,Customer 13095,Male,30,Indore,2025-12-13
C13096,Customer 13096,Female,61,Indore,2025-01-20
C13097,Customer 13097,Female,55,Indore,2025-01-31
C13098,Customer 13098,Male,46,Indore,2024-10-27
C13099,Customer 13099,Male,36,Indore,2025-01-28
C13100,Customer 13100,Other,52,Indore,2025-08-25
C13101,Customer 13101,Female,65,Dewas,2025-08-15
C13102,Customer 13102,Female,58,Indore,2024-08-03
C13103,Customer 13103,Male,44,Indore,2024-01-01
C13104,Customer 13104,Male,63,Indore,2024-05-23
C13105,Customer 13105,Male,48,Indore,2024-09-06
C13106,Customer 13106,Female,20,Indore,2024-06-19
C13107,Customer 13107,Male,52,Indore,2024-05-13
C13108,Customer 13108,Male,41,Indore,2024-03-16
C13109,Customer 13109,Male,24,Indore,2025-04-24
C13110,Customer 13110,Male,52,Bhopal,2025-09-15
C13111,Customer 13111,Female,38,Indore,2024-09-23
C13112,Customer 13112,Male,18,Dewas,2025-04-10
C13113,Customer 13113,Female,61,Indore,2025-03-25
C13114,Customer 13114,Female,23,Indore,2024-04-05
C13115,Customer 13115,Male,56,Indore,2024-10-02
C13116,Customer 13116,Female,51,Indore,2025-07-03
C13117,Customer 13117,Female,35,Indore,2024-11-07
C13118,Customer 13118,Female,42,Indore,2024-12-12
C13119,Customer 13119,Male,32,Indore,2024-09-23
C13120,Customer 13120,Male,64,Indore,2024-09-30
C13121,Customer 13121,Male,49,Indore,2025-08-15
C13122,Customer 13122,Female,59,Indore,2024-04-07
C13123,Customer 13123,Female,35,Indore,2025-07-10
C13124,Customer 13124,Female,48,Indore,2025-10-27
C13125,Customer 13125,Male,46,Dewas,2024-11-10
C13126,Customer 13126,Male,32,Indore,2024-05-13
C13127,Customer 13127,Female,40,Indore,2025-07-08
C13128,Customer 13128,Male,55,Indore,2024-04-03
C13129,Customer 13129,Female,58,Ujjain,2024-06-28
C13130,Customer 13130,Male,28,Indore,2024-09-12
C13131,Customer 13131,Male,32,Indore,2024-01-17
C13132,Customer 13132,Male,40,Indore,2025-09-20
C13133,Customer 13133,Male,20,Indore,2025-07-11
C13134,Customer 13134,Male,36,Indore,2025-11-11
C13135,Customer 13135,Male,18,Indore,2024-05-20
C13136,Customer 13136,Male,41,Indore,2025-01-24
C13137,Customer 13137,Male,28,Indore,2025-12-26
C13138,Customer 13138,Male,47,Indore,2025-11-20
C13139,Customer 13139,Female,28,Indore,2024-02-17
C13140,Customer 13140,Male,56,Indore,2025-09-02
C13141,Customer 13141,Female,18,Indore,2024-09-18
C13142,Customer 13142,Female,29,Indore,2025-07-23
C13143,Customer 13143,Female,21,Indore,2024-09-09
C13144,Customer 13144,Female,42,Indore,2025-12-03
C13145,Customer 13145,Male,25,Indore,2025-05-27
C13146,Customer 13146,Female,32,Indore,2024-06-04
C13147,Customer 13147,Female,60,Indore,2025-08-25
C13148,Customer 13148,Female,47,Bhopal,2024-07-28
C13149,Customer 13149,Male,57,Dewas,2024-11-19
C13150,Customer 13150,Male,49,Indore,2024-02-10
C13151,Customer 13151,Male,61,Indore,2024-12-27
C13152,Customer 13152,Female,52,Indore,2025-01-06
C13153,Customer 13153,Female,38,Indore,2025-02-19
C13154,Customer 13154,Male,48,Indore,2025-09-26
C13155,Customer 13155,Female,53,Indore,2025-12-09
C13156,Customer 13156,Female,44,Ujjain,2025-10-23
C13157,Customer 13157,Male,61,Indore,2025-01-11
C13158,Customer 13158,Female,25,Indore,2024-11-08
C13159,Customer 13159,Female,40,Indore,2024-10-04
C13160,Customer 13160,Male,40,Indore,2024-11-17
C13161,Customer 13161,Female,59,Indore,2025-07-08
C13162,Customer 13162,Male,50,Bhopal,2024-02-03
C13163,Customer 13163,Female,30,Indore,2024-04-23
C13164,Customer 13164,Female,56,Indore,2024-01-02
C13165,Customer 13165,Female,52,Indore,2025-07-24
C13166,Customer 13166,Male,33,Indore,2024-02-05
C13167,Customer 13167,Male,29,Indore,2024-01-08
C13168,Customer 13168,Male,48,Indore,2024-06-09
C13169,Customer 13169,Female,22,Indore,2025-03-27
C13170,Customer 13170,Male,57,Indore,2025-06-13
C13171,Customer 13171,Female,61,Indore,2025-07-29
C13172,Customer 13172,Male,42,Indore,2025-07-26
C13173,Customer 13173,Male,38,Indore,2024-03-23
C13174,Customer 13174,Male,20,Indore,2024-01-10
C13175,Customer 13175,Female,65,Indore,2025-03-09
C13176,Customer 13176,Female,27,Indore,2025-09-09
C13177,Customer 13177,Male,40,Indore,2024-08-20
C13178,Customer 13178,Male,34,Dewas,2024-08-09
C13179,Customer 13179,Female,59,Indore,2025-07-04
C13180,Customer 13180,Male,52,Indore,2024-11-16
C13181,Customer 13181,Female,42,Indore,2025-10-06
C13182,Customer 13182,Female,19,Indore,2024-10-08
C13183,Customer 13183,Female,44,Indore,2024-04-29
C13184,Customer 13184,Female,63,Dewas,2024-03-03
C13185,Customer 13185,Female,26,Indore,2025-11-16
C13186,Customer 13186,Female,21,Ujjain,2025-06-26
C13187,Customer 13187,Female,43,Dewas,2024-06-17
C13188,Customer 13188,Female,49,Dewas,2025-10-13
C13189,Customer 13189,Male,46,Indore,2024-09-29
C13190,Customer 13190,Male,39,Indore,2025-10-19
C13191,Customer 13191,Male,64,Indore,2025-12-06
C13192,Customer 13192,Female,30,Indore,2025-01-03
C13193,Customer 13193,Female,40,Indore,2025-04-16
C13194,Customer 13194,Male,48,Dewas,2024-10-21
C13195,Customer 13195,Male,58,Ujjain,2024-03-14
C13196,Customer 13196,Male,53,Indore,2025-04-03
C13197,Customer 13197,Female,57,Indore,2025-10-09
C13198,Customer 13198,Female,48,Indore,2025-08-25
C13199,Customer 13199,Female,32,Indore,2025-06-21
C13200,Customer 13200,Male,31,Indore,2025-08-10
C13201,Customer 13201,Female,52,Indore,2025-06-30
C13202,Customer 13202,Male,41,Indore,2024-07-25
C13203,Customer 13203,Female,47,Ujjain,2024-06-13
C13204,Customer 13204,Male,47,Indore,2024-05-03
C13205,Customer 13205,Male,44,Indore,2024-09-29
C13206,Customer 13206,Male,57,Indore,2025-01-16
C13207,Customer 13207,Male,31,Ujjain,2025-04-18
C13208,Customer 13208,Female,62,Dewas,2024-12-19
C13209,Customer 13209,Male,64,Indore,2024-04-06
C13210,Customer 13210,Male,28,Ujjain,2024-03-22
C13211,Customer 13211,Female,64,Indore,2025-06-20
C13212,Customer 13212,Female,61,Ujjain,2024-12-26
C13213,Customer 13213,Male,43,Indore,2024-03-01
C13214,Customer 13214,Female,38,Indore,2024-04-03
C13215,Customer 13215,Female,26,Ujjain,2024-12-30
C13216,Customer 13216,Male,64,Indore,2025-10-14
C13217,Customer 13217,Male,18,Ujjain,2024-10-22
C13218,Customer 13218,Male,61,Indore,2025-11-12
C13219,Customer 13219,Female,23,Indore,2024-06-18
C13220,Customer 13220,Male,18,Indore,2024-10-25
C13221,Customer 13221,Male,39,Indore,2025-12-08
C13222,Customer 13222,Female,30,Bhopal,2025-10-29
C13223,Customer 13223,Female,55,Indore,2025-09-02
C13224,Customer 13224,Male,62,Dewas,2024-11-12
C13225,Customer 13225,Female,58,Indore,2025-10-06
C13226,Customer 13226,Male,57,Indore,2025-10-12
C13227,Customer 13227,Male,48,Indore,2024-09-20
C13228,Customer 13228,Female,32,Indore,2025-10-22
C13229,Customer 13229,Female,19,Indore,2025-04-24
C13230,Customer 13230,Male,48,Indore,2024-09-17
C13231,Customer 13231,Female,43,Dewas,2025-06-29
C13232,Customer 13232,Female,19,Indore,2025-06-04
C13233,Customer 13233,Male,28,Indore,2024-02-12
C13234,Customer 13234,Female,50,Bhopal,2024-04-05
C13235,Customer 13235,Male,35,Indore,2025-01-28
C13236,Customer 13236,Other,38,Indore,2025-06-07
C13237,Customer 13237,Female,48,Indore,2024-12-20
C13238,Customer 13238,Male,43,Indore,2025-02-05
C13239,Customer 13239,Male,47,Indore,2025-04-15
C13240,Customer 13240,Male,56,Indore,2025-10-13
C13241,Customer 13241,Male,38,Indore,2024-10-13
C13242,Customer 13242,Male,33,Indore,2024-10-09
C13243,Customer 13243,Male,24,Indore,2025-06-16
C13244,Customer 13244,Female,39,Indore,2024-09-25
C13245,Customer 13245,Male,24,Indore,2025-07-10
C13246,Customer 13246,Female,19,Indore,2025-11-17
C13247,Customer 13247,Female,54,Indore,2024-10-07
C13248,Customer 13248,Male,31,Indore,2024-03-17
C13249,Customer 13249,Female,25,Indore,2025-12-10
C13250,Customer 13250,Male,46,Indore,2024-12-20
C13251,Customer 13251,Male,61,Indore,2024-09-11
C13252,Customer 13252,Female,24,Indore,2025-10-29
C13253,Customer 13253,Male,55,Indore,2025-02-28
C13254,Customer 13254,Female,62,Indore,2024-01-04
C13255,Customer 13255,Female,39,Indore,2024-03-24
C13256,Customer 13256,Female,61,Indore,2025-12-09
C13257,Customer 13257,Female,34,Indore,2024-08-01
C13258,Customer 13258,Female,33,Ujjain,2025-10-18
C13259,Customer 13259,Male,50,Indore,2024-02-26
C13260,Customer 13260,Male,56,Indore,2024-06-02
C13261,Customer 13261,Female,52,Indore,2025-09-03
C13262,Customer 13262,Male,55,Indore,2025-12-12
C13263,Customer 13263,Male,49,Indore,2025-02-04
C13264,Customer 13264,Male,20,Indore,2025-06-03
C13265,Customer 13265,Female,20,Indore,2025-06-05
C13266,Customer 13266,Male,25,Indore,2025-09-27
C13267,Customer 13267,Female,63,Indore,2024-09-26
C13268,Customer 13268,Male,48,Indore,2025-06-22
C13269,Customer 13269,Male,26,Indore,2025-05-26
C13270,Customer 13270,Male,22,Indore,2025-05-31
C13271,Customer 13271,Male,45,Indore,2025-02-15
C13272,Customer 13272,Female,32,Indore,2025-10-06
C13273,Customer 13273,Male,44,Dewas,2024-12-07
C13274,Customer 13274,Male,59,Indore,2024-05-19
C13275,Customer 13275,Female,48,Bhopal,2024-09-20
C13276,Customer 13276,Male,57,Indore,2025-03-24
C13277,Customer 13277,Male,35,Indore,2024-08-14
C13278,Customer 13278,Male,55,Indore,2024-02-29
C13279,Customer 13279,Other,21,Dewas,2024-03-20
C13280,Customer 13280,Female,38,Indore,2024-02-24
C13281,Customer 13281,Male,64,Indore,2025-08-28
C13282,Customer 13282,Male,59,Indore,2025-03-02
C13283,Customer 13283,Male,40,Indore,2025-07-06
C13284,Customer 13284,Male,62,Indore,2025-06-05
C13285,Customer 13285,Female,39,Indore,2024-08-13
C13286,Customer 13286,Female,18,Indore,2024-04-25
C13287,Customer 13287,Male,42,Indore,2024-12-05
C13288,Customer 13288,Female,58,Indore,2024-04-16
C13289,Customer 13289,Male,45,Indore,2025-06-02
C13290,Customer 13290,Male,54,Indore,2025-06-16
C13291,Customer 13291,Male,28,Indore,2024-11-26
C13292,Customer 13292,Male,39,Indore,2024-04-10
C13293,Customer 13293,Female,42,Indore,2024-08-02
C13294,Customer 13294,Male,38,Dewas,2025-07-09
C13295,Customer 13295,Male,53,Indore,2024-08-10
C13296,Customer 13296,Female,37,Indore,2024-07-28
C13297,Customer 13297,Female,33,Indore,2024-12-09
C13298,Customer 13298,Female,45,Indore,2025-12-26
C13299,Customer 13299,Female,46,Indore,2025-03-03
C13300,Customer 13300,Male,43,Indore,2024-03-05
C13301,Customer 13301,Female,57,Indore,2024-09-10
C13302,Customer 13302,Female,19,Indore,2025-06-01
C13303,Customer 13303,Female,27,Indore,2024-10-20
C13304,Customer 13304,Female,30,Indore,2024-08-08
C13305,Customer 13305,Male,32,Indore,2025-03-02
C13306,Customer 13306,Female,26,Indore,2024-11-08
C13307,Customer 13307,Male,44,Indore,2025-12-15
C13308,Customer 13308,Male,25,Indore,2025-04-08
C13309,Customer 13309,Male,23,Indore,2025-08-04
C13310,Customer 13310,Female,53,Bhopal,2025-07-30
C13311,Customer 13311,Male,41,Indore,2024-09-08
C13312,Customer 13312,Female,20,Indore,2025-11-25
C13313,Customer 13313,Male,43,Indore,2024-04-21
C13314,Customer 13314,Female,53,Ujjain,2024-10-17
C13315,Customer 13315,Male,38,Ujjain,2024-10-06
C13316,Customer 13316,Female,30,Indore,2024-10-20
C13317,Customer 13317,Female,28,Indore,2025-05-29
C13318,Customer 13318,Male,25,Indore,2024-06-27
C13319,Customer 13319,Male,63,Bhopal,2024-07-07
C13320,Customer 13320,Female,63,Indore,2024-06-16
C13321,Customer 13321,Female,65,Indore,2024-02-23
C13322,Customer 13322,Female,31,Bhopal,2025-07-31
C13323,Customer 13323,Male,50,Indore,2025-09-18
C13324,Customer 13324,Female,19,Indore,2024-11-11
C13325,Customer 13325,Male,18,Indore,2024-09-27
C13326,Customer 13326,Female,28,Dewas,2025-12-26
C13327,Customer 13327,Female,23,Indore,2025-03-05
C13328,Customer 13328,Male,49,Indore,2025-09-13
C13329,Customer 13329,Female,32,Indore,2024-07-01
C13330,Customer 13330,Female,29,Indore,2024-09-16
C13331,Customer 13331,Female,54,Dewas,2024-01-24
C13332,Customer 13332,Male,46,Indore,2024-04-03
C13333,Customer 13333,Male,61,Indore,2024-09-12
C13334,Customer 13334,Female,39,Indore,2024-08-01
C13335,Customer 13335,Male,63,Indore,2025-05-10
C13336,Customer 13336,Male,31,Indore,2024-02-09
C13337,Customer 13337,Other,36,Indore,2025-04-07
C13338,Customer 13338,Male,22,Indore,2025-03-11
C13339,Customer 13339,Female,52,Indore,2025-07-02
C13340,Customer 13340,Male,42,Ujjain,2025-12-16
C13341,Customer 13341,Male,55,Indore,2024-07-29
C13342,Customer 13342,Female,26,Indore,2024-05-02
C13343,Customer 13343,Female,24,Indore,2025-04-03
C13344,Customer 13344,Female,35,Indore,2024-10-12
C13345,Customer 13345,Female,19,Ujjain,2024-10-02
C13346,Customer 13346,Female,27,Indore,2024-08-31
C13347,Customer 13347,Male,61,Indore,2024-05-22
C13348,Customer 13348,Male,19,Bhopal,2024-11-15
C13349,Customer 13349,Male,62,Indore,2025-01-09
C13350,Customer 13350,Female,25,Indore,2025-03-08
C13351,Customer 13351,Male,24,Indore,2025-08-01
C13352,Customer 13352,Male,52,Indore,2024-05-01
C13353,Customer 13353,Male,40,Indore,2024-08-22
C13354,Customer 13354,Male,25,Ujjain,2025-03-04
C13355,Customer 13355,Male,38,Indore,2024-05-05
C13356,Customer 13356,Female,50,Indore,2025-06-27
C13357,Customer 13357,Male,64,Bhopal,2024-07-21
C13358,Customer 13358,Female,18,Indore,2024-09-29
C13359,Customer 13359,Female,29,Indore,2024-06-22
C13360,Customer 13360,Male,28,Bhopal,2024-08-25
C13361,Customer 13361,Female,65,Indore,2025-04-06
C13362,Customer 13362,Male,47,Indore,2024-04-19
C13363,Customer 13363,Female,21,Ujjain,2025-02-15
C13364,Customer 13364,Other,51,Indore,2024-03-11
C13365,Customer 13365,Female,40,Indore,2025-10-17
C13366,Customer 13366,Female,49,Indore,2025-12-18
C13367,Customer 13367,Male,20,Indore,2024-12-22
C13368,Customer 13368,Male,45,Ujjain,2025-02-26
C13369,Customer 13369,Female,21,Indore,2024-08-28
C13370,Customer 13370,Male,29,Indore,2025-08-25
C13371,Customer 13371,Male,41,Indore,2025-10-31
C13372,Customer 13372,Male,50,Indore,2025-12-19
C13373,Customer 13373,Female,20,Indore,2025-07-22
C13374,Customer 13374,Male,21,Indore,2025-07-21
C13375,Customer 13375,Female,47,Indore,2025-11-09
C13376,Customer 13376,Male,23,Indore,2024-05-06
C13377,Customer 13377,Male,47,Indore,2025-03-01
C13378,Customer 13378,Female,25,Indore,2025-06-13
C13379,Customer 13379,Male,35,Indore,2024-03-15
C13380,Customer 13380,Female,33,Indore,2024-10-04
C13381,Customer 13381,Male,23,Indore,2025-05-08
C13382,Customer 13382,Male,41,Indore,2025-01-22
C13383,Customer 13383,Male,45,Indore,2025-06-19
C13384,Customer 13384,Female,49,Indore,2025-04-06
C13385,Customer 13385,Female,42,Indore,2024-11-03
C13386,Customer 13386,Female,45,Indore,2025-08-01
C13387,Customer 13387,Male,38,Indore,2024-05-02
C13388,Customer 13388,Female,25,Indore,2024-10-13
C13389,Customer 13389,Male,53,Indore,2024-02-22
C13390,Customer 13390,Female,26,Indore,2025-03-20
C13391,Customer 13391,Female,57,Indore,2024-04-30
C13392,Customer 13392,Female,38,Indore,2025-11-28
C13393,Customer 13393,Male,18,Indore,2025-02-22
C13394,Customer 13394,Female,21,Indore,2024-03-16
C13395,Customer 13395,Male,27,Ujjain,2024-03-24
C13396,Customer 13396,Female,43,Indore,2024-11-02
C13397,Customer 13397,Male,57,Indore,2025-03-20
C13398,Customer 13398,Male,20,Indore,2025-10-20
C13399,Customer 13399,Male,61,Indore,2024-12-02
C13400,Customer 13400,Male,26,Indore,2025-01-15
C13401,Customer 13401,Male,49,Bhopal,2025-05-31
C13402,Customer 13402,Female,20,Bhopal,2024-04-10
C13403,Customer 13403,Female,21,Indore,2024-04-09
C13404,Customer 13404,Female,23,Indore,2024-06-21
C13405,Customer 13405,Female,26,Indore,2025-03-07
C13406,Customer 13406,Male,43,Indore,
C13407,Customer 13407,Female,19,Bhopal,2024-01-28
C13408,Customer 13408,Male,19,Indore,2024-09-21
C13409,Customer 13409,Female,38,Indore,2024-11-10
C13410,Customer 13410,Male,39,Indore,2024-02-07
C13411,Customer 13411,Male,20,Indore,2025-08-27
C13412,Customer 13412,Male,52,Dewas,2024-06-01
C13413,Customer 13413,Male,55,Indore,2024-11-23
C13414,Customer 13414,Male,50,Bhopal,2024-02-17
C13415,Customer 13415,Male,32,Indore,2025-10-03
C13416,Customer 13416,Female,28,Indore,2024-01-06
C13417,Customer 13417,Female,27,Indore,2025-02-17
C13418,Customer 13418,Male,53,Indore,2024-03-01
C13419,Customer 13419,Male,31,Bhopal,2025-03-10
C13420,Customer 13420,Female,19,Indore,2024-12-04
C13421,Customer 13421,Male,62,Bhopal,2024-09-25
C13422,Customer 13422,Female,65,Indore,2024-01-08
C13423,Customer 13423,Male,61,Indore,2025-10-24
C13424,Customer 13424,Female,54,Indore,2025-04-29
C13425,Customer 13425,Female,46,Indore,2025-12-12
C13426,Customer 13426,Female,52,Indore,2024-11-24
C13427,Customer 13427,Female,37,Indore,2025-02-03
C13428,Customer 13428,Male,38,Indore,2025-02-03
C13429,Customer 13429,Male,51,Indore,2025-12-29
C13430,Customer 13430,Female,60,Dewas,2025-01-29
C13431,Customer 13431,Female,50,Indore,2024-12-03
C13432,Customer 13432,Male,36,Bhopal,2025-02-22
C13433,Customer 13433,Female,25,Indore,2024-07-28
C13434,Customer 13434,Male,48,Indore,2024-12-28
C13435,Customer 13435,Male,28,Dewas,2024-06-19
C13436,Customer 13436,Female,25,Indore,2024-04-10
C13437,Customer 13437,Male,42,Indore,2025-02-17
C13438,Customer 13438,Female,37,Ujjain,2025-07-25
C13439,Customer 13439,Male,55,Indore,2024-11-18
C13440,Customer 13440,Male,24,Indore,2024-01-29
C13441,Customer 13441,Female,30,Indore,2025-10-26
C13442,Customer 13442,Female,56,Indore,2025-07-31
C13443,Customer 13443,Male,60,Indore,2024-01-05
C13444,Customer 13444,Male,27,Indore,2025-09-27
C13445,Customer 13445,Male,25,Indore,2025-08-29
C13446,Customer 13446,Male,59,Indore,2025-05-31
C13447,Customer 13447,Female,60,Dewas,2024-03-25
C13448,Customer 13448,Female,37,Indore,2024-08-27
C13449,Customer 13449,Male,34,Indore,2024-02-18
C13450,Customer 13450,Male,28,Ujjain,2024-01-26
C13451,Customer 13451,Female,33,Indore,2025-02-17
C13452,Customer 13452,Female,54,Indore,2024-04-07
C13453,Customer 13453,Female,59,Indore,2025-02-15
C13454,Customer 13454,Female,49,Indore,2024-09-26
C13455,Customer 13455,Male,43,Indore,2024-09-30
C13456,Customer 13456,Male,54,Indore,2024-11-08
C13457,Customer 13457,Female,26,Dewas,2024-08-23
C13458,Customer 13458,Female,52,Bhopal,2024-07-27
C13459,Customer 13459,Male,20,Indore,2024-01-25
C13460,Customer 13460,Male,48,Indore,2025-10-06
C13461,Customer 13461,Male,59,Ujjain,2024-06-29
C13462,Customer 13462,Female,24,Indore,2025-08-19
C13463,Customer 13463,Male,19,Indore,2024-09-02
C13464,Customer 13464,Male,42,Indore,2025-07-04
C13465,Customer 13465,Female,57,Indore,2025-03-16
C13466,Customer 13466,Male,29,Bhopal,2025-09-17
C13467,Customer 13467,Male,47,Indore,2025-04-12
C13468,Customer 13468,Male,47,Indore,2025-09-05
C13469,Customer 13469,Male,46,Indore,2024-08-14
C13470,Customer 13470,Male,58,Ujjain,2024-10-07
C13471,Customer 13471,Female,28,Indore,2025-10-31
C13472,Customer 13472,Female,40,Indore,2025-05-28
C13473,Customer 13473,Male,34,Indore,2024-07-30
C13474,Customer 13474,Male,30,Indore,2024-02-05
C13475,Customer 13475,Female,50,Bhopal,2025-07-02
C13476,Customer 13476,Male,18,Indore,2024-08-27
C13477,Customer 13477,Male,57,Indore,2024-12-29
C13478,Customer 13478,Female,30,Bhopal,2025-03-06
C13479,Customer 13479,Male,55,Indore,2024-03-31
C13480,Customer 13480,Male,20,Indore,2025-08-30
C13481,Customer 13481,Male,33,Bhopal,2024-07-05
C13482,Customer 13482,Male,59,Indore,2024-09-16
C13483,Customer 13483,Male,24,Bhopal,2024-12-15
C13484,Customer 13484,Male,20,Indore,2025-12-07
C13485,Customer 13485,Male,31,Indore,2024-02-15
C13486,Customer 13486,Female,33,Indore,2025-07-30
C13487,Customer 13487,Male,21,Bhopal,2024-08-14
C13488,Customer 13488,Male,48,Indore,2025-07-21
C13489,Customer 13489,Female,30,Indore,2025-12-16
C13490,Customer 13490,Female,44,Indore,2025-06-30
C13491,Customer 13491,Male,18,Indore,2024-04-28
C13492,Customer 13492,Male,42,Indore,2024-08-25
C13493,Customer 13493,Male,54,Indore,2024-04-10
C13494,Customer 13494,Female,61,Dewas,2024-11-29
C13495,Customer 13495,Male,28,Dewas,2025-05-21
C13496,Customer 13496,Male,26,Indore,2025-07-09
C13497,Customer 13497,Male,24,Indore,2024-01-01
C13498,Customer 13498,Male,31,Indore,2025-12-28
C13499,Customer 13499,Male,47,Bhopal,2024-05-19
C13500,Customer 13500,Male,41,Indore,2024-10-02
C13501,Customer 13501,Female,20,Indore,2025-01-01
C13502,Customer 13502,Female,65,Indore,2025-09-15
C13503,Customer 13503,Male,56,Bhopal,2025-06-01
C13504,Customer 13504,Male,44,Indore,2024-10-03
C13505,Customer 13505,Male,18,Ujjain,2025-09-06
C13506,Customer 13506,Male,55,Indore,2024-10-27
C13507,Customer 13507,Female,43,Indore,2024-03-10
C13508,Customer 13508,Other,23,Indore,2025-03-03
C13509,Customer 13509,Male,59,Indore,2024-07-05
C13510,Customer 13510,Male,29,Indore,2024-06-06
C13511,Customer 13511,Male,55,Indore,2025-10-11
C13512,Customer 13512,Female,63,Indore,2024-11-26
C13513,Customer 13513,Female,52,Indore,2024-09-13
C13514,Customer 13514,Female,27,Indore,2025-02-12
C13515,Customer 13515,Female,26,Indore,2025-04-08
C13516,Customer 13516,Male,40,Indore,2024-03-23
C13517,Customer 13517,Female,47,Indore,2025-08-08
C13518,Customer 13518,Female,39,Indore,2024-01-14
C13519,Customer 13519,Female,64,Indore,2024-05-10
C13520,Customer 13520,Male,26,Indore,2024-07-14
C13521,Customer 13521,Female,36,Indore,2025-11-10
C13522,Customer 13522,Female,25,Indore,2024-07-30
C13523,Customer 13523,Female,21,Dewas,2024-07-25
C13524,Customer 13524,Female,22,Indore,2024-05-14
C13525,Customer 13525,Female,36,Indore,2024-04-17
C13526,Customer 13526,Female,63,Indore,2025-09-22
C13527,Customer 13527,Female,35,Indore,2024-06-13
C13528,Customer 13528,Female,46,Indore,2024-06-02
C13529,Customer 13529,Male,36,Indore,2024-12-12
C13530,Customer 13530,Male,23,Indore,2024-01-25
C13531,Customer 13531,Male,22,Indore,2025-07-08
C13532,Customer 13532,Female,60,Bhopal,2025-09-18
C13533,Customer 13533,Female,22,Indore,2024-12-15
C13534,Customer 13534,Female,25,Ujjain,2025-07-09
C13535,Customer 13535,Male,44,Indore,2025-12-24
C13536,Customer 13536,Male,54,Bhopal,2025-03-30
C13537,Customer 13537,Male,60,Indore,2024-08-05
C13538,Customer 13538,Male,62,Indore,2024-09-02
C13539,Customer 13539,Female,55,Indore,2024-11-08
C13540,Customer 13540,Male,54,Dewas,2025-10-10
C13541,Customer 13541,Female,35,Indore,2025-04-04
C13542,Customer 13542,Female,43,Indore,2025-08-04
C13543,Customer 13543,Male,59,Indore,2025-06-01
C13544,Customer 13544,Female,33,Indore,2025-10-28
C13545,Customer 13545,Male,39,Dewas,2024-09-12
C13546,Customer 13546,Male,63,Indore,2025-09-25
C13547,Customer 13547,Female,40,Indore,2025-09-21
C13548,Customer 13548,Female,64,Indore,2025-04-11
C13549,Customer 13549,Male,20,Indore,2025-05-20
C13550,Customer 13550,Male,20,Indore,2024-07-27
C13551,Customer 13551,Male,29,Indore,2025-02-10
C13552,Customer 13552,Male,40,Indore,2024-03-21
C13553,Customer 13553,Female,64,Indore,2024-11-25
C13554,Customer 13554,Female,28,Indore,2024-04-16
C13555,Customer 13555,Male,59,Dewas,2025-10-09
C13556,Customer 13556,Female,64,Indore,2025-03-13
C13557,Customer 13557,Male,63,Indore,2024-01-14
C13558,Customer 13558,Male,46,Indore,2025-06-26
C13559,Customer 13559,Female,23,Dewas,2025-11-21
C13560,Customer 13560,Female,63,Indore,2025-02-05
C13561,Customer 13561,Female,33,Indore,2025-05-24
C13562,Customer 13562,Female,51,Indore,2025-03-06
C13563,Customer 13563,Female,54,Indore,2024-04-03
C13564,Customer 13564,Male,28,Indore,2024-03-22
C13565,Customer 13565,Female,28,Ujjain,2025-11-22
C13566,Customer 13566,Other,42,Indore,2024-09-05
C13567,Customer 13567,Male,36,Indore,2024-08-28
C13568,Customer 13568,Female,49,Indore,2024-06-13
C13569,Customer 13569,Male,25,Indore,2025-04-17
C13570,Customer 13570,Male,29,Indore,2024-10-12
C13571,Customer 13571,Female,58,Bhopal,
C13572,Customer 13572,Male,52,Indore,2025-04-03
C13573,Customer 13573,Female,23,Indore,2024-10-30
C13574,Customer 13574,Male,38,Indore,2025-11-09
C13575,Customer 13575,Female,43,Indore,2025-12-14
C13576,Customer 13576,Male,18,Ujjain,2025-08-28
C13577,Customer 13577,Male,34,Indore,2025-04-03
C13578,Customer 13578,Male,52,Indore,2024-01-15
C13579,Customer 13579,Female,44,Indore,2024-10-26
C13580,Customer 13580,Female,19,Ujjain,2025-02-10
C13581,Customer 13581,Female,53,Bhopal,2024-02-17
C13582,Customer 13582,Male,18,Indore,2025-10-24
C13583,Customer 13583,Male,27,Indore,2024-04-23
C13584,Customer 13584,Male,48,Indore,2025-03-30
C13585,Customer 13585,Female,54,Indore,2025-06-09
C13586,Customer 13586,Male,22,Bhopal,2024-12-13
C13587,Customer 13587,Female,58,Indore,2024-06-19
C13588,Customer 13588,Female,63,Indore,2025-03-04
C13589,Customer 13589,Male,30,Indore,2025-02-09
C13590,Customer 13590,Male,62,Indore,2025-01-14
C13591,Customer 13591,Female,41,Indore,2024-03-01
C13592,Customer 13592,Male,44,Indore,2025-06-13
C13593,Customer 13593,Male,18,Indore,2025-08-20
C13594,Customer 13594,Male,37,Indore,2024-07-19
C13595,Customer 13595,Female,25,Indore,2025-10-19
C13596,Customer 13596,Female,20,Indore,2024-02-26
C13597,Customer 13597,Male,49,Indore,2024-03-25
C13598,Customer 13598,Male,61,Indore,2025-12-13
C13599,Customer 13599,Male,42,Indore,2024-04-15
C13600,Customer 13600,Female,42,Indore,2025-10-03
C13601,Customer 13601,Male,31,Indore,2024-01-14
C13602,Customer 13602,Male,60,Indore,2025-06-16
C13603,Customer 13603,Female,44,Indore,2024-02-14
C13604,Customer 13604,Female,65,Indore,2025-06-29
C13605,Customer 13605,Other,49,Indore,2025-01-07
C13606,Customer 13606,Female,44,Indore,2024-03-11
C13607,Customer 13607,Male,21,Bhopal,2024-08-18
C13608,Customer 13608,Male,56,Indore,2025-06-07
C13609,Customer 13609,Male,28,Indore,2024-05-02
C13610,Customer 13610,Male,65,Indore,2024-03-09
C13611,Customer 13611,Female,65,Indore,2024-04-20
C13612,Customer 13612,Female,20,Indore,2024-09-02
C13613,Customer 13613,Female,42,Bhopal,2025-01-07
C13614,Customer 13614,Male,41,Indore,2024-04-07
C13615,Customer 13615,Female,26,Indore,2024-11-17
C13616,Customer 13616,Female,25,Bhopal,2025-12-13
C13617,Customer 13617,Male,56,Indore,2025-11-04
C13618,Customer 13618,Female,48,Indore,2025-05-23
C13619,Customer 13619,Male,34,Indore,2025-01-10
C13620,Customer 13620,Male,60,Indore,2025-11-02
C13621,Customer 13621,Female,48,Indore,2024-05-19
C13622,Customer 13622,Female,21,Bhopal,2025-01-15
C13623,Customer 13623,Male,21,Indore,2025-02-06
C13624,Customer 13624,Male,54,Indore,2024-10-29
C13625,Customer 13625,Other,25,Bhopal,2024-06-14
C13626,Customer 13626,Female,59,Indore,2024-09-22
C13627,Customer 13627,Female,23,Indore,2024-12-20
C13628,Customer 13628,Male,26,Indore,2025-07-06
C13629,Customer 13629,Male,59,Indore,2024-02-24
C13630,Customer 13630,Male,25,Indore,2024-08-16
C13631,Customer 13631,Male,49,Indore,2024-08-11
C13632,Customer 13632,Male,32,Indore,2024-07-17
C13633,Customer 13633,Male,35,Indore,2025-09-18
C13634,Customer 13634,Female,40,Indore,2024-09-09
C13635,Customer 13635,Male,22,Indore,2025-12-14
C13636,Customer 13636,Female,44,Indore,2025-07-08
C13637,Customer 13637,Male,50,Bhopal,2025-11-08
C13638,Customer 13638,Male,19,Indore,2024-06-03
C13639,Customer 13639,Male,59,Indore,2025-09-18
C13640,Customer 13640,Male,55,Indore,2025-11-18
C13641,Customer 13641,Male,45,Indore,2025-07-23
C13642,Customer 13642,Female,41,Indore,2024-11-27
C13643,Customer 13643,Female,38,Indore,2025-02-11
C13644,Customer 13644,Male,48,Indore,2025-05-18
C13645,Customer 13645,Male,28,Indore,2025-11-24
C13646,Customer 13646,Female,45,Indore,2025-09-17
C13647,Customer 13647,Female,65,Indore,2025-11-16
C13648,Customer 13648,Male,57,Indore,2025-03-17
C13649,Customer 13649,Female,21,Indore,2024-09-12
C13650,Customer 13650,Female,60,Indore,2025-02-19
C13651,Customer 13651,Female,59,Indore,2025-02-03
C13652,Customer 13652,Female,33,Indore,2024-03-30
C13653,Customer 13653,Female,29,Dewas,2024-05-20
C13654,Customer 13654,Female,39,Indore,2024-01-06
C13655,Customer 13655,Male,52,Indore,2024-12-05
C13656,Customer 13656,Female,60,Indore,2024-08-06
C13657,Customer 13657,Female,33,Ujjain,2025-08-01
C13658,Customer 13658,Female,41,Bhopal,2025-10-25
C13659,Customer 13659,Other,52,Indore,2024-09-27
C13660,Customer 13660,Male,45,Indore,2024-03-03
C13661,Customer 13661,Male,59,Dewas,2025-06-16
C13662,Customer 13662,Male,46,Indore,2025-05-27
C13663,Customer 13663,Male,38,Dewas,2024-09-11
C13664,Customer 13664,Male,65,Indore,2024-05-05
C13665,Customer 13665,Female,42,Indore,2025-03-26
C13666,Customer 13666,Male,56,Ujjain,2025-02-09
C13667,Customer 13667,Female,48,Indore,2025-12-14
C13668,Customer 13668,Female,32,Indore,2025-09-11
C13669,Customer 13669,Male,64,Bhopal,2024-12-23
C13670,Customer 13670,Male,59,Ujjain,2024-03-28
C13671,Customer 13671,Female,52,Indore,2025-01-25
C13672,Customer 13672,Female,55,Indore,2025-01-03
C13673,Customer 13673,Female,39,Indore,2025-11-19
C13674,Customer 13674,Female,22,Indore,2025-10-02
C13675,Customer 13675,Female,65,Indore,2025-03-22
C13676,Customer 13676,Female,30,Indore,2024-11-15
C13677,Customer 13677,Female,49,Indore,2024-09-29
C13678,Customer 13678,Female,20,Indore,2025-10-12
C13679,Customer 13679,Female,32,Indore,2025-09-28
C13680,Customer 13680,Male,44,Indore,2025-06-05
C13681,Customer 13681,Female,44,Indore,2025-07-31
C13682,Customer 13682,Male,47,Indore,2024-01-16
C13683,Customer 13683,Female,23,Indore,2025-01-02
C13684,Customer 13684,Male,42,Indore,2024-09-07
C13685,Customer 13685,Male,45,Indore,2024-12-25
C13686,Customer 13686,Male,39,Indore,2024-08-18
C13687,Customer 13687,Male,21,Indore,2024-09-09
C13688,Customer 13688,Male,32,Indore,2025-09-03
C13689,Customer 13689,Female,43,Indore,2025-08-28
C13690,Customer 13690,Male,35,Indore,2025-01-27
C13691,Customer 13691,Male,26,Indore,2025-05-31
C13692,Customer 13692,Male,21,Indore,2025-06-02
C13693,Customer 13693,Female,65,Indore,2025-04-28
C13694,Customer 13694,Male,22,Bhopal,2024-03-05
C13695,Customer 13695,Male,62,Dewas,2024-08-06
C13696,Customer 13696,Male,23,Indore,2024-07-26
C13697,Customer 13697,Female,29,Indore,2024-06-24
C13698,Customer 13698,Male,48,Indore,2025-12-12
C13699,Customer 13699,Male,64,Indore,2025-02-28
C13700,Customer 13700,Male,26,Ujjain,2024-01-10
C13701,Customer 13701,Female,24,Indore,2025-11-10
C13702,Customer 13702,Male,46,Indore,2024-10-15
C13703,Customer 13703,Female,31,Bhopal,2025-09-06
C13704,Customer 13704,Male,37,Indore,2024-01-16
C13705,Customer 13705,Male,65,Indore,2024-11-23
C13706,Customer 13706,Male,49,Indore,2025-06-28
C13707,Customer 13707,Male,39,Indore,2025-06-30
C13708,Customer 13708,Male,53,Indore,2024-07-01
C13709,Customer 13709,Male,61,Indore,2024-04-11
C13710,Customer 13710,Male,35,Bhopal,2024-11-27
C13711,Customer 13711,Female,57,Indore,2024-03-19
C13712,Customer 13712,Other,42,Indore,2024-01-17
C13713,Customer 13713,Male,48,Dewas,2025-01-04
C13714,Customer 13714,Female,52,Indore,2024-01-21
C13715,Customer 13715,Female,43,Indore,2025-02-08
C13716,Customer 13716,Female,21,Indore,2024-01-17
C13717,Customer 13717,Male,59,Indore,2025-08-10
C13718,Customer 13718,Female,65,Indore,2025-03-07
C13719,Customer 13719,Male,37,Indore,2025-07-09
C13720,Customer 13720,Female,51,Indore,2025-02-23
C13721,Customer 13721,Male,29,Indore,2024-01-28
C13722,Customer 13722,Male,33,Indore,2024-01-25
C13723,Customer 13723,Male,59,Indore,2024-07-19
C13724,Customer 13724,Male,22,Indore,2024-10-29
C13725,Customer 13725,Female,61,Indore,2025-09-04
C13726,Customer 13726,Male,52,Indore,2024-10-05
C13727,Customer 13727,Female,61,Indore,2024-03-15
C13728,Customer 13728,Male,44,Indore,2024-03-05
C13729,Customer 13729,Male,18,Indore,2024-09-11
C13730,Customer 13730,Female,51,Indore,2024-09-28
C13731,Customer 13731,Other,60,Indore,2025-09-27
C13732,Customer 13732,Male,49,Indore,2025-07-15
C13733,Customer 13733,Male,61,Bhopal,2025-06-08
C13734,Customer 13734,Female,56,Indore,2024-12-01
C13735,Customer 13735,Male,50,Indore,2024-07-26
C13736,Customer 13736,Female,48,Indore,2024-02-04
C13737,Customer 13737,Female,30,Dewas,2024-04-23
C13738,Customer 13738,Male,62,Indore,2024-02-01
C13739,Customer 13739,Male,19,Dewas,2024-06-04
C13740,Customer 13740,Male,47,Indore,2025-05-18
C13741,Customer 13741,Male,27,Indore,2024-12-18
C13742,Customer 13742,Female,40,Bhopal,2024-10-29
C13743,Customer 13743,Female,50,Indore,2024-04-27
C13744,Customer 13744,Female,56,Indore,2024-02-04
C13745,Customer 13745,Female,62,Indore,2024-11-15
C13746,Customer 13746,Male,46,Indore,2024-08-05
C13747,Customer 13747,Female,47,Indore,2024-09-24
C13748,Customer 13748,Male,51,Indore,2025-11-23
C13749,Customer 13749,Female,56,Indore,2024-02-13
C13750,Customer 13750,Male,34,Indore,2024-06-22
C13751,Customer 13751,Female,39,Indore,2024-07-16
C13752,Customer 13752,Female,22,Indore,2024-10-28
C13753,Customer 13753,Male,28,Bhopal,2024-04-08
C13754,Customer 13754,Male,39,Indore,2025-02-08
C13755,Customer 13755,Female,49,Indore,2025-12-22
C13756,Customer 13756,Male,41,Indore,2025-12-12
C13757,Customer 13757,Female,28,Ujjain,2024-10-30
C13758,Customer 13758,Female,28,Indore,2024-05-26
C13759,Customer 13759,Male,34,Indore,2025-12-24
C13760,Customer 13760,Male,49,Indore,2025-01-22
C13761,Customer 13761,Female,36,Ujjain,2025-06-27
C13762,Customer 13762,Male,44,Indore,2024-12-11
C13763,Customer 13763,Male,49,Indore,2024-06-04
C13764,Customer 13764,Female,42,Indore,2025-08-10
C13765,Customer 13765,Female,45,Indore,2025-03-17
C13766,Customer 13766,Male,57,Indore,2024-07-20
C13767,Customer 13767,Male,44,Indore,2024-05-21
C13768,Customer 13768,Female,31,Indore,2024-04-13
C13769,Customer 13769,Female,59,Indore,2024-08-02
C13770,Customer 13770,Female,56,Bhopal,2024-11-04
C13771,Customer 13771,Male,19,Indore,2024-04-17
C13772,Customer 13772,Female,34,Indore,2025-04-04
C13773,Customer 13773,Female,18,Indore,2025-06-20
C13774,Customer 13774,Female,62,Dewas,2024-08-16
C13775,Customer 13775,Female,49,Indore,2025-09-18
C13776,Customer 13776,Male,36,Ujjain,2024-07-26
C13777,Customer 13777,Female,31,Indore,2025-12-02
C13778,Customer 13778,Male,48,Indore,2025-12-27
C13779,Customer 13779,Male,35,Indore,2025-06-04
C13780,Customer 13780,Female,31,Bhopal,2025-09-10
C13781,Customer 13781,Female,64,Bhopal,2025-12-18
C13782,Customer 13782,Female,31,Bhopal,2025-02-08
C13783,Customer 13783,Female,41,Indore,2024-06-29
C13784,Customer 13784,Male,22,Indore,2025-10-02
C13785,Customer 13785,Female,33,Indore,2025-11-15
C13786,Customer 13786,Male,22,Indore,2024-06-04
C13787,Customer 13787,Female,30,Indore,2025-01-21
C13788,Customer 13788,Male,33,Indore,2024-04-11
C13789,Customer 13789,Female,32,Indore,2024-04-25
C13790,Customer 13790,Male,48,Indore,2025-04-15
C13791,Customer 13791,Female,22,Indore,2025-11-10
C13792,Customer 13792,Female,38,Bhopal,2024-01-04
C13793,Customer 13793,Male,47,Indore,2024-07-16
C13794,Customer 13794,Female,40,Dewas,2024-07-22
C13795,Customer 13795,Female,55,Indore,2025-01-30
C13796,Customer 13796,Female,46,Indore,2025-01-12
C13797,Customer 13797,Female,30,Bhopal,2025-07-27
C13798,Customer 13798,Male,49,Indore,2025-08-05
C13799,Customer 13799,Male,65,Indore,2025-08-26
C13800,Customer 13800,Male,59,Indore,2025-04-18
C13801,Customer 13801,Male,44,Indore,2025-11-18
C13802,Customer 13802,Male,51,Indore,2025-01-25
C13803,Customer 13803,Female,62,Indore,2025-11-27
C13804,Customer 13804,Male,50,Bhopal,2025-07-21
C13805,Customer 13805,Male,21,Ujjain,2025-08-01
C13806,Customer 13806,Male,35,Indore,2025-03-11
C13807,Customer 13807,Female,23,Indore,2024-03-03
C13808,Customer 13808,Female,45,Dewas,2025-07-06
C13809,Customer 13809,Male,61,Indore,2025-10-24
C13810,Customer 13810,Female,44,Indore,2024-06-23
C13811,Customer 13811,Male,43,Indore,2025-08-31
C13812,Customer 13812,Other,37,Dewas,2024-02-05
C13813,Customer 13813,Female,30,Indore,2024-01-14
C13814,Customer 13814,Male,45,Indore,2024-06-13
C13815,Customer 13815,Female,51,Indore,2024-06-29
C13816,Customer 13816,Female,40,Indore,2025-02-15
C13817,Customer 13817,Male,27,Indore,2024-07-11
C13818,Customer 13818,Female,47,Indore,2024-10-29
C13819,Customer 13819,Male,39,Indore,2025-12-11
C13820,Customer 13820,Male,22,Indore,2024-09-02
C13821,Customer 13821,Male,61,Indore,2025-02-11
C13822,Customer 13822,Male,26,Indore,2024-01-14
C13823,Customer 13823,Male,60,Indore,2025-03-06
C13824,Customer 13824,Female,21,Indore,2024-03-19
C13825,Customer 13825,Male,59,Indore,2024-01-01
C13826,Customer 13826,Male,18,Indore,2025-10-08
C13827,Customer 13827,Female,51,Indore,2025-04-10
C13828,Customer 13828,Female,58,Indore,2025-05-25
C13829,Customer 13829,Other,43,Indore,2025-05-09
C13830,Customer 13830,Female,35,Indore,2024-04-24
C13831,Customer 13831,Female,33,Indore,2025-07-29
C13832,Customer 13832,Female,40,Indore,2024-09-30
C13833,Customer 13833,Female,63,Indore,2025-03-22
C13834,Customer 13834,Female,53,Indore,2025-12-08
C13835,Customer 13835,Male,43,Indore,2024-11-01
C13836,Customer 13836,Male,19,Indore,2024-11-19
C13837,Customer 13837,Female,61,Indore,2025-08-25
C13838,Customer 13838,Male,22,Indore,2025-02-01
C13839,Customer 13839,Male,46,Indore,2025-08-12
C13840,Customer 13840,Female,21,Ujjain,2025-01-25
C13841,Customer 13841,Female,64,Indore,2024-11-07
C13842,Customer 13842,Male,52,Ujjain,2024-01-14
C13843,Customer 13843,Female,39,Indore,2024-06-18
C13844,Customer 13844,Female,25,Indore,2024-04-18
C13845,Customer 13845,Female,61,Ujjain,2024-02-12
C13846,Customer 13846,Female,38,Indore,2024-12-23
C13847,Customer 13847,Female,25,Indore,2025-04-19
C13848,Customer 13848,Female,22,Indore,2024-03-15
C13849,Customer 13849,Male,38,Indore,
C13850,Customer 13850,Female,44,Indore,2025-05-19
C13851,Customer 13851,Female,55,Indore,2024-03-20
C13852,Customer 13852,Female,22,Bhopal,2025-11-14
C13853,Customer 13853,Female,38,Indore,2025-05-08
C13854,Customer 13854,Male,25,Indore,2024-09-15
C13855,Customer 13855,Female,39,Ujjain,2025-05-18
C13856,Customer 13856,Male,35,Indore,2024-11-23
C13857,Customer 13857,Male,21,Indore,2025-09-17
C13858,Customer 13858,Male,21,Indore,2024-04-20
C13859,Customer 13859,Male,54,Indore,2025-05-28
C13860,Customer 13860,Female,32,Bhopal,2025-06-24
C13861,Customer 13861,Male,55,Indore,2024-09-03
C13862,Customer 13862,Male,44,Indore,2024-08-08
C13863,Customer 13863,Female,38,Indore,2025-08-29
C13864,Customer 13864,Male,65,Indore,2024-11-10
C13865,Customer 13865,Male,63,Indore,2025-01-29
C13866,Customer 13866,Male,63,Indore,2025-04-24
C13867,Customer 13867,Male,65,Indore,2024-01-24
C13868,Customer 13868,Male,21,Indore,2025-11-02
C13869,Customer 13869,Male,28,Indore,2025-11-24
C13870,Customer 13870,Female,36,Indore,2024-08-28
C13871,Customer 13871,Male,36,Indore,2025-11-26
C13872,Customer 13872,Male,44,Indore,2024-12-17
C13873,Customer 13873,Female,57,Indore,2024-12-18
C13874,Customer 13874,Male,59,Indore,2024-12-15
C13875,Customer 13875,Female,45,Indore,2024-04-03
C13876,Customer 13876,Male,22,Indore,2024-11-22
C13877,Customer 13877,Male,65,Indore,2025-12-20
C13878,Customer 13878,Female,42,Indore,2024-02-22
C13879,Customer 13879,Male,20,Indore,2025-01-04
C13880,Customer 13880,Male,43,Indore,2024-04-03
C13881,Customer 13881,Female,27,Indore,2025-09-01
C13882,Customer 13882,Male,41,Ujjain,2025-03-20
C13883,Customer 13883,Female,46,Indore,2025-09-21
C13884,Customer 13884,Female,62,Indore,2024-10-16
C13885,Customer 13885,Male,24,Indore,2024-12-23
C13886,Customer 13886,Female,61,Indore,2024-03-01
C13887,Customer 13887,Female,40,Ujjain,2025-04-23
C13888,Customer 13888,Other,63,Bhopal,2024-09-08
C13889,Customer 13889,Female,44,Indore,2025-07-19
C13890,Customer 13890,Female,59,Indore,2024-06-29
C13891,Customer 13891,Male,26,Indore,2024-05-27
C13892,Customer 13892,Female,61,Indore,2024-02-15
C13893,Customer 13893,Male,20,Indore,2024-04-27
C13894,Customer 13894,Male,30,Bhopal,2024-04-02
C13895,Customer 13895,Female,23,Indore,2025-06-26
C13896,Customer 13896,Male,55,Bhopal,2024-07-31
C13897,Customer 13897,Female,38,Indore,2024-06-02
C13898,Customer 13898,Male,36,Indore,2025-04-23
C13899,Customer 13899,Female,42,Indore,2025-03-22
C13900,Customer 13900,Male,56,Indore,2024-10-04
C13901,Customer 13901,Male,21,Indore,2024-11-08
C13902,Customer 13902,Male,39,Indore,2025-03-16
C13903,Customer 13903,Female,22,Indore,2025-09-07
C13904,Customer 13904,Male,18,Dewas,2024-06-02
C13905,Customer 13905,Female,34,Indore,2024-06-03
C13906,Customer 13906,Male,26,Indore,2025-07-21
C13907,Customer 13907,Male,26,Indore,2025-06-20
C13908,Customer 13908,Male,41,Indore,2025-12-22
C13909,Customer 13909,Male,27,Indore,2025-09-28
C13910,Customer 13910,Female,37,Indore,2025-11-15
C13911,Customer 13911,Female,34,Bhopal,2025-09-21
C13912,Customer 13912,Male,30,Indore,2025-02-04
C13913,Customer 13913,Female,46,Ujjain,2024-11-09
C13914,Customer 13914,Female,53,Indore,
C13915,Customer 13915,Male,40,Indore,2025-08-16
C13916,Customer 13916,Male,44,Indore,2024-01-23
C13917,Customer 13917,Female,35,Indore,2025-10-09
C13918,Customer 13918,Male,35,Ujjain,2024-11-01
C13919,Customer 13919,Male,26,Indore,2025-02-03
C13920,Customer 13920,Male,20,Indore,2025-08-23
C13921,Customer 13921,Female,24,Indore,2024-12-17
C13922,Customer 13922,Male,32,Indore,2024-07-29
C13923,Customer 13923,Male,47,Indore,2025-08-16
C13924,Customer 13924,Male,26,Indore,2024-04-05
C13925,Customer 13925,Male,58,Indore,2025-07-11
C13926,Customer 13926,Male,44,Indore,2025-03-08
C13927,Customer 13927,Female,53,Indore,2024-12-25
C13928,Customer 13928,Male,35,Indore,2024-02-18
C13929,Customer 13929,Female,48,Indore,2025-10-22
C13930,Customer 13930,Male,34,Indore,2025-08-09
C13931,Customer 13931,Female,23,Indore,2024-08-08
C13932,Customer 13932,Female,56,Indore,2024-01-06
C13933,Customer 13933,Male,42,Indore,2024-02-24
C13934,Customer 13934,Female,59,Indore,2024-01-15
C13935,Customer 13935,Male,59,Ujjain,2025-06-06
C13936,Customer 13936,Female,55,Dewas,2025-01-17
C13937,Customer 13937,Male,55,Indore,2024-06-15
C13938,Customer 13938,Other,48,Indore,2025-01-10
C13939,Customer 13939,Female,46,Indore,2024-03-14
C13940,Customer 13940,Female,57,Indore,2025-11-07
C13941,Customer 13941,Female,26,Indore,2024-07-03
C13942,Customer 13942,Male,18,Indore,2024-03-28
C13943,Customer 13943,Female,33,Indore,2024-12-21
C13944,Customer 13944,Female,55,Indore,2024-03-05
C13945,Customer 13945,Female,40,Ujjain,2024-09-29
C13946,Customer 13946,Male,25,Indore,2024-07-09
C13947,Customer 13947,Female,64,Ujjain,2025-10-15
C13948,Customer 13948,Male,29,Ujjain,2024-02-07
C13949,Customer 13949,Female,27,Indore,2025-01-08
C13950,Customer 13950,Male,33,Indore,2025-10-26
C13951,Customer 13951,Male,64,Indore,2025-01-14
C13952,Customer 13952,Female,60,Ujjain,2024-02-06
C13953,Customer 13953,Male,41,Indore,2024-09-08
C13954,Customer 13954,Female,56,Indore,2024-05-14
C13955,Customer 13955,Female,25,Dewas,2024-01-11
C13956,Customer 13956,Male,28,Bhopal,2024-07-20
C13957,Customer 13957,Male,58,Indore,2024-11-29
C13958,Customer 13958,Female,43,Indore,2025-02-22
C13959,Customer 13959,Male,24,Indore,2024-08-25
C13960,Customer 13960,Female,32,Indore,2025-02-23
C13961,Customer 13961,Female,32,Indore,2025-03-29
C13962,Customer 13962,Male,65,Indore,2024-11-03
C13963,Customer 13963,Male,20,Indore,2025-08-03
C13964,Customer 13964,Male,33,Indore,2024-06-18
C13965,Customer 13965,Female,32,Indore,2025-08-05
C13966,Customer 13966,Male,42,Indore,2024-05-28
C13967,Customer 13967,Male,50,Indore,2025-05-15
C13968,Customer 13968,Female,31,Indore,2025-08-16
C13969,Customer 13969,Female,41,Indore,2025-05-27
C13970,Customer 13970,Male,28,Indore,2025-03-27
C13971,Customer 13971,Male,20,Ujjain,2025-06-05
C13972,Customer 13972,Female,26,Indore,2025-03-15
C13973,Customer 13973,Female,23,Indore,2024-05-26
C13974,Customer 13974,Female,48,Indore,2024-10-24
C13975,Customer 13975,Female,33,Indore,2025-08-28
C13976,Customer 13976,Female,28,Indore,2025-01-04
C13977,Customer 13977,Female,34,Indore,2024-08-20
C13978,Customer 13978,Female,20,Indore,2025-10-21
C13979,Customer 13979,Female,36,Indore,2024-05-03
C13980,Customer 13980,Female,41,Indore,2025-02-14
C13981,Customer 13981,Male,64,Indore,2024-09-04
C13982,Customer 13982,Male,59,Indore,2025-04-06
C13983,Customer 13983,Female,25,Dewas,2025-01-16
C13984,Customer 13984,Male,53,Indore,2024-04-07
C13985,Customer 13985,Female,57,Bhopal,2024-04-15
C13986,Customer 13986,Male,19,Dewas,2025-11-08
C13987,Customer 13987,Female,40,Indore,2025-03-25
C13988,Customer 13988,Male,57,Bhopal,2024-04-22
C13989,Customer 13989,Female,47,Dewas,2025-07-23
C13990,Customer 13990,Female,42,Bhopal,2025-04-24
C13991,Customer 13991,Male,24,Indore,2025-04-13
C13992,Customer 13992,Female,45,Ujjain,2024-12-31
C13993,Customer 13993,Male,58,Indore,2024-12-04
C13994,Customer 13994,Male,34,Dewas,2024-06-24
C13995,Customer 13995,Male,49,Indore,2024-10-22
C13996,Customer 13996,Male,18,Ujjain,2025-09-17
C13997,Customer 13997,Other,44,Indore,2024-04-03
C13998,Customer 13998,Male,61,Indore,2024-12-20
C13999,Customer 13999,Female,53,Ujjain,2024-03-08
C14000,Customer 14000,Male,24,Indore,2024-05-28
C14001,Customer 14001,Female,20,Indore,2024-01-05
C14002,Customer 14002,Male,47,Indore,2024-09-02
C14003,Customer 14003,Female,18,Bhopal,2025-11-06
C14004,Customer 14004,Female,51,Dewas,2025-10-08
C14005,Customer 14005,Female,55,Indore,2025-03-19
C14006,Customer 14006,Male,60,Bhopal,2024-07-02
C14007,Customer 14007,Female,53,Indore,2024-10-13
C14008,Customer 14008,Male,50,Indore,2024-07-30
C14009,Customer 14009,Male,60,Indore,2025-06-20
C14010,Customer 14010,Male,33,Indore,2025-11-26
C14011,Customer 14011,Male,55,Indore,2024-08-04
C14012,Customer 14012,Male,28,Indore,2025-04-29
C14013,Customer 14013,Female,25,Indore,2024-11-30
C14014,Customer 14014,Male,18,Indore,2025-11-04
C14015,Customer 14015,Male,31,Indore,2024-06-20
C14016,Customer 14016,Male,47,Bhopal,2025-06-02
C14017,Customer 14017,Female,38,Indore,2025-09-06
C14018,Customer 14018,Female,38,Indore,2024-11-02
C14019,Customer 14019,Male,51,Indore,2024-06-01
C14020,Customer 14020,Female,55,Bhopal,2025-05-01
C14021,Customer 14021,Female,43,Indore,2025-11-12
C14022,Customer 14022,Male,58,Indore,2025-02-14
C14023,Customer 14023,Female,31,Indore,2025-02-24
C14024,Customer 14024,Female,57,Bhopal,2024-11-06
C14025,Customer 14025,Female,52,Dewas,2025-05-01
C14026,Customer 14026,Male,59,Bhopal,2025-05-14
C14027,Customer 14027,Male,35,Indore,2025-07-21
C14028,Customer 14028,Male,37,Indore,2024-04-01
C14029,Customer 14029,Female,26,Ujjain,2025-11-04
C14030,Customer 14030,Female,58,Indore,2025-10-30
C14031,Customer 14031,Male,62,Indore,2025-05-07
C14032,Customer 14032,Male,50,Indore,2025-11-18
C14033,Customer 14033,Female,21,Indore,2024-03-12
C14034,Customer 14034,Female,21,Indore,2024-03-17
C14035,Customer 14035,Female,65,Indore,2024-02-15
C14036,Customer 14036,Female,33,Indore,2025-05-29
C14037,Customer 14037,Female,64,Indore,2024-11-29
C14038,Customer 14038,Male,43,Indore,2024-08-02
C14039,Customer 14039,Male,23,Indore,2024-03-17
C14040,Customer 14040,Male,54,Ujjain,2025-05-03
C14041,Customer 14041,Female,39,Indore,2024-08-18
C14042,Customer 14042,Male,59,Indore,2024-02-19
C14043,Customer 14043,Male,56,Indore,2025-10-22
C14044,Customer 14044,Male,24,Indore,2024-04-16
C14045,Customer 14045,Male,59,Indore,2025-03-07
C14046,Customer 14046,Female,47,Indore,2025-11-28
C14047,Customer 14047,Male,27,Indore,2025-05-12
C14048,Customer 14048,Male,32,Indore,2024-01-07
C14049,Customer 14049,Female,23,Indore,2024-10-18
C14050,Customer 14050,Male,41,Indore,2024-12-07
C14051,Customer 14051,Female,19,Indore,2024-10-06
C14052,Customer 14052,Female,57,Indore,2025-06-19
C14053,Customer 14053,Female,32,Ujjain,2024-11-07
C14054,Customer 14054,Female,38,Indore,2025-12-25
C14055,Customer 14055,Male,35,Indore,2025-12-01
C14056,Customer 14056,Female,22,Indore,2025-05-05
C14057,Customer 14057,Male,42,Ujjain,2024-03-17
C14058,Customer 14058,Male,53,Indore,2024-05-03
C14059,Customer 14059,Male,27,Indore,2024-10-10
C14060,Customer 14060,Male,63,Indore,2025-11-02
C14061,Customer 14061,Female,40,Indore,2025-04-26
C14062,Customer 14062,Male,41,Indore,2024-08-11
C14063,Customer 14063,Female,62,Indore,2024-03-18
C14064,Customer 14064,Male,27,Indore,2025-08-30
C14065,Customer 14065,Male,23,Indore,2025-07-10
C14066,Customer 14066,Female,30,Indore,2024-03-09
C14067,Customer 14067,Male,38,Indore,2024-04-08
C14068,Customer 14068,Female,49,Indore,2024-03-08
C14069,Customer 14069,Male,60,Indore,2024-03-18
C14070,Customer 14070,Male,32,Indore,2024-05-25
C14071,Customer 14071,Male,19,Indore,2024-03-15
C14072,Customer 14072,Female,32,Indore,2025-05-28
C14073,Customer 14073,Male,34,Bhopal,2025-10-30
C14074,Customer 14074,Male,37,Indore,2024-03-27
C14075,Customer 14075,Male,23,Indore,2024-02-17
C14076,Customer 14076,Female,32,Indore,2025-07-30
C14077,Customer 14077,Female,34,Indore,2024-02-11
C14078,Customer 14078,Female,43,Ujjain,2024-05-13
C14079,Customer 14079,Male,39,Indore,2025-08-15
C14080,Customer 14080,Female,26,Indore,2024-01-19
C14081,Customer 14081,Female,29,Indore,2025-11-22
C14082,Customer 14082,Female,39,Indore,2024-04-29
C14083,Customer 14083,Female,40,Indore,2024-11-30
C14084,Customer 14084,Female,54,Indore,2025-06-14
C14085,Customer 14085,Male,31,Indore,2024-03-10
C14086,Customer 14086,Female,41,Bhopal,2025-03-09
C14087,Customer 14087,Female,25,Indore,2024-07-07
C14088,Customer 14088,Male,43,Indore,2025-02-06
C14089,Customer 14089,Male,49,Indore,2025-08-28
C14090,Customer 14090,Female,45,Indore,2025-10-23
C14091,Customer 14091,Male,49,Indore,2025-01-21
C14092,Customer 14092,Female,39,Indore,2025-09-27
C14093,Customer 14093,Male,26,Dewas,2024-05-12
C14094,Customer 14094,Male,20,Dewas,2024-08-09
C14095,Customer 14095,Male,42,Indore,2024-03-07
C14096,Customer 14096,Male,56,Indore,2024-08-18
C14097,Customer 14097,Male,29,Dewas,2025-10-29
C14098,Customer 14098,Male,46,Bhopal,2024-05-29
C14099,Customer 14099,Female,20,Indore,2024-04-18
C14100,Customer 14100,Other,58,Ujjain,2025-03-04
C14101,Customer 14101,Male,63,Bhopal,2025-05-09
C14102,Customer 14102,Female,40,Indore,2025-09-06
C14103,Customer 14103,Female,40,Indore,2024-03-21
C14104,Customer 14104,Female,35,Indore,2025-09-09
C14105,Customer 14105,Female,28,Indore,2025-06-23
C14106,Customer 14106,Male,53,Indore,2025-05-02
C14107,Customer 14107,Male,43,Indore,2024-01-08
C14108,Customer 14108,Male,25,Indore,2025-04-19
C14109,Customer 14109,Male,45,Indore,2024-09-10
C14110,Customer 14110,Female,35,Ujjain,2025-07-06
C14111,Customer 14111,Male,30,Indore,2025-05-07
C14112,Customer 14112,Female,53,Indore,2025-10-26
C14113,Customer 14113,Female,59,Ujjain,2025-07-24
C14114,Customer 14114,Female,57,Indore,2024-07-23
C14115,Customer 14115,Female,61,Ujjain,2024-06-15
C14116,Customer 14116,Male,29,Indore,2024-11-22
C14117,Customer 14117,Female,39,Indore,2025-12-26
C14118,Customer 14118,Male,19,Indore,2024-08-12
C14119,Customer 14119,Female,57,Indore,2025-03-05
C14120,Customer 14120,Female,45,Indore,2025-04-23
C14121,Customer 14121,Female,30,Indore,2024-04-18
C14122,Customer 14122,Male,50,Indore,2025-02-20
C14123,Customer 14123,Female,20,Indore,2025-01-07
C14124,Customer 14124,Male,51,Indore,2024-10-04
C14125,Customer 14125,Male,40,Bhopal,2025-02-14
C14126,Customer 14126,Female,49,Indore,2024-07-09
C14127,Customer 14127,Male,37,Indore,2025-10-28
C14128,Customer 14128,Other,45,Dewas,2024-01-21
C14129,Customer 14129,Male,25,Indore,2025-11-05
C14130,Customer 14130,Female,20,Indore,2024-09-06
C14131,Customer 14131,Male,47,Indore,2025-07-12
C14132,Customer 14132,Female,42,Indore,2025-07-15
C14133,Customer 14133,Female,47,Bhopal,2025-01-09
C14134,Customer 14134,Female,46,Bhopal,2025-10-11
C14135,Customer 14135,Male,64,Indore,2025-09-14
C14136,Customer 14136,Female,47,Indore,2024-10-10
C14137,Customer 14137,Male,51,Ujjain,2025-11-11
C14138,Customer 14138,Male,42,Ujjain,2025-12-01
C14139,Customer 14139,Male,34,Indore,2025-07-16
C14140,Customer 14140,Female,41,Indore,2025-06-03
C14141,Customer 14141,Male,55,Indore,2025-03-17
C14142,Customer 14142,Female,45,Indore,2025-03-20
C14143,Customer 14143,Female,50,Bhopal,2025-02-20
C14144,Customer 14144,Male,53,Indore,2025-06-14
C14145,Customer 14145,Female,24,Indore,2025-06-25
C14146,Customer 14146,Male,40,Indore,2025-04-06
C14147,Customer 14147,Female,63,Indore,2024-05-21
C14148,Customer 14148,Male,43,Indore,2024-04-25
C14149,Customer 14149,Female,31,Indore,2024-04-16
C14150,Customer 14150,Male,59,Dewas,2025-06-29
C14151,Customer 14151,Male,45,Indore,2024-06-26
C14152,Customer 14152,Male,41,Indore,2024-02-01
C14153,Customer 14153,Male,24,Indore,2024-10-24
C14154,Customer 14154,Male,65,Indore,2024-06-09
C14155,Customer 14155,Male,53,Indore,2025-02-15
C14156,Customer 14156,Male,56,Indore,2025-09-17
C14157,Customer 14157,Female,32,Indore,2025-02-26
C14158,Customer 14158,Female,20,Indore,2024-04-03
C14159,Customer 14159,Female,65,Indore,2025-06-26
C14160,Customer 14160,Female,19,Bhopal,2024-05-31
C14161,Customer 14161,Female,24,Indore,2025-04-06
C14162,Customer 14162,Female,33,Indore,2024-12-21
C14163,Customer 14163,Male,38,Indore,2025-06-19
C14164,Customer 14164,Female,26,Indore,2024-08-05
C14165,Customer 14165,Male,29,Indore,2024-12-19
C14166,Customer 14166,Female,46,Indore,2025-07-30
C14167,Customer 14167,Female,41,Indore,2025-12-27
C14168,Customer 14168,Male,50,Indore,2025-02-04
C14169,Customer 14169,Female,31,Dewas,2024-04-09
C14170,Customer 14170,Male,60,Indore,2025-02-24
C14171,Customer 14171,Male,35,Indore,2024-11-01
C14172,Customer 14172,Male,22,Indore,2024-09-06
C14173,Customer 14173,Female,32,Indore,2025-03-04
C14174,Customer 14174,Female,24,Indore,2024-10-02
C14175,Customer 14175,Female,42,Indore,2024-11-10
C14176,Customer 14176,Male,31,Dewas,2024-11-10
C14177,Customer 14177,Female,57,Indore,2024-03-30
C14178,Customer 14178,Female,53,Ujjain,2025-01-29
C14179,Customer 14179,Male,52,Indore,2025-03-14
C14180,Customer 14180,Female,61,Indore,2024-09-07
C14181,Customer 14181,Male,41,Indore,2025-07-30
C14182,Customer 14182,Male,32,Indore,2024-08-23
C14183,Customer 14183,Male,28,Indore,2024-03-17
C14184,Customer 14184,Female,41,Indore,2025-07-23
C14185,Customer 14185,Male,28,Bhopal,2024-04-09
C14186,Customer 14186,Male,61,Indore,2025-04-05
C14187,Customer 14187,Male,34,Indore,2025-02-01
C14188,Customer 14188,Male,23,Dewas,2024-09-01
C14189,Customer 14189,Male,38,Indore,2025-01-15
C14190,Customer 14190,Male,25,Indore,2024-02-21
C14191,Customer 14191,Female,32,Indore,2024-06-10
C14192,Customer 14192,Male,49,Indore,2024-07-09
C14193,Customer 14193,Female,27,Indore,2024-05-01
C14194,Customer 14194,Female,45,Indore,2025-02-14
C14195,Customer 14195,Male,32,Indore,2024-10-20
C14196,Customer 14196,Male,29,Indore,2024-09-02
C14197,Customer 14197,Female,60,Indore,2024-07-02
C14198,Customer 14198,Male,35,Indore,2025-03-24
C14199,Customer 14199,Male,54,Indore,
C14200,Customer 14200,Male,61,Bhopal,2024-06-16
C14201,Customer 14201,Female,41,Ujjain,2025-09-07
C14202,Customer 14202,Female,54,Dewas,2025-02-08
C14203,Customer 14203,Other,46,Indore,2025-02-19
C14204,Customer 14204,Female,27,Indore,2025-08-23
C14205,Customer 14205,Male,31,Indore,2025-06-07
C14206,Customer 14206,Male,33,Indore,2025-08-23
C14207,Customer 14207,Male,54,Indore,2025-10-27
C14208,Customer 14208,Male,28,Indore,2024-02-05
C14209,Customer 14209,Male,43,Indore,2024-01-16
C14210,Customer 14210,Male,57,Indore,2024-07-24
C14211,Customer 14211,Male,36,Indore,2025-05-08
C14212,Customer 14212,Male,35,Indore,2025-11-04
C14213,Customer 14213,Male,47,Indore,2025-12-12
C14214,Customer 14214,Female,49,Indore,2025-02-26
C14215,Customer 14215,Female,40,Bhopal,2024-07-23
C14216,Customer 14216,Other,29,Indore,2024-06-05
C14217,Customer 14217,Male,30,Ujjain,2025-02-18
C14218,Customer 14218,Male,38,Indore,2024-10-25
C14219,Customer 14219,Male,38,Indore,2024-01-19
C14220,Customer 14220,Male,46,Bhopal,2025-05-13
C14221,Customer 14221,Male,46,Dewas,2024-05-17
C14222,Customer 14222,Female,44,Indore,2025-07-21
C14223,Customer 14223,Other,46,Indore,2025-11-30
C14224,Customer 14224,Male,32,Indore,2024-02-12
C14225,Customer 14225,Male,64,Indore,2024-10-30
C14226,Customer 14226,Male,29,Indore,2024-10-22
C14227,Customer 14227,Male,58,Indore,2024-10-16
C14228,Customer 14228,Male,36,Indore,2024-12-31
C14229,Customer 14229,Male,29,Indore,2025-09-16
C14230,Customer 14230,Male,40,Indore,2025-01-03
C14231,Customer 14231,Male,22,Indore,2024-05-08
C14232,Customer 14232,Male,43,Indore,2024-10-01
C14233,Customer 14233,Male,27,Indore,2024-09-13
C14234,Customer 14234,Male,39,Indore,2025-01-10
C14235,Customer 14235,Other,56,Bhopal,2024-03-28
C14236,Customer 14236,Male,40,Indore,2024-08-03
C14237,Customer 14237,Female,28,Indore,2024-12-24
C14238,Customer 14238,Female,45,Indore,2025-04-25
C14239,Customer 14239,Female,48,Indore,2024-10-10
C14240,Customer 14240,Female,25,Ujjain,2024-04-16
C14241,Customer 14241,Female,56,Indore,2025-04-27
C14242,Customer 14242,Female,65,Ujjain,2024-01-24
C14243,Customer 14243,Male,45,Bhopal,2024-08-19
C14244,Customer 14244,Male,33,Indore,2024-02-13
C14245,Customer 14245,Other,63,Bhopal,2025-01-20
C14246,Customer 14246,Female,64,Indore,2025-04-25
C14247,Customer 14247,Female,48,Indore,2024-03-18
C14248,Customer 14248,Female,58,Indore,2024-11-13
C14249,Customer 14249,Female,65,Indore,2024-05-22
C14250,Customer 14250,Female,33,Ujjain,2025-12-27
C14251,Customer 14251,Female,22,Indore,2025-05-30
C14252,Customer 14252,Female,52,Indore,2024-07-30
C14253,Customer 14253,Female,42,Indore,2025-12-11
C14254,Customer 14254,Female,30,Indore,2025-05-27
C14255,Customer 14255,Female,46,Indore,2024-11-20
C14256,Customer 14256,Female,44,Indore,2025-06-09
C14257,Customer 14257,Male,57,Indore,2024-08-09
C14258,Customer 14258,Male,34,Bhopal,2025-04-30
C14259,Customer 14259,Female,54,Indore,2025-03-30
C14260,Customer 14260,Female,55,Indore,2024-04-17
C14261,Customer 14261,Male,46,Indore,2025-05-01
C14262,Customer 14262,Male,51,Indore,2025-01-04
C14263,Customer 14263,Female,47,Indore,2025-09-21
C14264,Customer 14264,Female,48,Indore,2025-01-27
C14265,Customer 14265,Female,39,Indore,2024-04-28
C14266,Customer 14266,Female,63,Indore,2025-05-23
C14267,Customer 14267,Male,42,Indore,2024-12-19
C14268,Customer 14268,Male,21,Ujjain,2025-07-10
C14269,Customer 14269,Male,52,Indore,2025-09-29
C14270,Customer 14270,Female,58,Indore,2025-10-08
C14271,Customer 14271,Male,61,Indore,2024-11-08
C14272,Customer 14272,Female,26,Indore,2024-03-04
C14273,Customer 14273,Female,43,Indore,2024-09-14
C14274,Customer 14274,Female,44,Dewas,
C14275,Customer 14275,Female,44,Indore,2024-11-12
C14276,Customer 14276,Male,35,Indore,2025-02-21
C14277,Customer 14277,Female,47,Indore,2024-01-17
C14278,Customer 14278,Male,62,Indore,2024-10-08
C14279,Customer 14279,Male,63,Ujjain,2025-02-07
C14280,Customer 14280,Male,48,Indore,2025-07-06
C14281,Customer 14281,Male,59,Indore,2025-03-17
C14282,Customer 14282,Female,20,Ujjain,2024-12-31
C14283,Customer 14283,Female,46,Indore,2024-12-20
C14284,Customer 14284,Male,24,Indore,2024-12-20
C14285,Customer 14285,Male,35,Indore,2024-11-05
C14286,Customer 14286,Female,33,Dewas,2025-02-16
C14287,Customer 14287,Female,49,Indore,2024-08-19
C14288,Customer 14288,Male,55,Indore,2025-04-05
C14289,Customer 14289,Female,42,Bhopal,2024-03-30
C14290,Customer 14290,Female,61,Indore,2024-05-29
C14291,Customer 14291,Female,49,Indore,2025-08-06
C14292,Customer 14292,Male,36,Bhopal,2025-03-30
C14293,Customer 14293,Female,20,Indore,2025-01-23
C14294,Customer 14294,Female,52,Dewas,2024-11-03
C14295,Customer 14295,Female,46,Indore,2024-09-13
C14296,Customer 14296,Female,28,Bhopal,2025-07-10
C14297,Customer 14297,Female,23,Indore,2025-01-08
C14298,Customer 14298,Male,36,Ujjain,2025-07-05
C14299,Customer 14299,Female,54,Indore,2024-07-10
C14300,Customer 14300,Female,62,Indore,2025-06-06
C14301,Customer 14301,Female,44,Indore,2025-01-16
C14302,Customer 14302,Male,22,Indore,2025-03-11
C14303,Customer 14303,Male,43,Indore,2024-05-14
C14304,Customer 14304,Female,52,Ujjain,2024-06-27
C14305,Customer 14305,Female,36,Indore,2024-08-08
C14306,Customer 14306,Male,34,Dewas,2024-08-09
C14307,Customer 14307,Female,52,Indore,2025-07-04
C14308,Customer 14308,Male,64,Indore,2025-07-09
C14309,Customer 14309,Other,30,Indore,2024-11-08
C14310,Customer 14310,Female,31,Indore,2024-10-21
C14311,Customer 14311,Male,47,Indore,2025-10-21
C14312,Customer 14312,Female,65,Indore,2025-06-17
C14313,Customer 14313,Female,60,Indore,2024-06-05
C14314,Customer 14314,Male,34,Indore,2025-03-27
C14315,Customer 14315,Female,54,Indore,2024-01-03
C14316,Customer 14316,Male,32,Indore,2024-07-19
C14317,Customer 14317,Female,35,Indore,2025-01-23
C14318,Customer 14318,Male,65,Indore,2024-11-18
C14319,Customer 14319,Male,31,Indore,2024-12-10
C14320,Customer 14320,Male,31,Indore,2025-02-19
C14321,Customer 14321,Male,62,Indore,2024-04-06
C14322,Customer 14322,Female,50,Indore,2025-09-12
C14323,Customer 14323,Male,55,Indore,2025-06-24
C14324,Customer 14324,Male,28,Indore,2024-12-24
C14325,Customer 14325,Female,28,Indore,2024-04-18
C14326,Customer 14326,Male,65,Indore,2025-03-25
C14327,Customer 14327,Female,43,Indore,2025-06-06
C14328,Customer 14328,Female,20,Indore,2024-04-04
C14329,Customer 14329,Female,42,Bhopal,2024-05-11
C14330,Customer 14330,Male,34,Indore,2025-08-27
C14331,Customer 14331,Male,39,Indore,2025-07-19
C14332,Customer 14332,Female,46,Indore,2024-08-29
C14333,Customer 14333,Male,63,Indore,2025-01-11
C14334,Customer 14334,Male,43,Ujjain,2024-07-13
C14335,Customer 14335,Male,51,Indore,2024-09-14
C14336,Customer 14336,Male,43,Indore,2024-10-30
C14337,Customer 14337,Female,26,Indore,2025-05-15
C14338,Customer 14338,Female,57,Dewas,2025-08-02
C14339,Customer 14339,Female,28,Indore,2024-07-08
C14340,Customer 14340,Female,24,Indore,2025-10-01
C14341,Customer 14341,Male,47,Indore,2024-12-04
C14342,Customer 14342,Male,19,Indore,2024-01-19
C14343,Customer 14343,Other,47,Ujjain,2025-11-14
C14344,Customer 14344,Male,21,Indore,2025-02-18
C14345,Customer 14345,Male,31,Indore,2024-03-02
C14346,Customer 14346,Female,30,Indore,2024-03-07
C14347,Customer 14347,Female,42,Indore,2025-12-23
C14348,Customer 14348,Male,30,Indore,2024-06-23
C14349,Customer 14349,Female,30,Indore,2025-01-15
C14350,Customer 14350,Other,54,Indore,2025-06-02
C14351,Customer 14351,Male,61,Indore,2024-08-20
C14352,Customer 14352,Female,23,Indore,2025-12-11
C14353,Customer 14353,Male,43,Indore,2025-06-17
C14354,Customer 14354,Female,31,Indore,2024-12-15
C14355,Customer 14355,Female,25,Indore,2024-05-04
C14356,Customer 14356,Female,41,Indore,2025-08-07
C14357,Customer 14357,Male,39,Dewas,2025-11-28
C14358,Customer 14358,Male,57,Indore,2024-02-07
C14359,Customer 14359,Male,56,Indore,2024-09-04
C14360,Customer 14360,Female,38,Indore,2025-08-10
C14361,Customer 14361,Male,60,Indore,2024-05-20
C14362,Customer 14362,Male,43,Dewas,2024-04-06
C14363,Customer 14363,Male,27,Indore,2025-10-16
C14364,Customer 14364,Male,30,Indore,2025-08-14
C14365,Customer 14365,Male,59,Indore,2024-09-12
C14366,Customer 14366,Female,31,Bhopal,2024-12-19
C14367,Customer 14367,Male,26,Indore,2025-04-19
C14368,Customer 14368,Male,24,Indore,2025-06-10
C14369,Customer 14369,Female,56,Indore,2025-01-02
C14370,Customer 14370,Female,48,Ujjain,2025-06-18
C14371,Customer 14371,Male,33,Indore,2024-09-21
C14372,Customer 14372,Male,25,Indore,2025-11-02
C14373,Customer 14373,Female,65,Indore,2024-10-31
C14374,Customer 14374,Male,32,Indore,2025-08-30
C14375,Customer 14375,Female,42,Indore,2025-03-04
C14376,Customer 14376,Male,64,Indore,2024-10-14
C14377,Customer 14377,Male,55,Indore,2024-10-19
C14378,Customer 14378,Male,58,Indore,2024-02-06
C14379,Customer 14379,Female,32,Bhopal,2025-11-05
C14380,Customer 14380,Female,42,Indore,2024-10-27
C14381,Customer 14381,Male,24,Indore,2024-05-15
C14382,Customer 14382,Female,43,Indore,2025-05-02
C14383,Customer 14383,Male,25,Indore,2024-08-28
C14384,Customer 14384,Male,35,Indore,2024-06-23
C14385,Customer 14385,Female,38,Indore,2025-09-21
C14386,Customer 14386,Male,33,Indore,2024-12-03
C14387,Customer 14387,Female,64,Indore,2024-12-24
C14388,Customer 14388,Female,20,Indore,2024-09-13
C14389,Customer 14389,Female,18,Indore,2025-03-27
C14390,Customer 14390,Female,30,Bhopal,2024-08-05
C14391,Customer 14391,Male,49,Indore,2024-07-21
C14392,Customer 14392,Male,29,Indore,2025-10-16
C14393,Customer 14393,Male,48,Indore,2024-09-11
C14394,Customer 14394,Male,58,Indore,2024-04-05
C14395,Customer 14395,Male,19,Indore,2025-12-19
C14396,Customer 14396,Male,58,Indore,2024-12-13
C14397,Customer 14397,Female,25,Indore,2025-08-21
C14398,Customer 14398,Male,42,Indore,2024-05-10
C14399,Customer 14399,Female,22,Indore,2025-09-18
C14400,Customer 14400,Female,62,Indore,2024-10-14
C14401,Customer 14401,Female,19,Indore,2025-10-21
C14402,Customer 14402,Male,59,Indore,2024-02-25
C14403,Customer 14403,Male,55,Indore,2024-11-29
C14404,Customer 14404,Male,56,Dewas,2025-09-02
C14405,Customer 14405,Male,20,Indore,2025-07-25
C14406,Customer 14406,Male,63,Indore,2024-07-02
C14407,Customer 14407,Female,65,Indore,2025-11-17
C14408,Customer 14408,Male,55,Indore,2025-10-25
C14409,Customer 14409,Female,39,Ujjain,2024-01-04
C14410,Customer 14410,Other,57,Indore,2025-08-10
C14411,Customer 14411,Male,50,Indore,2025-03-10
C14412,Customer 14412,Male,49,Indore,2025-05-27
C14413,Customer 14413,Female,64,Indore,2025-01-28
C14414,Customer 14414,Male,34,Indore,2024-06-12
C14415,Customer 14415,Female,35,Indore,2025-01-12
C14416,Customer 14416,Male,20,Indore,2024-02-17
C14417,Customer 14417,Female,23,Indore,2025-06-13
C14418,Customer 14418,Male,30,Dewas,2025-08-23
C14419,Customer 14419,Male,48,Bhopal,2024-11-27
C14420,Customer 14420,Female,34,Indore,2024-06-04
C14421,Customer 14421,Male,38,Indore,2025-11-23
C14422,Customer 14422,Male,33,Bhopal,2025-05-13
C14423,Customer 14423,Male,34,Indore,2024-01-09
C14424,Customer 14424,Male,49,Indore,2024-05-31
C14425,Customer 14425,Female,18,Indore,2025-10-21
C14426,Customer 14426,Female,65,Indore,2025-04-18
C14427,Customer 14427,Female,55,Indore,2024-01-27
C14428,Customer 14428,Female,25,Bhopal,2025-09-04
C14429,Customer 14429,Male,18,Indore,2024-07-17
C14430,Customer 14430,Male,19,Ujjain,2024-03-23
C14431,Customer 14431,Female,64,Indore,2024-02-23
C14432,Customer 14432,Female,54,Indore,2025-08-16
C14433,Customer 14433,Male,41,Indore,2024-05-22
C14434,Customer 14434,Male,44,Indore,2024-09-09
C14435,Customer 14435,Male,37,Dewas,2024-04-06
C14436,Customer 14436,Female,64,Indore,2025-03-10
C14437,Customer 14437,Female,38,Indore,2025-03-28
C14438,Customer 14438,Male,59,Indore,2025-07-05
C14439,Customer 14439,Female,54,Indore,2024-08-16
C14440,Customer 14440,Male,52,Indore,2024-07-15
C14441,Customer 14441,Male,55,Indore,2025-04-29
C14442,Customer 14442,Female,32,Indore,2024-06-19
C14443,Customer 14443,Male,63,Indore,2025-05-28
C14444,Customer 14444,Male,59,Indore,2024-10-12
C14445,Customer 14445,Other,47,Indore,2025-05-11
C14446,Customer 14446,Female,21,Indore,2025-04-03
C14447,Customer 14447,Female,60,Indore,2025-07-17
C14448,Customer 14448,Male,56,Indore,2025-09-06
C14449,Customer 14449,Male,32,Indore,2024-02-02
C14450,Customer 14450,Female,40,Indore,2025-06-06
C14451,Customer 14451,Female,58,Indore,2025-01-14
C14452,Customer 14452,Female,32,Indore,2025-08-10
C14453,Customer 14453,Male,43,Indore,2024-02-23
C14454,Customer 14454,Male,29,Indore,2024-11-26
C14455,Customer 14455,Other,35,Dewas,2024-04-06
C14456,Customer 14456,Female,23,Indore,2025-05-19
C14457,Customer 14457,Male,35,Dewas,2024-05-27
C14458,Customer 14458,Male,41,Indore,2025-05-31
C14459,Customer 14459,Male,55,Dewas,2025-05-09
C14460,Customer 14460,Male,45,Ujjain,2024-10-06
C14461,Customer 14461,Male,32,Indore,2025-02-19
C14462,Customer 14462,Male,36,Indore,2024-10-13
C14463,Customer 14463,Female,22,Indore,2024-04-15
C14464,Customer 14464,Male,21,Indore,2025-07-09
C14465,Customer 14465,Other,34,Indore,2024-07-24
C14466,Customer 14466,Male,27,Indore,2024-04-27
C14467,Customer 14467,Female,29,Bhopal,2025-04-24
C14468,Customer 14468,Male,22,Indore,2025-11-20
C14469,Customer 14469,Female,24,Indore,2025-01-05
C14470,Customer 14470,Other,61,Indore,2024-08-15
C14471,Customer 14471,Female,40,Indore,2024-10-07
C14472,Customer 14472,Female,19,Indore,2025-03-10
C14473,Customer 14473,Male,47,Indore,2024-04-26
C14474,Customer 14474,Female,62,Indore,2025-10-15
C14475,Customer 14475,Female,54,Indore,2025-08-06
C14476,Customer 14476,Other,22,Indore,2025-06-24
C14477,Customer 14477,Male,37,Indore,2024-01-25
C14478,Customer 14478,Other,43,Indore,2024-03-27
C14479,Customer 14479,Male,61,Indore,2024-07-05
C14480,Customer 14480,Male,61,Indore,2025-09-03
C14481,Customer 14481,Male,56,Indore,2024-09-11
C14482,Customer 14482,Male,23,Indore,2025-01-30
C14483,Customer 14483,Female,46,Indore,2024-06-26
C14484,Customer 14484,Female,27,Indore,2024-05-19
C14485,Customer 14485,Female,33,Ujjain,2024-03-22
C14486,Customer 14486,Female,51,Indore,2025-03-07
C14487,Customer 14487,Female,48,Indore,2025-06-14
C14488,Customer 14488,Female,53,Indore,2025-01-02
C14489,Customer 14489,Male,58,Indore,2024-02-22
C14490,Customer 14490,Female,22,Indore,2025-06-30
C14491,Customer 14491,Female,50,Indore,2025-01-03
C14492,Customer 14492,Female,60,Indore,2025-10-28
C14493,Customer 14493,Female,36,Indore,2025-08-01
C14494,Customer 14494,Female,49,Indore,2024-02-20
C14495,Customer 14495,Male,40,Indore,2024-12-26
C14496,Customer 14496,Male,20,Bhopal,2024-02-12
C14497,Customer 14497,Female,18,Indore,2025-06-30
C14498,Customer 14498,Male,53,Indore,2025-06-10
C14499,Customer 14499,Female,58,Indore,2025-10-17
C14500,Customer 14500,Male,45,Indore,2024-03-09
C14501,Customer 14501,Male,65,Indore,
C14502,Customer 14502,Female,56,Dewas,2024-03-25
C14503,Customer 14503,Male,22,Indore,2024-06-17
C14504,Customer 14504,Female,30,Indore,2025-12-05
C14505,Customer 14505,Male,28,Indore,2024-01-30
C14506,Customer 14506,Male,63,Ujjain,2024-05-26
C14507,Customer 14507,Female,39,Indore,2024-03-28
C14508,Customer 14508,Male,40,Indore,2024-10-28
C14509,Customer 14509,Female,29,Ujjain,2025-08-13
C14510,Customer 14510,Female,38,Indore,2024-01-24
C14511,Customer 14511,Male,36,Indore,2025-02-23
C14512,Customer 14512,Female,22,Indore,2024-06-25
C14513,Customer 14513,Female,41,Indore,2024-07-05
C14514,Customer 14514,Male,47,Indore,2024-08-01
C14515,Customer 14515,Male,25,Ujjain,2024-10-21
C14516,Customer 14516,Male,19,Ujjain,2025-11-18
C14517,Customer 14517,Female,51,Indore,2025-08-14
C14518,Customer 14518,Female,40,Indore,2025-08-15
C14519,Customer 14519,Female,20,Dewas,2024-07-15
C14520,Customer 14520,Female,41,Indore,2025-03-23
C14521,Customer 14521,Female,35,Indore,2024-06-29
C14522,Customer 14522,Female,64,Indore,2024-02-23
C14523,Customer 14523,Female,54,Indore,2024-06-13
C14524,Customer 14524,Male,48,Indore,2025-03-11
C14525,Customer 14525,Female,31,Indore,2025-06-13
C14526,Customer 14526,Female,18,Indore,2024-09-12
C14527,Customer 14527,Female,31,Indore,2024-10-24
C14528,Customer 14528,Female,58,Indore,2024-05-15
C14529,Customer 14529,Male,22,Indore,2025-04-21
C14530,Customer 14530,Female,48,Indore,2025-12-24
C14531,Customer 14531,Male,48,Indore,2024-04-23
C14532,Customer 14532,Female,47,Indore,2024-12-22
C14533,Customer 14533,Male,53,Indore,2025-02-26
C14534,Customer 14534,Female,18,Indore,2024-11-12
C14535,Customer 14535,Female,20,Indore,2025-12-09
C14536,Customer 14536,Female,37,Indore,2024-07-05
C14537,Customer 14537,Male,60,Indore,2024-09-22
C14538,Customer 14538,Other,65,Ujjain,2025-12-03
C14539,Customer 14539,Female,60,Indore,2025-06-30
C14540,Customer 14540,Female,38,Indore,2024-02-11
C14541,Customer 14541,Male,47,Bhopal,2025-12-25
C14542,Customer 14542,Female,59,Indore,2024-03-28
C14543,Customer 14543,Male,61,Indore,2024-10-11
C14544,Customer 14544,Female,47,Indore,2024-06-03
C14545,Customer 14545,Male,22,Indore,2024-10-20
C14546,Customer 14546,Female,27,Indore,2025-06-20
C14547,Customer 14547,Female,41,Indore,2025-12-06
C14548,Customer 14548,Male,62,Indore,2024-10-20
C14549,Customer 14549,Male,56,Indore,2024-02-28
C14550,Customer 14550,Female,65,Indore,2025-04-10
C14551,Customer 14551,Male,23,Indore,2025-09-09
C14552,Customer 14552,Female,27,Dewas,2025-06-02
C14553,Customer 14553,Male,59,Indore,2025-11-19
C14554,Customer 14554,Male,60,Indore,2024-07-14
C14555,Customer 14555,Male,27,Indore,2024-10-23
C14556,Customer 14556,Female,42,Ujjain,2024-07-20
C14557,Customer 14557,Male,31,Indore,2025-03-10
C14558,Customer 14558,Female,64,Indore,2024-10-18
C14559,Customer 14559,Female,56,Bhopal,2025-04-25
C14560,Customer 14560,Male,30,Indore,2024-10-09
C14561,Customer 14561,Female,28,Indore,2025-08-19
C14562,Customer 14562,Male,56,Dewas,2024-08-06
C14563,Customer 14563,Female,28,Indore,2024-10-16
C14564,Customer 14564,Male,63,Indore,2025-07-17
C14565,Customer 14565,Male,33,Bhopal,2025-05-16
C14566,Customer 14566,Female,50,Indore,2025-05-23
C14567,Customer 14567,Female,58,Indore,2025-01-24
C14568,Customer 14568,Male,58,Indore,2025-10-15
C14569,Customer 14569,Female,49,Ujjain,2024-02-28
C14570,Customer 14570,Male,27,Indore,2024-02-26
C14571,Customer 14571,Female,32,Indore,2025-09-23
C14572,Customer 14572,Female,33,Indore,2024-02-06
C14573,Customer 14573,Male,60,Indore,2025-11-28
C14574,Customer 14574,Male,44,Indore,2025-04-11
C14575,Customer 14575,Male,62,Indore,2024-05-05
C14576,Customer 14576,Male,49,Indore,2025-12-25
C14577,Customer 14577,Male,23,Indore,2025-04-07
C14578,Customer 14578,Female,64,Indore,2024-12-02
C14579,Customer 14579,Other,65,Indore,2025-12-01
C14580,Customer 14580,Male,53,Indore,2024-07-03
C14581,Customer 14581,Female,25,Indore,2025-09-12
C14582,Customer 14582,Female,42,Indore,2024-02-21
C14583,Customer 14583,Female,24,Indore,2024-12-09
C14584,Customer 14584,Female,34,Ujjain,2025-09-04
C14585,Customer 14585,Female,65,Indore,2025-02-17
C14586,Customer 14586,Male,47,Indore,2024-11-11
C14587,Customer 14587,Male,19,Indore,2024-05-25
C14588,Customer 14588,Male,34,Indore,2025-01-10
C14589,Customer 14589,Male,21,Indore,2024-07-23
C14590,Customer 14590,Male,43,Indore,2025-04-02
C14591,Customer 14591,Female,31,Indore,2025-11-17
C14592,Customer 14592,Male,25,Indore,2024-08-18
C14593,Customer 14593,Female,22,Indore,2025-09-29
C14594,Customer 14594,Male,22,Indore,2024-09-24
C14595,Customer 14595,Female,22,Indore,2024-12-23
C14596,Customer 14596,Female,44,Dewas,2025-05-03
C14597,Customer 14597,Male,22,Indore,2025-09-15
C14598,Customer 14598,Male,20,Indore,2024-02-09
C14599,Customer 14599,Female,55,Indore,2025-12-30
C14600,Customer 14600,Male,47,Indore,2024-07-10
C14601,Customer 14601,Male,18,Indore,2024-10-01
C14602,Customer 14602,Male,25,Indore,2025-08-21
C14603,Customer 14603,Female,30,Dewas,2024-12-21
C14604,Customer 14604,Female,37,Indore,2024-06-03
C14605,Customer 14605,Female,23,Indore,2025-11-22
C14606,Customer 14606,Female,65,Indore,2025-08-14
C14607,Customer 14607,Female,25,Dewas,2025-06-02
C14608,Customer 14608,Female,47,Indore,2024-07-09
C14609,Customer 14609,Female,57,Indore,2024-03-17
C14610,Customer 14610,Male,32,Indore,2024-02-24
C14611,Customer 14611,Male,27,Bhopal,2025-12-16
C14612,Customer 14612,Female,50,Indore,2025-04-25
C14613,Customer 14613,Female,26,Indore,2025-11-01
C14614,Customer 14614,Male,50,Indore,2024-05-18
C14615,Customer 14615,Male,26,Indore,2025-02-04
C14616,Customer 14616,Female,31,Indore,2024-08-17
C14617,Customer 14617,Female,49,Ujjain,2024-11-17
C14618,Customer 14618,Male,54,Indore,2024-03-07
C14619,Customer 14619,Female,23,Indore,2024-04-07
C14620,Customer 14620,Female,22,Indore,2024-04-23
C14621,Customer 14621,Female,21,Indore,2025-02-19
C14622,Customer 14622,Male,65,Ujjain,2024-01-13
C14623,Customer 14623,Male,33,Indore,2025-10-20
C14624,Customer 14624,Male,27,Indore,2024-08-09
C14625,Customer 14625,Male,48,Indore,2025-02-26
C14626,Customer 14626,Female,48,Indore,2024-01-21
C14627,Customer 14627,Male,31,Indore,2025-05-10
C14628,Customer 14628,Other,30,Indore,2024-08-02
C14629,Customer 14629,Male,21,Ujjain,2024-05-23
C14630,Customer 14630,Male,63,Indore,2025-05-04
C14631,Customer 14631,Female,43,Indore,2024-12-05
C14632,Customer 14632,Female,41,Indore,2024-04-21
C14633,Customer 14633,Male,26,Indore,2025-01-16
C14634,Customer 14634,Female,52,Indore,2024-03-18
C14635,Customer 14635,Female,59,Indore,2025-10-27
C14636,Customer 14636,Female,32,Indore,2024-03-26
C14637,Customer 14637,Female,41,Indore,2024-12-26
C14638,Customer 14638,Male,48,Indore,2025-04-28
C14639,Customer 14639,Female,36,Indore,2025-04-18
C14640,Customer 14640,Female,19,Indore,2024-03-16
C14641,Customer 14641,Male,19,Dewas,2024-01-31
C14642,Customer 14642,Male,58,Indore,2024-12-25
C14643,Customer 14643,Female,53,Indore,2024-11-19
C14644,Customer 14644,Male,54,Indore,2024-06-16
C14645,Customer 14645,Male,51,Indore,2024-10-09
C14646,Customer 14646,Other,56,Indore,2024-08-07
C14647,Customer 14647,Male,36,Indore,2024-09-28
C14648,Customer 14648,Male,55,Indore,2025-12-12
C14649,Customer 14649,Female,40,Indore,2025-01-01
C14650,Customer 14650,Female,33,Dewas,2024-04-22
C14651,Customer 14651,Male,63,Indore,2025-06-08
C14652,Customer 14652,Female,61,Indore,2025-07-25
C14653,Customer 14653,Female,23,Indore,2025-11-30
C14654,Customer 14654,Female,43,Indore,2024-12-29
C14655,Customer 14655,Male,39,Ujjain,2024-10-14
C14656,Customer 14656,Male,62,Indore,2024-02-24
C14657,Customer 14657,Male,64,Indore,2024-08-30
C14658,Customer 14658,Female,41,Indore,2024-06-01
C14659,Customer 14659,Female,63,Indore,2024-06-17
C14660,Customer 14660,Female,57,Bhopal,2024-04-18
C14661,Customer 14661,Female,38,Indore,2024-12-03
C14662,Customer 14662,Female,47,Dewas,2024-02-05
C14663,Customer 14663,Male,28,Ujjain,2025-12-24
C14664,Customer 14664,Female,26,Indore,2024-12-05
C14665,Customer 14665,Female,29,Indore,2024-05-10
C14666,Customer 14666,Female,43,Indore,2024-02-28
C14667,Customer 14667,Male,55,Indore,2025-05-05
C14668,Customer 14668,Female,20,Indore,2025-11-04
C14669,Customer 14669,Male,50,Indore,2025-11-01
C14670,Customer 14670,Male,32,Ujjain,2024-06-08
C14671,Customer 14671,Female,64,Indore,2024-11-24
C14672,Customer 14672,Female,22,Indore,2025-07-11
C14673,Customer 14673,Male,41,Dewas,2025-01-02
C14674,Customer 14674,Female,28,Indore,2024-12-09
C14675,Customer 14675,Male,50,Indore,2024-11-07
C14676,Customer 14676,Male,40,Indore,2025-09-26
C14677,Customer 14677,Male,27,Indore,2024-08-01
C14678,Customer 14678,Female,60,Indore,2024-06-06
C14679,Customer 14679,Female,45,Indore,2024-06-12
C14680,Customer 14680,Female,56,Indore,2024-10-08
C14681,Customer 14681,Female,34,Indore,
C14682,Customer 14682,Male,61,Indore,2024-05-09
C14683,Customer 14683,Male,43,Indore,2024-12-27
C14684,Customer 14684,Female,42,Indore,2024-09-19
C14685,Customer 14685,Male,53,Ujjain,2024-06-03
C14686,Customer 14686,Female,29,Indore,2024-12-01
C14687,Customer 14687,Female,20,Indore,2024-10-31
C14688,Customer 14688,Female,46,Indore,2024-02-15
C14689,Customer 14689,Male,61,Indore,2024-09-04
C14690,Customer 14690,Male,41,Indore,2024-07-31
C14691,Customer 14691,Female,36,Bhopal,2025-02-13
C14692,Customer 14692,Male,30,Indore,2025-05-23
C14693,Customer 14693,Female,33,Indore,2024-01-02
C14694,Customer 14694,Male,57,Indore,2025-12-18
C14695,Customer 14695,Male,44,Dewas,2025-12-04
C14696,Customer 14696,Male,23,Indore,2024-11-15
C14697,Customer 14697,Male,59,Indore,2024-09-09
C14698,Customer 14698,Female,27,Indore,2025-04-16
C14699,Customer 14699,Male,55,Indore,2024-03-29
C14700,Customer 14700,Male,25,Indore,2024-01-15
C14701,Customer 14701,Male,35,Indore,2024-06-13
C14702,Customer 14702,Male,49,Indore,2025-03-02
C14703,Customer 14703,Male,34,Indore,2025-07-10
C14704,Customer 14704,Male,59,Indore,2025-04-19
C14705,Customer 14705,Female,19,Indore,2025-11-22
C14706,Customer 14706,Female,61,Indore,2025-09-09
C14707,Customer 14707,Female,37,Indore,2025-02-22
C14708,Customer 14708,Female,27,Ujjain,2025-02-13
C14709,Customer 14709,Male,26,Indore,2025-10-21
C14710,Customer 14710,Female,65,Indore,2025-12-02
C14711,Customer 14711,Female,56,Indore,2025-04-13
C14712,Customer 14712,Male,58,Indore,2025-10-02
C14713,Customer 14713,Female,42,Indore,2025-03-12
C14714,Customer 14714,Male,42,Indore,
C14715,Customer 14715,Male,41,Dewas,2024-01-30
C14716,Customer 14716,Female,23,Indore,2025-06-05
C14717,Customer 14717,Male,47,Indore,2025-09-12
C14718,Customer 14718,Male,27,Indore,2025-10-23
C14719,Customer 14719,Male,56,Indore,2024-10-11
C14720,Customer 14720,Male,48,Indore,2025-01-26
C14721,Customer 14721,Male,35,Bhopal,2025-03-12
C14722,Customer 14722,Female,60,Indore,2024-05-18
C14723,Customer 14723,Female,50,Dewas,2025-10-27
C14724,Customer 14724,Female,36,Indore,2025-10-20
C14725,Customer 14725,Male,40,Indore,2025-02-17
C14726,Customer 14726,Other,22,Bhopal,2025-07-01
C14727,Customer 14727,Female,43,Indore,2025-11-26
C14728,Customer 14728,Male,46,Dewas,2025-10-08
C14729,Customer 14729,Female,41,Ujjain,2025-06-13
C14730,Customer 14730,Female,23,Indore,2024-05-16
C14731,Customer 14731,Female,56,Indore,2025-01-24
C14732,Customer 14732,Male,21,Dewas,2024-07-16
C14733,Customer 14733,Male,65,Indore,2025-07-10
C14734,Customer 14734,Female,59,Indore,2025-02-09
C14735,Customer 14735,Female,43,Indore,2025-08-13
C14736,Customer 14736,Female,32,Indore,2025-04-01
C14737,Customer 14737,Female,30,Indore,2025-03-29
C14738,Customer 14738,Female,57,Indore,2024-03-27
C14739,Customer 14739,Male,39,Indore,2024-07-27
C14740,Customer 14740,Female,30,Indore,2024-08-11
C14741,Customer 14741,Male,56,Indore,2024-09-09
C14742,Customer 14742,Female,34,Indore,2024-06-08
C14743,Customer 14743,Female,53,Indore,2024-08-16
C14744,Customer 14744,Male,56,Indore,2024-07-13
C14745,Customer 14745,Female,65,Indore,2025-01-11
C14746,Customer 14746,Male,42,Indore,2024-05-23
C14747,Customer 14747,Male,51,Indore,2024-05-09
C14748,Customer 14748,Male,38,Indore,2025-03-26
C14749,Customer 14749,Male,42,Indore,2024-02-10
C14750,Customer 14750,Male,42,Dewas,2025-11-21
C14751,Customer 14751,Male,39,Indore,2024-01-14
C14752,Customer 14752,Female,40,Indore,2025-03-08
C14753,Customer 14753,Female,42,Indore,2025-03-08
C14754,Customer 14754,Female,31,Indore,2025-06-22
C14755,Customer 14755,Male,31,Ujjain,2025-02-26
C14756,Customer 14756,Female,43,Bhopal,2024-11-24
C14757,Customer 14757,Female,57,Indore,2025-06-05
C14758,Customer 14758,Male,47,Indore,2024-03-25
C14759,Customer 14759,Female,43,Indore,2024-01-02
C14760,Customer 14760,Male,55,Indore,2024-07-25
C14761,Customer 14761,Female,39,Indore,2025-02-15
C14762,Customer 14762,Male,56,Ujjain,2025-08-23
C14763,Customer 14763,Male,56,Indore,2024-04-30
C14764,Customer 14764,Female,51,Indore,2025-04-01
C14765,Customer 14765,Male,42,Bhopal,2025-06-25
C14766,Customer 14766,Male,53,Bhopal,2024-01-09
C14767,Customer 14767,Female,30,Ujjain,2025-10-02
C14768,Customer 14768,Female,46,Indore,2024-11-07
C14769,Customer 14769,Female,59,Dewas,2024-07-22
C14770,Customer 14770,Male,26,Indore,2025-05-14
C14771,Customer 14771,Male,32,Indore,2025-10-11
C14772,Customer 14772,Female,48,Indore,2024-05-24
C14773,Customer 14773,Male,61,Dewas,2025-02-04
C14774,Customer 14774,Male,44,Indore,2025-11-16
C14775,Customer 14775,Female,48,Indore,2025-07-14
C14776,Customer 14776,Male,27,Indore,2025-08-24
C14777,Customer 14777,Male,54,Indore,2025-04-27
C14778,Customer 14778,Male,24,Indore,2024-04-09
C14779,Customer 14779,Male,49,Indore,2024-07-21
C14780,Customer 14780,Male,28,Ujjain,2024-07-26
C14781,Customer 14781,Male,65,Indore,2025-08-27
C14782,Customer 14782,Male,62,Indore,2024-09-23
C14783,Customer 14783,Female,45,Indore,2025-12-13
C14784,Customer 14784,Female,21,Indore,2025-05-20
C14785,Customer 14785,Male,65,Indore,2024-09-06
C14786,Customer 14786,Female,62,Indore,2025-03-14
C14787,Customer 14787,Male,48,Indore,2025-08-30
C14788,Customer 14788,Male,46,Indore,2025-01-21
C14789,Customer 14789,Male,50,Indore,2025-04-06
C14790,Customer 14790,Female,21,Indore,2025-05-10
C14791,Customer 14791,Female,64,Dewas,2025-09-07
C14792,Customer 14792,Female,43,Ujjain,2025-10-17
C14793,Customer 14793,Male,48,Indore,2024-05-16
C14794,Customer 14794,Male,48,Indore,2025-08-02
C14795,Customer 14795,Female,44,Indore,2024-06-21
C14796,Customer 14796,Male,42,Indore,2024-01-02
C14797,Customer 14797,Female,65,Indore,2024-04-28
C14798,Customer 14798,Female,53,Indore,2025-05-12
C14799,Customer 14799,Female,48,Indore,2024-04-29
C14800,Customer 14800,Female,60,Indore,2025-01-11
C14801,Customer 14801,Female,54,Bhopal,
C14802,Customer 14802,Female,62,Indore,2024-08-06
C14803,Customer 14803,Female,61,Indore,2024-07-01
C14804,Customer 14804,Male,40,Indore,2025-05-30
C14805,Customer 14805,Female,52,Indore,2025-07-23
C14806,Customer 14806,Male,21,Indore,2024-07-16
C14807,Customer 14807,Male,45,Indore,2025-01-08
C14808,Customer 14808,Male,59,Indore,2025-03-18
C14809,Customer 14809,Male,58,Indore,2024-01-26
C14810,Customer 14810,Female,59,Indore,2025-04-02
C14811,Customer 14811,Female,30,Bhopal,2024-04-22
C14812,Customer 14812,Male,18,Indore,2025-12-09
C14813,Customer 14813,Male,29,Bhopal,2024-08-16
C14814,Customer 14814,Female,60,Indore,2024-12-25
C14815,Customer 14815,Female,57,Ujjain,2025-01-19
C14816,Customer 14816,Female,43,Indore,2025-03-16
C14817,Customer 14817,Male,63,Indore,2024-04-07
C14818,Customer 14818,Female,63,Indore,2024-10-30
C14819,Customer 14819,Male,40,Indore,2025-12-12
C14820,Customer 14820,Male,39,Indore,2024-01-21
C14821,Customer 14821,Male,45,Indore,2025-11-28
C14822,Customer 14822,Male,34,Indore,2024-06-23
C14823,Customer 14823,Male,23,Indore,2024-10-05
C14824,Customer 14824,Other,31,Indore,2024-07-26
C14825,Customer 14825,Male,34,Dewas,2025-08-25
C14826,Customer 14826,Male,55,Dewas,2025-01-18
C14827,Customer 14827,Male,22,Indore,2024-10-31
C14828,Customer 14828,Male,30,Indore,2025-12-28
C14829,Customer 14829,Female,65,Indore,2024-12-20
C14830,Customer 14830,Male,26,Indore,2024-01-31
C14831,Customer 14831,Female,61,Indore,2024-05-04
C14832,Customer 14832,Male,59,Bhopal,2025-03-06
C14833,Customer 14833,Female,43,Indore,2025-12-08
C14834,Customer 14834,Female,30,Indore,2024-10-17
C14835,Customer 14835,Female,36,Indore,2025-04-03
C14836,Customer 14836,Female,65,Indore,2024-02-03
C14837,Customer 14837,Female,34,Bhopal,2025-06-10
C14838,Customer 14838,Male,33,Indore,2024-12-06
C14839,Customer 14839,Female,47,Ujjain,2024-12-02
C14840,Customer 14840,Female,49,Indore,2024-06-18
C14841,Customer 14841,Female,31,Indore,2024-05-25
C14842,Customer 14842,Male,65,Indore,2025-12-18
C14843,Customer 14843,Male,32,Indore,2025-07-03
C14844,Customer 14844,Female,29,Indore,2024-11-15
C14845,Customer 14845,Male,54,Ujjain,2024-01-29
C14846,Customer 14846,Male,28,Indore,2025-01-08
C14847,Customer 14847,Male,22,Indore,2025-01-05
C14848,Customer 14848,Female,28,Indore,2024-01-10
C14849,Customer 14849,Other,51,Indore,2025-02-19
C14850,Customer 14850,Male,36,Indore,2024-04-24
C14851,Customer 14851,Male,43,Indore,2024-03-24
C14852,Customer 14852,Male,43,Indore,2025-08-15
C14853,Customer 14853,Male,34,Indore,2025-08-05
C14854,Customer 14854,Female,48,Indore,2024-02-25
C14855,Customer 14855,Female,36,Indore,2024-10-26
C14856,Customer 14856,Male,61,Bhopal,2024-08-09
C14857,Customer 14857,Female,37,Indore,2025-09-07
C14858,Customer 14858,Female,40,Indore,2024-08-20
C14859,Customer 14859,Male,42,Indore,2024-06-26
C14860,Customer 14860,Male,45,Indore,2024-03-14
C14861,Customer 14861,Other,54,Bhopal,2024-10-14
C14862,Customer 14862,Male,29,Indore,2024-12-11
C14863,Customer 14863,Female,65,Indore,2024-02-22
C14864,Customer 14864,Male,18,Ujjain,2025-03-07
C14865,Customer 14865,Female,19,Bhopal,2025-04-09
C14866,Customer 14866,Female,27,Ujjain,2024-04-27
C14867,Customer 14867,Female,51,Dewas,2024-08-05
C14868,Customer 14868,Female,49,Indore,2025-06-25
C14869,Customer 14869,Female,42,Dewas,2025-09-11
C14870,Customer 14870,Female,27,Bhopal,2024-10-08
C14871,Customer 14871,Male,18,Indore,2024-10-24
C14872,Customer 14872,Male,49,Indore,2025-12-14
C14873,Customer 14873,Female,54,Indore,2024-10-24
C14874,Customer 14874,Female,29,Indore,2025-08-30
C14875,Customer 14875,Male,35,Indore,2024-02-08
C14876,Customer 14876,Male,47,Ujjain,2024-11-12
C14877,Customer 14877,Female,30,Indore,2024-10-29
C14878,Customer 14878,Male,20,Indore,2024-06-28
C14879,Customer 14879,Male,38,Indore,2024-06-09
C14880,Customer 14880,Female,59,Indore,2024-06-03
C14881,Customer 14881,Female,31,Indore,2024-06-05
C14882,Customer 14882,Male,57,Indore,2025-12-22
C14883,Customer 14883,Male,27,Indore,2025-01-18
C14884,Customer 14884,Male,19,Ujjain,2025-09-14
C14885,Customer 14885,Male,62,Bhopal,2024-10-10
C14886,Customer 14886,Female,54,Indore,2025-03-26
C14887,Customer 14887,Female,28,Indore,2024-12-27
C14888,Customer 14888,Male,18,Indore,2025-04-21
C14889,Customer 14889,Male,43,Indore,2024-05-23
C14890,Customer 14890,Male,59,Indore,2024-04-09
C14891,Customer 14891,Other,30,Indore,2024-09-13
C14892,Customer 14892,Male,45,Indore,2025-09-21
C14893,Customer 14893,Female,53,Indore,2024-12-03
C14894,Customer 14894,Female,38,Indore,2025-01-22
C14895,Customer 14895,Female,27,Indore,2025-12-25
C14896,Customer 14896,Female,29,Indore,2024-05-11
C14897,Customer 14897,Male,63,Indore,2025-09-18
C14898,Customer 14898,Female,44,Indore,2025-02-07
C14899,Customer 14899,Male,20,Indore,2024-11-14
C14900,Customer 14900,Female,45,Indore,2025-04-11
C14901,Customer 14901,Male,19,Indore,2024-04-25
C14902,Customer 14902,Female,45,Dewas,2024-02-26
C14903,Customer 14903,Male,48,Indore,2025-01-11
C14904,Customer 14904,Female,60,Indore,2025-10-25
C14905,Customer 14905,Male,38,Indore,2024-10-02
C14906,Customer 14906,Female,24,Ujjain,2025-05-12
C14907,Customer 14907,Male,48,Indore,2025-05-19
C14908,Customer 14908,Male,31,Indore,2024-06-14
C14909,Customer 14909,Female,56,Ujjain,2024-05-31
C14910,Customer 14910,Female,56,Indore,2024-07-30
C14911,Customer 14911,Male,26,Bhopal,2024-10-06
C14912,Customer 14912,Female,40,Indore,2024-11-21
C14913,Customer 14913,Female,29,Indore,2024-04-11
C14914,Customer 14914,Female,46,Dewas,2025-01-17
C14915,Customer 14915,Male,55,Indore,2025-01-08
C14916,Customer 14916,Male,56,Indore,2024-10-07
C14917,Customer 14917,Female,39,Indore,2025-04-24
C14918,Customer 14918,Male,21,Indore,2025-04-09
C14919,Customer 14919,Female,65,Indore,2025-08-15
C14920,Customer 14920,Male,24,Indore,2025-03-28
C14921,Customer 14921,Male,57,Indore,2024-09-29
C14922,Customer 14922,Female,25,Indore,2025-07-23
C14923,Customer 14923,Female,52,Indore,2025-04-01
C14924,Customer 14924,Female,26,Bhopal,2025-05-28
C14925,Customer 14925,Male,30,Bhopal,2024-12-04
C14926,Customer 14926,Male,56,Indore,2025-06-04
C14927,Customer 14927,Male,37,Indore,2025-12-03
C14928,Customer 14928,Male,38,Dewas,2024-05-02
C14929,Customer 14929,Female,64,Ujjain,2024-04-13
C14930,Customer 14930,Female,36,Indore,2024-03-23
C14931,Customer 14931,Male,19,Indore,2024-04-18
C14932,Customer 14932,Female,61,Indore,2024-04-29
C14933,Customer 14933,Male,57,Indore,2025-03-27
C14934,Customer 14934,Female,47,Indore,2024-08-15
C14935,Customer 14935,Male,40,Indore,2024-09-23
C14936,Customer 14936,Female,57,Indore,2025-09-09
C14937,Customer 14937,Male,30,Indore,2025-05-10
C14938,Customer 14938,Male,50,Indore,2024-08-04
C14939,Customer 14939,Male,49,Indore,2025-10-01
C14940,Customer 14940,Male,45,Indore,2024-10-12
C14941,Customer 14941,Male,41,Indore,2025-01-05
C14942,Customer 14942,Male,59,Indore,2025-10-22
C14943,Customer 14943,Male,45,Indore,2025-10-24
C14944,Customer 14944,Female,47,Indore,2025-07-26
C14945,Customer 14945,Male,58,Indore,2025-10-31
C14946,Customer 14946,Female,46,Indore,2024-06-22
C14947,Customer 14947,Male,51,Indore,2024-09-30
C14948,Customer 14948,Female,39,Indore,2025-04-25
C14949,Customer 14949,Female,42,Indore,2025-11-15
C14950,Customer 14950,Male,31,Indore,2024-02-28
C14951,Customer 14951,Female,27,Indore,2025-02-22
C14952,Customer 14952,Male,27,Indore,2025-09-13
C14953,Customer 14953,Female,25,Indore,2025-02-09
C14954,Customer 14954,Female,31,Indore,2025-01-04
C14955,Customer 14955,Male,62,Indore,2024-08-02
C14956,Customer 14956,Male,55,Indore,2024-11-02
C14957,Customer 14957,Male,49,Ujjain,2024-03-05
C14958,Customer 14958,Male,62,Indore,2025-02-02
C14959,Customer 14959,Female,49,Indore,2025-02-15
C14960,Customer 14960,Male,20,Indore,2024-09-08
C14961,Customer 14961,Male,37,Indore,2024-10-24
C14962,Customer 14962,Male,30,Indore,2024-05-27
C14963,Customer 14963,Male,40,Indore,2024-08-15
C14964,Customer 14964,Male,36,Indore,2025-12-20
C14965,Customer 14965,Female,33,Indore,2024-07-15
C14966,Customer 14966,Male,53,Indore,2024-08-30
C14967,Customer 14967,Female,52,Indore,2025-12-03
C14968,Customer 14968,Male,64,Indore,2024-06-19
C14969,Customer 14969,Male,64,Indore,2025-04-07
C14970,Customer 14970,Female,24,Indore,2024-09-14
C14971,Customer 14971,Male,54,Indore,2025-04-16
C14972,Customer 14972,Male,25,Bhopal,2024-05-30
C14973,Customer 14973,Female,42,Indore,2025-03-05
C14974,Customer 14974,Male,40,Indore,2025-01-16
C14975,Customer 14975,Male,27,Indore,2025-02-20
C14976,Customer 14976,Female,47,Ujjain,2024-10-26
C14977,Customer 14977,Female,50,Indore,2024-08-24
C14978,Customer 14978,Male,28,Indore,2024-06-01
C14979,Customer 14979,Male,52,Indore,2024-10-17
C14980,Customer 14980,Male,44,Indore,2025-02-22
C14981,Customer 14981,Male,20,Indore,2025-07-30
C14982,Customer 14982,Female,64,Indore,2025-03-02
C14983,Customer 14983,Female,25,Indore,2025-03-27
C14984,Customer 14984,Female,30,Indore,2024-07-08
C14985,Customer 14985,Male,59,Indore,2024-06-07
C14986,Customer 14986,Male,20,Indore,2024-02-01
C14987,Customer 14987,Female,37,Indore,2024-11-17
C14988,Customer 14988,Male,63,Indore,2024-02-29
C14989,Customer 14989,Female,62,Indore,2024-06-27
C14990,Customer 14990,Female,52,Indore,2025-11-29
C14991,Customer 14991,Female,30,Indore,2024-07-23
C14992,Customer 14992,Male,37,Indore,2025-02-04
C14993,Customer 14993,Male,41,Indore,2024-04-24
C14994,Customer 14994,Female,26,Indore,2024-03-08
C14995,Customer 14995,Female,47,Ujjain,2024-08-10
C14996,Customer 14996,Female,42,Ujjain,2025-02-25
C14997,Customer 14997,Male,33,Indore,2025-01-21
C14998,Customer 14998,Female,25,Indore,2024-11-05
C14999,Customer 14999,Female,61,Indore,2025-11-14
C15000,Customer 15000,Male,45,Indore,2024-07-28
