cost_id,branch_id,cost_date,cost_category,cost_amount
OC00000,B05,2025-08-08,Rent,15269.23
OC00001,B02,2025-08-04,Staff Salary,22221.08
OC00002,B01,2026-01-06,Staff Salary,31968.32
OC00003,B07,2025-03-03,Other Operating Cost,5743.98
OC00004,B05,2026-12-07,Utilities,5214.73
OC00005,B05,2025-05-06,Staff Salary,20495.01
OC00006,B04,2025-06-07,Staff Salary,21891.27
OC00007,B07,2026-10-06,Utilities,4726.07
OC00008,B04,2027-01-01,Packaging,5858.58
OC00009,B08,2025-10-08,Packaging,3658.06
OC00010,B02,2026-03-29,Rent,14515.0
OC00011,B03,2026-07-26,Staff Salary,24946.77
OC00012,B03,2025-01-09,Staff Salary,19839.8
OC00013,B03,2025-01-10,Staff Salary,24434.28
OC00014,B03,2025-11-26,Rent,16993.31
OC00015,B01,2025-01-22,Packaging,4184.16
OC00016,B08,2026-10-18,Packaging,4702.71
OC00017,B05,2026-08-08,Packaging,5086.09
OC00018,B04,2025-08-06,Staff Salary,25177.76
OC00019,B03,2026-08-06,Rent,18566.16
OC00020,B05,2025-08-03,Packaging,5915.19
OC00021,B04,2025-01-23,Maintenance,2183.29
OC00022,B05,2025-07-06,Utilities,6496.87
OC00023,B02,2025-11-11,Other Operating Cost,5028.06
OC00024,B01,2025-11-10,Staff Salary,21321.19
OC00025,B01,2026-03-26,Rent,16873.08
OC00026,B04,2025-10-02,Staff Salary,22567.73
OC00027,B08,2025-09-12,Rent,18721.59
OC00028,B03,2025-10-28,Staff Salary,25566.4
OC00029,B03,2026-01-01,Maintenance,2782.57
OC00030,B08,2026-05-31,Staff Salary,19519.14
OC00031,B02,2025-05-24,Packaging,3415.46
OC00032,B07,2026-12-05,Maintenance,3918.96
OC00033,B03,2026-04-11,Staff Salary,21253.49
OC00034,B08,2025-04-11,Rent,17363.63
OC00035,B01,2025-07-06,Utilities,5884.44
OC00036,B07,2025-01-11,Packaging,4436.4
OC00037,B03,2025-12-19,Rent,16326.79
OC00038,B03,2025-04-12,Rent,18062.0
OC00039,B05,2025-09-18,Packaging,3386.28
OC00040,B04,2025-03-04,Other Operating Cost,4680.24
OC00041,B02,2026-11-20,Utilities,6097.44
OC00042,B03,2026-11-28,Other Operating Cost,6491.26
OC00043,B07,2025-05-03,Other Operating Cost,3895.7
OC00044,B04,2026-07-31,Staff Salary,33332.36
OC00045,B05,2025-02-08,Utilities,6657.64
OC00046,B01,2025-09-23,Staff Salary,16337.91
OC00047,B02,2025-04-04,Utilities,4546.94
OC00048,B02,2025-03-05,Utilities,3094.63
OC00049,B08,2025-02-06,Packaging,5044.51
OC00050,B03,2025-09-19,Maintenance,3412.39
OC00051,B03,2026-10-08,Staff Salary,29588.4
OC00052,B01,2025-07-31,Staff Salary,26751.81
OC00053,B06,2026-11-14,Rent,16036.02
OC00054,B08,2026-01-26,Maintenance,3105.19
OC00055,B07,2026-11-16,Utilities,7634.82
OC00056,B03,2026-06-12,Packaging,3922.7
OC00057,B05,2025-10-24,Packaging,4016.79
OC00058,B05,2026-05-19,Maintenance,4016.65
OC00059,B07,2026-02-02,Other Operating Cost,3656.7
OC00060,B03,2026-04-05,Other Operating Cost,6179.45
OC00061,B07,2025-12-20,Rent,15062.8
OC00062,B08,2025-10-15,Rent,9866.6
OC00063,B05,2026-06-19,Utilities,5929.78
OC00064,B05,2026-12-22,Maintenance,4814.61
OC00065,B06,2026-07-28,Utilities,6854.77
OC00066,B01,2026-01-26,Rent,9995.17
OC00067,B06,2025-02-28,Rent,14477.37
OC00068,B04,2026-05-18,Staff Salary,19945.25
OC00069,B02,2026-08-15,Staff Salary,22503.88
OC00070,B06,2026-07-30,Maintenance,3390.35
OC00071,B01,2025-10-07,Rent,17967.45
OC00072,B08,2025-04-10,Rent,16213.9
OC00073,B08,2026-02-03,Staff Salary,33226.85
OC00074,B02,2026-04-21,Utilities,4665.21
OC00075,B03,2025-05-23,Utilities,5967.11
OC00076,B03,2025-02-04,Staff Salary,25585.96
OC00077,B01,2026-10-04,Other Operating Cost,3423.15
OC00078,B03,2025-11-21,Utilities,4683.85
OC00079,B02,2026-08-09,Staff Salary,18883.89
OC00080,B05,2026-05-16,Staff Salary,18864.18
OC00081,B05,2026-08-26,Staff Salary,18399.31
OC00082,B01,2025-04-03,Other Operating Cost,3779.14
OC00083,B05,2026-02-27,Maintenance,5206.23
OC00084,B06,2026-06-02,Maintenance,3790.43
OC00085,B08,2025-05-15,Other Operating Cost,5698.76
OC00086,B02,2025-11-12,Other Operating Cost,3593.24
OC00087,B03,2026-10-27,Packaging,6164.81
OC00088,B01,2026-11-14,Other Operating Cost,6071.73
OC00089,B04,2026-05-09,Staff Salary,25941.77
OC00090,B07,2026-11-04,Rent,15963.16
OC00091,B08,2025-10-28,Rent,20406.23
OC00092,B08,2025-07-25,Maintenance,4018.96
OC00093,B06,2025-02-06,Utilities,4861.62
OC00094,B05,2025-03-15,Utilities,6330.44
OC00095,B04,2026-08-11,Utilities,7334.46
OC00096,B02,2026-12-11,Staff Salary,13406.58
OC00097,B05,2025-12-04,Staff Salary,22481.4
OC00098,B08,2025-01-12,Other Operating Cost,3847.49
OC00099,B06,2026-04-03,Maintenance,3112.64
OC00100,B06,2025-11-04,Rent,8880.4
OC00101,B06,2026-07-16,Rent,16762.35
OC00102,B07,2026-08-25,Maintenance,4017.12
OC00103,B06,2026-08-29,Staff Salary,20256.86
OC00104,B04,2026-10-22,Other Operating Cost,5941.97
OC00105,B08,2026-09-17,Other Operating Cost,4801.49
OC00106,B02,2025-12-13,Staff Salary,24065.18
OC00107,B06,2025-01-13,Staff Salary,28400.37
OC00108,B03,2025-05-17,Staff Salary,24343.85
OC00109,B08,2025-11-10,Rent,18171.94
OC00110,B02,2026-07-18,Staff Salary,26612.3
OC00111,B03,2025-01-27,Utilities,5816.54
OC00112,B03,2026-09-09,Utilities,4863.0
OC00113,B01,2025-04-10,Staff Salary,20903.94
OC00114,B04,2026-07-02,Packaging,4511.98
OC00115,B03,2026-07-07,Utilities,5740.29
OC00116,B04,2025-11-18,Packaging,4504.31
OC00117,B07,2025-03-04,Rent,18111.05
OC00118,B02,2025-01-19,Staff Salary,33132.03
OC00119,B01,2025-01-20,Packaging,4585.29
OC00120,B01,2025-10-29,Rent,6583.25
OC00121,B06,2025-10-30,Staff Salary,22766.88
OC00122,B06,2025-12-08,Maintenance,3875.15
OC00123,B06,2026-08-08,Maintenance,3355.72
OC00124,B02,2026-07-03,Other Operating Cost,5882.24
OC00125,B02,2025-03-01,Maintenance,4970.51
OC00126,B03,2025-10-05,Utilities,5925.84
OC00127,B02,2026-04-12,Rent,11897.25
OC00128,B02,2025-12-23,Packaging,3569.39
OC00129,B02,2026-09-11,Maintenance,3813.69
OC00130,B05,2025-06-07,Other Operating Cost,5382.75
OC00131,B04,2025-11-25,Staff Salary,17881.87
OC00132,B03,2025-04-11,Packaging,3042.1
OC00133,B07,2026-03-12,Packaging,3858.72
OC00134,B02,2026-09-02,Other Operating Cost,3849.94
OC00135,B06,2026-12-23,Staff Salary,17774.08
OC00136,B01,2026-05-17,Maintenance,5849.42
OC00137,B08,2026-09-25,Packaging,3783.99
OC00138,B03,2026-01-13,Utilities,3942.54
OC00139,B01,2026-10-25,Staff Salary,16876.33
OC00140,B05,2026-09-04,Other Operating Cost,6835.66
OC00141,B04,2025-01-03,Packaging,4613.46
OC00142,B05,2026-01-24,Maintenance,4139.71
OC00143,B06,2025-07-11,Utilities,6221.58
OC00144,B02,2026-01-26,Staff Salary,22013.43
OC00145,B01,2025-08-16,Packaging,4425.95
OC00146,B06,2026-07-17,Staff Salary,25781.54
OC00147,B05,2026-09-08,Maintenance,5017.73
OC00148,B06,2026-09-08,Rent,18853.7
OC00149,B01,2025-05-27,Maintenance,3464.29
OC00150,B06,2025-08-13,Staff Salary,23782.21
OC00151,B05,2025-07-29,Maintenance,4133.37
OC00152,B03,2025-04-07,Other Operating Cost,6874.59
OC00153,B01,2025-11-29,Rent,17032.22
OC00154,B05,2026-05-31,Utilities,4563.65
OC00155,,2025-06-17,Packaging,5942.93
OC00156,B02,2026-03-19,Rent,16690.92
OC00157,B02,2026-06-02,Rent,18652.16
OC00158,B04,2025-01-01,Rent,11562.01
OC00159,B07,2025-06-07,Staff Salary,25030.8
OC00160,B05,2026-10-09,Packaging,5917.6
OC00161,B08,2026-10-21,Staff Salary,25127.68
OC00162,B04,2025-04-26,Packaging,1074.0
OC00163,B04,2025-08-13,Utilities,4288.23
OC00164,B02,2026-08-15,Staff Salary,26646.9
OC00165,B01,2025-09-15,Staff Salary,26653.8
OC00166,B08,2026-12-11,Rent,23024.97
OC00167,B06,2025-12-04,Rent,12668.14
OC00168,B05,2025-08-08,Maintenance,2527.04
OC00169,B03,2025-10-07,Utilities,5010.51
OC00170,B06,2026-03-26,Staff Salary,20965.76
OC00171,B02,2026-01-26,Staff Salary,18542.77
OC00172,B05,2026-01-30,Staff Salary,18022.45
OC00173,B02,2025-09-23,Maintenance,4772.24
OC00174,B06,2026-04-18,Utilities,6757.81
OC00175,B08,2025-06-06,Other Operating Cost,2195.95
OC00176,B07,2026-03-05,Staff Salary,26678.29
OC00177,B07,2026-07-18,Staff Salary,18280.84
OC00178,B08,2025-06-03,Packaging,4106.46
OC00179,B03,2026-01-08,Other Operating Cost,5767.48
OC00180,B06,2025-06-28,Utilities,4652.28
OC00181,B03,2026-07-27,Staff Salary,18412.86
OC00182,B04,2026-01-01,Rent,17788.22
OC00183,B05,2026-05-05,Utilities,5713.47
OC00184,B03,2025-05-11,Rent,12017.02
OC00185,B01,2026-06-06,Staff Salary,28191.65
OC00186,B02,2025-07-13,Staff Salary,29092.06
OC00187,B05,2025-11-01,Staff Salary,23222.03
OC00188,B08,2025-11-07,Other Operating Cost,5283.28
OC00189,B02,2026-07-06,Rent,17685.38
OC00190,B02,2025-06-22,Utilities,8066.96
OC00191,B05,2025-03-14,Staff Salary,20259.28
OC00192,B05,2026-08-05,Staff Salary,27465.24
OC00193,B05,2025-12-24,Packaging,4723.89
OC00194,B04,2026-10-24,Utilities,6746.74
OC00195,B03,2026-03-12,Utilities,6912.54
OC00196,B01,2026-04-15,Packaging,3689.76
OC00197,B04,2026-06-04,Utilities,2436.11
OC00198,B06,2025-11-28,Rent,13501.77
OC00199,B05,2025-07-03,Packaging,4024.43
OC00200,B02,2025-07-15,Packaging,4241.3
OC00201,B02,2026-05-21,Utilities,7088.22
OC00202,B05,2026-04-10,Packaging,4133.3
OC00203,B02,2026-09-23,Maintenance,5060.39
OC00204,B08,2026-07-16,Rent,17507.78
OC00205,B06,2025-07-31,Staff Salary,31359.16
OC00206,B05,2025-09-22,Staff Salary,25571.56
OC00207,B05,2026-07-02,Rent,22815.41
OC00208,B02,2025-12-25,Packaging,4162.6
OC00209,B05,2025-12-06,Maintenance,5132.26
OC00210,B02,2025-10-06,Other Operating Cost,5312.36
OC00211,B08,2025-10-04,Packaging,5146.95
OC00212,B03,2025-05-02,Utilities,4545.09
OC00213,B05,2026-12-16,Other Operating Cost,5582.99
OC00214,B01,2026-08-19,Packaging,3937.32
OC00215,B06,2025-09-05,Packaging,4908.58
OC00216,B07,2025-11-24,Staff Salary,27424.86
OC00217,B07,2026-02-17,Staff Salary,26719.67
OC00218,B06,2025-12-28,Staff Salary,16707.03
OC00219,B07,2025-04-02,Other Operating Cost,3373.4
OC00220,B04,2026-12-06,Rent,19032.53
OC00221,B06,2025-06-11,Maintenance,5075.88
OC00222,B02,2025-03-22,Utilities,6388.07
OC00223,B04,2025-04-01,Rent,16424.45
OC00224,B01,2026-07-01,Rent,17539.24
OC00225,B02,2026-06-10,Utilities,6846.34
OC00226,B04,2026-12-23,Packaging,4141.48
OC00227,B01,2025-09-12,Staff Salary,19932.77
OC00228,B05,2026-08-14,Staff Salary,24189.79
OC00229,B05,2026-11-04,Utilities,6358.07
OC00230,B06,2025-04-14,Staff Salary,23399.78
OC00231,B01,2025-06-29,Other Operating Cost,6385.38
OC00232,B06,2025-08-09,Rent,11554.21
OC00233,B02,2025-01-24,Maintenance,4522.58
OC00234,B05,2026-06-07,Other Operating Cost,4628.04
OC00235,B02,2027-01-01,Maintenance,4512.38
OC00236,B08,2026-01-11,Maintenance,5125.68
OC00237,B03,2025-05-21,Other Operating Cost,4171.14
OC00238,B06,2026-06-23,Staff Salary,23393.99
OC00239,B05,2026-04-26,Utilities,5040.76
OC00240,B04,2026-12-26,Other Operating Cost,7005.51
OC00241,B08,2026-09-18,Packaging,6391.79
OC00242,B08,2025-01-10,Utilities,5667.67
OC00243,B01,2025-05-02,Utilities,5427.96
OC00244,B03,2026-07-21,Rent,17124.35
OC00245,B05,2025-04-22,Packaging,2130.91
OC00246,B07,2025-12-23,Rent,14477.97
OC00247,B01,2025-03-15,Other Operating Cost,5010.31
OC00248,B05,2026-02-23,Utilities,4637.15
OC00249,B05,2025-02-02,Other Operating Cost,3143.27
OC00250,B01,2026-05-21,Utilities,3409.07
OC00251,B04,2025-10-05,Rent,11690.47
OC00252,B05,2026-07-24,Utilities,5134.43
OC00253,B04,2025-06-14,Rent,11491.55
OC00254,B06,2025-09-19,Utilities,6054.37
OC00255,B01,2026-09-28,Staff Salary,24090.43
OC00256,B06,2026-01-06,Rent,15802.16
OC00257,B04,2026-09-29,Packaging,6102.12
OC00258,B02,2025-07-14,Rent,9786.07
OC00259,B08,2026-07-02,Staff Salary,22666.43
OC00260,B03,2026-12-30,Staff Salary,27144.44
OC00261,B08,2025-05-26,Other Operating Cost,5871.81
OC00262,B01,2025-07-08,Rent,12364.3
OC00263,B05,2025-11-08,Staff Salary,25681.94
OC00264,B06,2025-01-19,Staff Salary,25113.66
OC00265,,2025-10-27,Maintenance,3801.42
OC00266,B05,2025-01-06,Maintenance,3506.01
OC00267,B08,2025-04-07,Staff Salary,20031.68
OC00268,B03,2025-09-20,Packaging,3096.71
OC00269,B02,2025-05-09,Staff Salary,24875.47
OC00270,B03,2026-11-30,Other Operating Cost,4417.53
OC00271,B08,2026-04-29,Staff Salary,24521.4
OC00272,B06,2025-09-05,Staff Salary,15535.13
OC00273,B05,2026-12-14,Staff Salary,21082.91
OC00274,B01,2026-03-06,Other Operating Cost,5306.73
OC00275,B08,2027-01-01,Maintenance,5154.39
OC00276,B07,2025-03-04,Staff Salary,24776.13
OC00277,B03,2026-12-13,Staff Salary,24975.11
OC00278,B02,2025-05-21,Other Operating Cost,3581.34
OC00279,B01,2025-09-18,Utilities,5562.14
OC00280,B01,2026-03-15,Utilities,6810.0
OC00281,B05,2025-02-08,Utilities,6334.26
OC00282,B01,2026-08-23,Other Operating Cost,5669.85
OC00283,B04,2026-05-21,Packaging,5393.22
OC00284,B02,2026-07-18,Staff Salary,19003.75
OC00285,B04,2026-06-10,Staff Salary,22921.35
OC00286,B04,2025-12-28,Staff Salary,29221.02
OC00287,B05,2025-07-28,Other Operating Cost,5029.24
OC00288,B01,2025-07-02,Staff Salary,26469.43
OC00289,B08,2026-04-24,Staff Salary,23398.2
OC00290,B04,2026-08-17,Packaging,3459.41
OC00291,B08,2026-11-03,Staff Salary,23890.34
OC00292,B02,2025-09-04,Staff Salary,24524.08
OC00293,B01,2026-04-16,Maintenance,4547.88
OC00294,B02,2025-03-11,Staff Salary,23423.83
OC00295,B03,2026-03-03,Rent,11780.71
OC00296,B03,2026-03-02,Staff Salary,25396.83
OC00297,B03,2026-02-25,Packaging,5934.15
OC00298,B02,2025-12-29,Staff Salary,22401.36
OC00299,B04,2026-08-10,Utilities,7145.19
OC00300,B08,2025-07-22,Utilities,4614.75
OC00301,B04,2026-03-30,Other Operating Cost,5865.17
OC00302,B07,2026-06-08,Packaging,3758.7
OC00303,B05,2026-03-14,Utilities,5158.71
OC00304,B08,2025-06-12,Staff Salary,16821.8
OC00305,B01,2025-08-27,Staff Salary,33883.54
OC00306,B07,2026-10-21,Utilities,6106.04
OC00307,B02,2025-01-07,Utilities,4246.69
OC00308,B04,2025-09-02,Staff Salary,23930.86
OC00309,B04,2025-11-16,Packaging,2452.92
OC00310,B08,2026-09-27,Staff Salary,29167.76
OC00311,B08,2026-02-21,Maintenance,3333.16
OC00312,B02,2026-01-28,Staff Salary,19326.37
OC00313,B01,2026-03-26,Maintenance,3754.35
OC00314,B01,2025-02-17,Rent,15451.34
OC00315,B03,2026-07-11,Maintenance,5362.92
OC00316,B07,2025-05-11,Staff Salary,18870.71
OC00317,B04,2026-06-01,Maintenance,3603.65
OC00318,B03,2026-09-14,Utilities,6977.94
OC00319,B01,2025-02-08,Utilities,5565.73
OC00320,B08,2025-07-07,Rent,13040.84
OC00321,B02,2026-06-16,Packaging,3927.09
OC00322,B02,2026-03-26,Utilities,3898.07
OC00323,B01,2025-06-07,Maintenance,3130.03
OC00324,B05,2025-08-22,Staff Salary,35839.23
OC00325,B03,2026-06-23,Maintenance,3782.73
OC00326,B03,2025-03-21,Rent,19975.62
OC00327,B03,2026-10-15,Rent,15374.83
OC00328,B01,2026-02-17,Utilities,5679.59
OC00329,B01,2025-07-07,Utilities,2943.98
OC00330,B02,2025-10-16,Maintenance,4327.1
OC00331,B02,2026-06-22,Rent,20387.45
OC00332,B02,2026-12-12,Packaging,5223.63
OC00333,B08,2026-11-16,Maintenance,3835.08
OC00334,B06,2025-01-18,Rent,11828.52
OC00335,B07,2025-02-15,Packaging,6016.58
OC00336,B05,2026-09-27,Utilities,7070.57
OC00337,B06,2025-01-01,Utilities,7247.28
OC00338,B02,2026-03-19,Maintenance,4309.78
OC00339,B01,2025-01-25,Staff Salary,22676.76
OC00340,B05,2026-05-21,Maintenance,3212.01
OC00341,B02,2026-12-11,Staff Salary,23076.65
OC00342,B01,2025-05-27,Staff Salary,18296.46
OC00343,B05,2025-05-23,Packaging,5770.5
OC00344,B07,2025-05-16,Rent,15404.22
OC00345,B07,2026-07-22,Staff Salary,22961.57
OC00346,B01,2025-11-18,Staff Salary,28498.61
OC00347,B05,2026-01-02,Rent,6630.23
OC00348,B02,2025-10-02,Rent,21944.75
OC00349,B04,2025-03-17,Packaging,4191.04
OC00350,B04,2026-04-22,Maintenance,5400.77
OC00351,B07,2026-10-30,Packaging,5937.62
OC00352,B05,2025-03-26,Rent,20253.18
OC00353,B01,2026-09-10,Utilities,5059.98
OC00354,B03,2026-06-25,Maintenance,4552.06
OC00355,B05,2026-11-12,Rent,16370.42
OC00356,B01,2026-12-31,Staff Salary,19693.23
OC00357,B02,2026-09-19,Maintenance,4718.74
OC00358,B01,2026-09-24,Staff Salary,16390.49
OC00359,B02,2026-08-01,Utilities,5066.93
OC00360,B03,2026-11-24,Maintenance,5137.21
OC00361,,2026-04-05,Maintenance,4011.43
OC00362,B08,2025-05-26,Other Operating Cost,1290.61
OC00363,B01,2026-07-17,Maintenance,5596.11
OC00364,B01,2026-03-07,Utilities,6089.19
OC00365,B07,2026-08-02,Staff Salary,31639.9
OC00366,B01,2026-05-08,Rent,14512.92
OC00367,B05,2025-06-12,Maintenance,3808.69
OC00368,B02,2026-03-19,Staff Salary,21511.85
OC00369,B05,2026-05-01,Packaging,6136.36
OC00370,B08,2026-04-10,Staff Salary,33051.15
OC00371,B03,2025-08-01,Maintenance,3798.33
OC00372,B07,2026-01-15,Staff Salary,26814.0
OC00373,B02,2026-06-08,Staff Salary,19328.86
OC00374,B08,2026-04-08,Other Operating Cost,3936.96
OC00375,,2025-06-20,Rent,16208.94
OC00376,B08,2025-05-07,Other Operating Cost,4478.25
OC00377,B02,2026-12-09,Staff Salary,27681.27
OC00378,B01,2026-06-17,Staff Salary,25309.56
OC00379,B08,2026-03-09,Staff Salary,22494.09
OC00380,B02,2026-07-21,Staff Salary,19099.11
OC00381,B01,2025-05-12,Utilities,5829.9
OC00382,B03,2026-08-20,Staff Salary,25661.31
OC00383,B01,2025-03-11,Rent,18009.88
OC00384,B08,2026-01-16,Other Operating Cost,5603.1
OC00385,B03,2025-04-13,Staff Salary,27697.62
OC00386,B03,2025-12-11,Packaging,4965.97
OC00387,B03,2026-11-17,Maintenance,5258.32
OC00388,B01,2025-07-21,Utilities,4190.81
OC00389,B06,2025-08-27,Utilities,5338.04
OC00390,B05,2026-01-22,Rent,14227.19
OC00391,B04,2025-12-08,Utilities,4684.31
OC00392,B03,2026-07-08,Packaging,3981.13
OC00393,B04,2025-02-08,Other Operating Cost,5219.33
OC00394,B05,2025-10-15,Staff Salary,24201.13
OC00395,B05,2026-01-28,Rent,12674.38
OC00396,B04,2025-02-06,Staff Salary,22943.39
OC00397,B08,2026-10-02,Other Operating Cost,6284.37
OC00398,B07,2026-04-23,Other Operating Cost,6465.85
OC00399,B04,2025-12-23,Staff Salary,22486.15
OC00400,B05,2025-09-23,Staff Salary,25156.37
OC00401,B05,2026-01-20,Maintenance,3460.47
OC00402,B02,2026-03-20,Utilities,5123.75
OC00403,B02,2026-09-16,Packaging,4575.82
OC00404,B06,2026-04-09,Utilities,4183.21
OC00405,B05,2025-02-27,Rent,16728.15
OC00406,B04,2026-05-05,Utilities,3982.33
OC00407,B03,2026-05-28,Staff Salary,27452.16
OC00408,B03,2025-06-10,Staff Salary,24568.51
OC00409,B04,2026-07-31,Utilities,5268.12
OC00410,B06,2025-02-28,Utilities,6153.08
OC00411,B03,2026-05-31,Rent,17189.85
OC00412,B02,2025-01-10,Other Operating Cost,5914.45
OC00413,B01,2027-01-01,Staff Salary,19097.9
OC00414,B08,2025-09-07,Other Operating Cost,6857.54
OC00415,B02,2025-01-20,Staff Salary,30706.16
OC00416,B02,2026-12-08,Packaging,3870.24
OC00417,B08,2026-12-11,Staff Salary,28766.84
OC00418,B02,2025-08-01,Other Operating Cost,5262.6
OC00419,B02,2025-02-11,Rent,14791.3
OC00420,B05,2026-04-25,Staff Salary,24031.61
OC00421,B02,2026-01-04,Utilities,6877.42
OC00422,B08,2025-01-09,Maintenance,3602.88
OC00423,B05,2025-03-14,Utilities,4303.75
OC00424,B05,2026-11-09,Staff Salary,26964.31
OC00425,B05,2026-10-14,Rent,14136.83
OC00426,B02,2025-09-08,Other Operating Cost,4853.04
OC00427,B02,2025-06-02,Utilities,4726.86
OC00428,B05,2026-02-28,Staff Salary,23945.16
OC00429,B01,2025-09-08,Other Operating Cost,2977.56
OC00430,B04,2026-09-18,Staff Salary,18867.4
OC00431,B01,2025-04-22,Rent,18632.77
OC00432,B02,2025-06-02,Staff Salary,21346.74
OC00433,B01,2026-05-28,Staff Salary,23780.69
OC00434,B08,2025-12-24,Staff Salary,17068.5
OC00435,B01,2025-09-24,Maintenance,3815.66
OC00436,B08,2025-10-06,Packaging,5587.75
OC00437,B05,2026-04-02,Maintenance,4251.45
OC00438,B06,2026-08-04,Staff Salary,24758.9
OC00439,B02,2026-07-22,Staff Salary,26518.94
OC00440,B07,2025-11-11,Packaging,4855.68
OC00441,B08,2026-08-23,Staff Salary,27674.87
OC00442,B01,2026-06-08,Utilities,4518.4
OC00443,B05,2025-01-28,Staff Salary,27870.41
OC00444,B03,2025-12-26,Utilities,5290.5
OC00445,B08,2025-11-21,Other Operating Cost,4604.95
OC00446,B08,2026-10-21,Maintenance,4277.54
OC00447,B08,2026-12-05,Staff Salary,25390.79
OC00448,B06,2026-08-27,Maintenance,5352.67
OC00449,B02,2025-12-19,Rent,11109.4
OC00450,B08,2026-08-06,Rent,14738.88
OC00451,B08,2026-06-16,Rent,11800.9
OC00452,B07,2026-07-23,Rent,11919.9
OC00453,B02,2025-09-21,Packaging,6106.48
OC00454,B03,2026-03-20,Staff Salary,24241.08
OC00455,B08,2026-09-23,Rent,18174.76
OC00456,B01,2025-01-28,Utilities,8424.42
OC00457,B02,2025-08-02,Other Operating Cost,4121.86
OC00458,B02,2025-12-18,Utilities,7536.93
OC00459,B01,2026-01-06,Other Operating Cost,5285.08
OC00460,B02,2025-08-27,Staff Salary,24806.1
OC00461,B04,2026-07-31,Utilities,5777.01
OC00462,B02,2025-11-02,Rent,20173.51
OC00463,B04,2026-05-11,Maintenance,3340.39
OC00464,B02,2025-11-20,Packaging,2878.35
OC00465,B01,2026-06-24,Maintenance,4213.17
OC00466,B08,2025-04-18,Maintenance,4149.73
OC00467,B01,2026-02-04,Other Operating Cost,4520.01
OC00468,B01,2026-11-08,Packaging,5455.53
OC00469,B03,2026-07-20,Packaging,4555.15
OC00470,B02,2025-09-17,Utilities,4116.88
OC00471,B02,2026-12-20,Staff Salary,25539.18
OC00472,B03,2025-06-06,Utilities,2486.22
OC00473,B02,2026-05-22,Rent,10563.43
OC00474,B03,2026-07-03,Utilities,7242.2
OC00475,B03,2026-03-02,Staff Salary,28008.75
OC00476,B07,2026-11-18,Utilities,6064.75
OC00477,B02,2026-06-05,Rent,10422.71
OC00478,B05,2025-10-19,Packaging,4787.48
OC00479,B08,2025-04-23,Utilities,6147.45
OC00480,B05,2025-07-26,Packaging,4887.99
OC00481,B05,2026-08-13,Utilities,3480.15
OC00482,B05,2026-09-03,Maintenance,5763.46
OC00483,B01,2025-06-05,Staff Salary,31301.97
OC00484,B01,2025-10-04,Staff Salary,25656.45
OC00485,B05,2025-05-10,Other Operating Cost,4499.05
OC00486,B02,2026-09-11,Other Operating Cost,6396.75
OC00487,B01,2025-05-19,Staff Salary,19183.41
OC00488,B04,2026-10-24,Packaging,4807.95
OC00489,B08,2025-01-17,Rent,15288.6
OC00490,B05,2026-11-21,Rent,15699.65
OC00491,B01,2025-11-14,Maintenance,5178.28
OC00492,B07,2025-11-10,Packaging,5576.27
OC00493,B01,2025-02-23,Rent,13512.15
OC00494,B02,2026-10-08,Other Operating Cost,5304.32
OC00495,B04,2026-09-09,Utilities,4731.19
OC00496,B03,2026-07-28,Other Operating Cost,5988.59
OC00497,B01,2026-02-01,Utilities,6705.54
OC00498,B02,2026-03-13,Packaging,3192.67
OC00499,B07,2026-04-19,Utilities,6788.4
OC00500,B07,2026-05-01,Maintenance,5784.04
OC00501,B02,2025-02-10,Maintenance,4632.03
OC00502,B05,2026-09-25,Utilities,9171.65
OC00503,B02,2026-08-14,Packaging,3978.75
OC00504,B08,2025-03-12,Staff Salary,22689.98
OC00505,B01,2025-02-02,Staff Salary,20306.34
OC00506,B02,2025-07-22,Staff Salary,17507.36
OC00507,B06,2026-05-18,Other Operating Cost,5960.79
OC00508,B08,2025-07-15,Utilities,5756.58
OC00509,B08,2025-08-05,Maintenance,5451.04
OC00510,B04,2025-11-08,Maintenance,4424.49
OC00511,B03,2025-10-28,Other Operating Cost,3208.78
OC00512,B02,2026-04-22,Staff Salary,22212.0
OC00513,B02,2026-12-25,Packaging,5572.8
OC00514,B02,2026-01-21,Rent,12775.4
OC00515,B08,2026-07-29,Rent,15260.48
OC00516,B08,2026-10-20,Utilities,6673.47
OC00517,B02,2025-10-07,Rent,17373.43
OC00518,B05,2026-07-04,Other Operating Cost,5116.54
OC00519,B01,2025-11-29,Other Operating Cost,3703.6
OC00520,B08,2026-04-08,Rent,15785.56
OC00521,B06,2026-11-10,Maintenance,3063.7
OC00522,B06,2026-12-17,Staff Salary,27197.97
OC00523,B05,2026-04-24,Utilities,5187.39
OC00524,B05,2026-01-25,Rent,9607.55
OC00525,B07,2026-07-20,Packaging,5244.25
OC00526,B05,2025-04-12,Packaging,4235.04
OC00527,B05,2025-12-30,Packaging,4456.1
OC00528,B03,2025-07-11,Packaging,2463.51
OC00529,B05,2025-04-16,Other Operating Cost,4405.61
OC00530,B06,2025-04-25,Other Operating Cost,6460.11
OC00531,B07,2026-07-29,Maintenance,4330.53
OC00532,B08,2026-05-11,Maintenance,3401.63
OC00533,B02,2026-06-17,Staff Salary,34246.4
OC00534,B03,2026-01-23,Rent,12478.14
OC00535,B08,2026-11-08,Packaging,5873.66
OC00536,B03,2025-06-26,Staff Salary,19181.06
OC00537,B05,2026-11-19,Maintenance,3771.96
OC00538,B08,2025-01-06,Utilities,5634.85
OC00539,B02,2026-02-19,Staff Salary,16234.3
OC00540,B01,2026-10-24,Other Operating Cost,6268.72
OC00541,B01,2026-02-18,Other Operating Cost,7290.41
OC00542,B01,2025-09-30,Rent,15777.55
OC00543,B02,2025-07-08,Other Operating Cost,4003.18
OC00544,B03,2026-08-22,Staff Salary,25856.42
OC00545,B05,2026-12-18,Rent,21161.02
OC00546,B07,2025-06-01,Rent,12711.22
OC00547,B02,2025-09-12,Packaging,5736.02
OC00548,B02,2025-07-31,Utilities,6186.82
OC00549,B01,2025-12-28,Rent,18797.66
OC00550,B03,2025-11-22,Utilities,4557.83
OC00551,B04,2025-01-24,Other Operating Cost,4989.63
OC00552,B02,2025-08-24,Rent,14150.92
OC00553,B06,2025-10-23,Packaging,2808.35
OC00554,B07,2025-04-26,Rent,16128.65
OC00555,B01,2026-06-07,Other Operating Cost,6982.42
OC00556,B02,2026-06-27,Maintenance,3487.85
OC00557,B08,2025-04-25,Maintenance,4032.04
OC00558,B02,2025-02-27,Other Operating Cost,7684.42
OC00559,B01,2025-02-16,Rent,10854.82
OC00560,B03,2026-04-08,Staff Salary,26450.36
OC00561,B07,2025-07-28,Other Operating Cost,4378.33
OC00562,B03,2025-11-21,Staff Salary,27863.09
OC00563,B01,2026-03-07,Rent,18986.24
OC00564,B03,2025-01-21,Utilities,7823.32
OC00565,B01,2026-03-29,Rent,13611.03
OC00566,B03,2026-03-05,Other Operating Cost,4734.53
OC00567,B08,2026-04-13,Utilities,6541.86
OC00568,B01,2026-11-28,Utilities,7775.21
OC00569,B08,2025-06-15,Rent,18197.12
OC00570,B02,2026-01-13,Utilities,2794.55
OC00571,B08,2025-12-13,Rent,14852.16
OC00572,B01,2025-12-07,Utilities,4784.35
OC00573,B07,2025-08-11,Other Operating Cost,3221.79
OC00574,B04,2025-08-21,Staff Salary,16450.05
OC00575,B01,2026-10-15,Rent,11057.46
OC00576,B06,2026-03-01,Rent,15710.13
OC00577,B08,2026-02-15,Other Operating Cost,4432.08
OC00578,B03,2025-02-24,Utilities,5532.8
OC00579,B08,2025-07-14,Maintenance,4135.16
OC00580,B02,2025-05-29,Packaging,4456.78
OC00581,B03,2026-10-20,Staff Salary,11848.39
OC00582,B08,2025-12-02,Maintenance,3506.53
OC00583,B02,2026-04-25,Staff Salary,21668.82
OC00584,B05,2025-08-14,Packaging,5755.15
OC00585,B02,2025-12-25,Utilities,3326.08
OC00586,B08,2025-02-24,Other Operating Cost,6117.57
OC00587,B02,2026-07-08,Staff Salary,31683.4
OC00588,B05,2025-03-08,Packaging,6332.25
OC00589,B03,2026-01-06,Packaging,4103.54
OC00590,B03,2026-05-29,Staff Salary,20509.55
OC00591,B05,2026-08-24,Staff Salary,23276.43
OC00592,B08,2026-04-07,Utilities,5422.05
OC00593,B05,2025-03-05,Utilities,2962.92
OC00594,B02,2025-04-03,Staff Salary,18989.15
OC00595,B03,2025-01-26,Other Operating Cost,7051.06
OC00596,B06,2026-04-28,Rent,18302.66
OC00597,B03,2026-12-06,Other Operating Cost,7763.45
OC00598,B08,2025-07-01,Staff Salary,14075.47
OC00599,B01,2025-03-12,Staff Salary,20884.6
OC00600,B06,2025-09-23,Staff Salary,17409.74
OC00601,B07,2026-04-25,Utilities,4635.37
OC00602,B01,2025-08-21,Packaging,4977.55
OC00603,B04,2026-12-15,Other Operating Cost,5029.7
OC00604,B01,2026-08-18,Staff Salary,37834.59
OC00605,B05,2026-04-13,Staff Salary,18080.39
OC00606,B02,2025-12-14,Rent,14249.64
OC00607,B02,2026-05-27,Rent,15037.99
OC00608,B01,2026-08-14,Maintenance,3492.83
OC00609,B07,2025-06-29,Packaging,4852.85
OC00610,B08,2026-06-22,Rent,16082.29
OC00611,B01,2025-04-18,Other Operating Cost,4523.26
OC00612,B05,2025-12-01,Packaging,5297.2
OC00613,B01,2025-07-15,Other Operating Cost,5227.73
OC00614,B03,2025-07-31,Staff Salary,19795.99
OC00615,B01,2026-12-11,Rent,16274.85
OC00616,B04,2026-10-08,Staff Salary,26120.46
OC00617,B04,2025-10-12,Utilities,6218.89
OC00618,B06,2026-10-17,Rent,15282.62
OC00619,B02,2025-08-09,Maintenance,4689.98
OC00620,B02,2026-08-14,Staff Salary,28882.6
OC00621,B05,2025-07-10,Rent,14329.93
OC00622,B02,2026-01-08,Maintenance,3279.91
OC00623,B01,2026-11-21,Rent,13670.73
OC00624,B03,2025-03-11,Staff Salary,20088.3
OC00625,B06,2025-08-25,Other Operating Cost,2846.65
OC00626,B05,2026-08-17,Maintenance,6673.27
OC00627,B04,2026-02-06,Packaging,6036.92
OC00628,B02,2025-11-15,Utilities,6899.59
OC00629,B02,2025-03-21,Staff Salary,39106.0
OC00630,B08,2026-10-09,Maintenance,1884.97
OC00631,B04,2026-07-14,Other Operating Cost,4745.15
OC00632,B01,2025-06-26,Maintenance,5931.64
OC00633,B04,2025-04-27,Rent,15913.32
OC00634,B05,2026-03-14,Maintenance,4080.91
OC00635,B08,2025-02-08,Staff Salary,24582.51
OC00636,B05,2026-03-03,Packaging,3356.49
OC00637,B05,2026-05-15,Maintenance,4523.56
OC00638,B05,2025-07-22,Packaging,3716.57
OC00639,B07,2025-07-11,Staff Salary,23302.44
OC00640,B02,2025-05-27,Other Operating Cost,3975.67
OC00641,B08,2026-12-11,Staff Salary,23675.96
OC00642,B03,2025-08-21,Utilities,6994.53
OC00643,B06,2026-08-10,Staff Salary,25210.66
OC00644,B03,2026-03-06,Rent,21927.44
OC00645,B01,2025-04-01,Staff Salary,26488.87
OC00646,B02,2026-02-01,Other Operating Cost,4913.37
OC00647,B02,2025-07-26,Rent,17197.0
OC00648,B02,2026-04-23,Staff Salary,15635.81
OC00649,B04,2026-06-19,Utilities,5218.74
OC00650,B01,2025-08-20,Staff Salary,27504.81
OC00651,B04,2026-02-22,Maintenance,3778.66
OC00652,B05,2026-09-04,Staff Salary,23106.44
OC00653,B01,2025-02-15,Packaging,4757.34
OC00654,B03,2025-06-06,Utilities,3036.08
OC00655,B05,2026-01-05,Staff Salary,22346.04
OC00656,B01,2026-04-16,Rent,14242.63
OC00657,B02,2025-03-03,Maintenance,4056.98
OC00658,B08,2025-01-19,Staff Salary,27693.1
OC00659,B04,2026-10-26,Maintenance,4770.72
OC00660,B03,2025-01-06,Staff Salary,29363.31
OC00661,B04,2026-04-08,Rent,11032.35
OC00662,B02,2025-01-07,Other Operating Cost,3259.22
OC00663,B04,2025-01-09,Utilities,5110.53
OC00664,B02,2025-07-17,Maintenance,3137.15
OC00665,B02,2026-11-06,Staff Salary,22557.6
OC00666,B02,2026-06-08,Rent,15796.84
OC00667,B06,2026-02-26,Staff Salary,16573.29
OC00668,B01,2025-03-06,Other Operating Cost,4717.05
OC00669,B05,2025-07-20,Utilities,6762.64
OC00670,B06,2025-09-20,Utilities,6868.24
OC00671,B02,2026-09-03,Other Operating Cost,4751.32
OC00672,B04,2025-01-17,Other Operating Cost,4094.55
OC00673,B06,2025-03-17,Rent,22103.86
OC00674,B01,2026-02-23,Staff Salary,23327.9
OC00675,B05,2025-02-18,Staff Salary,25952.88
OC00676,B04,2025-04-04,Staff Salary,19695.01
OC00677,B08,2025-10-24,Maintenance,4331.38
OC00678,B06,2026-02-23,Staff Salary,16365.32
OC00679,B01,2025-10-19,Staff Salary,22376.94
OC00680,B02,2026-08-30,Packaging,4810.76
OC00681,B03,2026-07-21,Maintenance,4450.66
OC00682,B04,2026-09-02,Staff Salary,18089.19
OC00683,B04,2026-08-26,Staff Salary,26402.3
OC00684,B02,2025-10-15,Rent,15453.0
OC00685,B03,2025-06-25,Rent,18264.29
OC00686,B08,2026-01-28,Rent,17973.84
OC00687,B05,2025-03-08,Other Operating Cost,5788.08
OC00688,B03,2025-06-26,Utilities,6148.18
OC00689,B07,2025-09-15,Staff Salary,19078.79
OC00690,B01,2026-10-22,Rent,20290.94
OC00691,B01,2026-08-21,Staff Salary,24098.43
OC00692,B03,2026-11-15,Staff Salary,26847.57
OC00693,B04,2026-05-16,Staff Salary,19016.32
OC00694,B02,2025-02-26,Other Operating Cost,4543.09
OC00695,B08,2025-06-15,Packaging,4860.9
OC00696,B01,2026-10-19,Other Operating Cost,5429.81
OC00697,B03,2025-07-12,Staff Salary,23797.06
OC00698,B04,2025-03-31,Packaging,4294.7
OC00699,B03,2026-05-04,Staff Salary,19987.88
OC00700,B02,2026-08-06,Packaging,6140.64
OC00701,B08,2025-08-29,Staff Salary,26246.67
OC00702,B08,2026-01-10,Packaging,6092.79
OC00703,B05,2026-07-23,Staff Salary,22303.99
OC00704,B03,2026-06-09,Other Operating Cost,6271.33
OC00705,B01,2025-03-29,Rent,16509.03
OC00706,B08,2025-09-11,Packaging,3191.62
OC00707,B04,2026-04-05,Utilities,5808.75
OC00708,B01,2025-02-17,Maintenance,4673.94
OC00709,B05,2026-08-15,Staff Salary,26202.91
OC00710,B06,2026-02-02,Utilities,5105.89
OC00711,B08,2025-06-16,Maintenance,4808.02
OC00712,B01,2026-07-25,Maintenance,4825.07
OC00713,B03,2026-03-14,Utilities,2092.48
OC00714,B07,2026-04-20,Maintenance,4612.92
OC00715,B05,2026-07-16,Utilities,4524.99
OC00716,B03,2025-08-22,Maintenance,5066.16
OC00717,B05,2026-09-23,Staff Salary,16220.21
OC00718,B04,2026-03-06,Rent,6848.41
OC00719,B04,2026-03-11,Rent,15546.16
OC00720,B03,2025-03-05,Maintenance,4569.62
OC00721,B07,2026-12-26,Packaging,6108.13
OC00722,B04,2025-08-20,Utilities,7678.02
OC00723,B08,2026-11-29,Other Operating Cost,5550.93
OC00724,B05,2025-05-31,Utilities,6921.92
OC00725,B06,2026-10-26,Maintenance,3903.2
OC00726,B08,2025-06-01,Maintenance,3203.97
OC00727,B02,2025-10-11,Utilities,6273.68
OC00728,B06,2026-10-20,Packaging,4809.58
OC00729,B02,2025-03-20,Staff Salary,25946.64
OC00730,B04,2026-04-16,Maintenance,5384.23
OC00731,B08,2025-04-19,Packaging,4595.64
OC00732,B08,2026-05-12,Packaging,4285.11
OC00733,B02,2025-12-23,Utilities,4981.68
OC00734,B01,2026-04-17,Staff Salary,17098.74
OC00735,B07,2026-11-16,Staff Salary,25726.69
OC00736,B03,2025-04-17,Rent,12376.55
OC00737,B02,2025-10-14,Rent,10533.0
OC00738,B03,2025-03-14,Maintenance,5162.52
OC00739,B08,2025-06-11,Rent,16719.14
OC00740,B04,2026-02-28,Other Operating Cost,4684.67
OC00741,B01,2025-12-21,Rent,19211.37
OC00742,B05,2026-04-04,Rent,16516.95
OC00743,B01,2025-10-05,Staff Salary,30337.31
OC00744,B04,2026-10-04,Rent,20374.76
OC00745,B01,2025-04-28,Rent,17663.71
OC00746,B04,2026-09-15,Other Operating Cost,3694.17
OC00747,B06,2026-09-06,Rent,19218.4
OC00748,B07,2025-06-10,Staff Salary,24157.83
OC00749,B02,2026-01-17,Staff Salary,21433.16
OC00750,B01,2026-06-11,Staff Salary,19557.31
OC00751,B04,2026-01-11,Staff Salary,18977.5
OC00752,B05,2025-02-10,Utilities,4033.55
OC00753,B05,2025-05-19,Rent,19085.4
OC00754,B08,2026-09-17,Staff Salary,27878.55
OC00755,B07,2026-12-29,Packaging,6780.13
OC00756,B05,2025-12-11,Utilities,4104.22
OC00757,B04,2026-03-22,Staff Salary,24822.46
OC00758,B01,2025-04-30,Staff Salary,20218.31
OC00759,B01,2026-12-19,Staff Salary,29529.76
OC00760,B05,2026-05-20,Rent,18892.64
OC00761,B08,2026-04-29,Staff Salary,24116.33
OC00762,B05,2025-03-22,Staff Salary,27736.31
OC00763,B02,2025-07-09,Staff Salary,15228.06
OC00764,B04,2025-07-26,Other Operating Cost,6229.74
OC00765,B05,2026-05-30,Other Operating Cost,6333.17
OC00766,B02,2026-10-26,Utilities,6846.86
OC00767,B01,2026-09-14,Other Operating Cost,7021.39
OC00768,B02,2025-01-28,Utilities,4475.79
OC00769,B03,2026-11-11,Maintenance,3620.66
OC00770,B05,2025-03-18,Other Operating Cost,4495.34
OC00771,B02,2026-04-08,Maintenance,5422.85
OC00772,B08,2026-02-27,Staff Salary,25278.6
OC00773,B03,2026-05-01,Rent,13693.72
OC00774,B03,2025-09-01,Maintenance,2928.65
OC00775,B02,2026-05-03,Maintenance,5064.73
OC00776,B07,2026-02-19,Maintenance,2870.51
OC00777,B04,2026-03-15,Maintenance,4233.88
OC00778,B08,2025-07-05,Rent,15507.84
OC00779,B02,2026-11-05,Staff Salary,26986.33
OC00780,B02,2025-11-01,Utilities,6633.44
OC00781,B04,2025-01-08,Rent,13354.66
OC00782,B01,2026-03-04,Maintenance,5361.15
OC00783,B02,2026-07-05,Rent,29125.74
OC00784,B07,2026-03-16,Maintenance,3987.65
OC00785,B04,2025-06-02,Staff Salary,21122.99
OC00786,B03,2026-01-25,Utilities,5795.24
OC00787,B01,2026-08-27,Rent,16071.48
OC00788,B04,2026-07-27,Staff Salary,17710.77
OC00789,B02,2026-09-14,Staff Salary,23025.87
OC00790,B05,2025-02-26,Maintenance,3345.46
OC00791,B08,2026-12-23,Staff Salary,32169.32
OC00792,B07,2025-06-21,Packaging,4866.44
OC00793,B03,2025-01-25,Rent,18379.38
OC00794,B01,2025-04-26,Maintenance,4599.99
OC00795,B05,2025-08-24,Rent,15132.0
OC00796,B07,2025-06-22,Packaging,4410.19
OC00797,B04,2025-04-05,Staff Salary,29352.35
OC00798,B07,2025-03-31,Staff Salary,21452.94
OC00799,B01,2026-03-24,Staff Salary,25042.12
OC00800,B03,2025-01-30,Utilities,4408.38
OC00801,B01,2026-08-04,Maintenance,5628.89
OC00802,B06,2026-07-19,Rent,13931.14
OC00803,B08,2026-01-30,Staff Salary,16410.09
OC00804,B05,2025-04-17,Utilities,4258.84
OC00805,B05,2025-09-16,Staff Salary,19995.09
OC00806,B02,2026-09-29,Staff Salary,20204.14
OC00807,B03,2026-09-14,Utilities,7494.14
OC00808,B08,2025-08-03,Packaging,3835.38
OC00809,B04,2025-02-28,Staff Salary,23166.87
OC00810,B05,2025-07-03,Utilities,7008.66
OC00811,B08,2025-06-06,Other Operating Cost,3439.61
OC00812,B04,2026-10-07,Other Operating Cost,4834.63
OC00813,B04,2025-02-02,Utilities,6854.32
OC00814,B07,2025-03-03,Staff Salary,25211.04
OC00815,B01,2026-04-30,Packaging,4544.29
OC00816,B04,2026-05-06,Other Operating Cost,4977.09
OC00817,B03,2026-11-15,Other Operating Cost,3547.49
OC00818,B05,2025-01-14,Packaging,5185.17
OC00819,B04,2025-03-05,Maintenance,3468.89
OC00820,B04,2025-02-04,Other Operating Cost,2966.8
OC00821,B02,2025-06-04,Other Operating Cost,4740.52
OC00822,B03,2025-10-17,Utilities,6751.62
OC00823,B01,2025-04-22,Utilities,7783.54
OC00824,B03,2026-01-26,Staff Salary,13326.73
OC00825,B08,2025-11-30,Packaging,4466.25
OC00826,B03,2025-11-16,Staff Salary,25663.21
OC00827,B05,2026-09-26,Rent,11822.05
OC00828,B02,2025-05-12,Staff Salary,17542.24
OC00829,B05,2025-01-02,Staff Salary,19316.01
OC00830,B02,2025-08-22,Rent,15918.99
OC00831,B08,2026-02-07,Rent,14429.61
OC00832,B01,2025-06-10,Maintenance,4967.59
OC00833,B02,2026-05-04,Utilities,7167.08
OC00834,B06,2026-05-17,Other Operating Cost,4154.74
OC00835,B08,2025-04-22,Packaging,3507.09
OC00836,B01,2026-04-13,Staff Salary,24886.36
OC00837,B08,2025-07-12,Staff Salary,25514.03
OC00838,B02,2026-03-05,Staff Salary,25007.95
OC00839,B02,2026-12-04,Staff Salary,21720.85
OC00840,B02,2026-09-15,Maintenance,4319.51
OC00841,B03,2025-09-15,Maintenance,5071.52
OC00842,B07,2025-01-27,Staff Salary,21838.55
OC00843,B06,2026-12-05,Packaging,2799.63
OC00844,B07,2026-01-02,Rent,14230.91
OC00845,B05,2025-02-26,Staff Salary,12810.77
OC00846,B03,2025-10-04,Packaging,4952.7
OC00847,B02,2026-06-19,Rent,12045.75
OC00848,B01,2026-05-15,Packaging,4208.11
OC00849,B05,2025-03-19,Packaging,4806.09
OC00850,B02,2025-05-14,Rent,19185.53
OC00851,B08,2026-11-09,Other Operating Cost,4008.74
OC00852,B04,2025-06-27,Packaging,4838.88
OC00853,B04,2025-04-03,Maintenance,4964.55
OC00854,B04,2026-06-10,Staff Salary,22539.91
OC00855,B02,2026-05-25,Rent,13317.66
OC00856,B01,2025-05-15,Utilities,6573.04
OC00857,B02,2026-05-22,Utilities,7313.64
OC00858,B01,2025-04-20,Maintenance,4051.61
OC00859,B04,2026-08-10,Other Operating Cost,5377.67
OC00860,B05,2026-03-09,Staff Salary,23900.82
OC00861,B04,2025-10-04,Maintenance,3509.08
OC00862,B01,2026-12-18,Rent,15483.33
OC00863,B08,2026-08-09,Staff Salary,24519.08
OC00864,B01,2025-04-07,Packaging,4219.13
OC00865,B06,2025-05-24,Maintenance,3190.89
OC00866,B08,2025-09-07,Rent,9424.84
OC00867,B07,2026-07-16,Rent,12902.25
OC00868,B05,2026-12-03,Other Operating Cost,6545.14
OC00869,B01,2025-08-25,Maintenance,3995.9
OC00870,B06,2025-06-26,Utilities,6253.33
OC00871,B04,2025-09-23,Utilities,5395.73
OC00872,B04,2026-12-31,Utilities,6652.87
OC00873,B02,2025-02-16,Other Operating Cost,5748.81
OC00874,B01,2025-03-13,Staff Salary,29098.51
OC00875,B05,2026-08-12,Utilities,8241.73
OC00876,B08,2026-03-17,Utilities,4535.1
OC00877,B06,2026-02-11,Packaging,3505.29
OC00878,B05,2025-04-11,Maintenance,4281.37
OC00879,B03,2026-06-04,Other Operating Cost,6196.46
OC00880,B01,2026-07-28,Staff Salary,24978.54
OC00881,B05,2025-03-18,Rent,14942.68
OC00882,B01,2025-07-03,Utilities,4844.11
OC00883,B06,2025-01-22,Utilities,4204.4
OC00884,B08,2026-10-01,Packaging,5779.91
OC00885,B04,2025-11-10,Staff Salary,28858.08
OC00886,B03,2026-02-24,Staff Salary,26390.58
OC00887,B07,2025-08-17,Packaging,4057.76
OC00888,B01,2026-11-09,Staff Salary,16727.3
OC00889,B04,2025-11-18,Utilities,5338.5
OC00890,B03,2026-11-24,Staff Salary,22105.07
OC00891,B08,2025-08-07,Other Operating Cost,4452.64
OC00892,B02,2026-11-20,Other Operating Cost,5481.76
OC00893,B02,2026-02-14,Maintenance,3870.1
OC00894,B02,2025-01-07,Other Operating Cost,5644.1
OC00895,B01,2026-12-31,Staff Salary,23930.3
OC00896,B01,2025-10-05,Staff Salary,23790.19
OC00897,B02,2025-03-30,Utilities,3488.26
OC00898,B05,2025-05-04,Staff Salary,22739.57
OC00899,B01,2026-09-04,Maintenance,3822.59
OC00900,B05,2025-12-30,Utilities,7484.23
OC00901,B04,2025-09-29,Maintenance,3833.79
OC00902,B08,2025-03-26,Utilities,5848.38
OC00903,B04,2026-05-03,Staff Salary,14480.76
OC00904,B02,2026-05-07,Other Operating Cost,4813.96
OC00905,B03,2026-04-16,Maintenance,3713.7
OC00906,B01,2026-05-04,Packaging,3155.51
OC00907,B04,2025-12-10,Packaging,5067.91
OC00908,B03,2025-07-19,Staff Salary,15966.56
OC00909,B07,2026-06-11,Staff Salary,31494.33
OC00910,B08,2026-09-01,Staff Salary,27927.59
OC00911,B03,2026-08-08,Rent,17402.83
OC00912,B02,2025-09-05,Utilities,5035.66
OC00913,B03,2026-03-26,Staff Salary,29170.92
OC00914,B02,2026-05-30,Rent,11367.06
OC00915,B02,2025-10-27,Staff Salary,17565.73
OC00916,B06,2025-10-26,Rent,17373.03
OC00917,B01,2026-05-16,Other Operating Cost,4645.48
OC00918,B02,2026-04-14,Rent,14734.07
OC00919,B08,2025-08-23,Staff Salary,26265.47
OC00920,B05,2026-02-14,Rent,11400.36
OC00921,B03,2026-11-08,Packaging,4553.84
OC00922,B06,2026-03-12,Other Operating Cost,5790.89
OC00923,B01,2026-01-08,Staff Salary,32113.52
OC00924,B03,2026-03-06,Rent,11714.93
OC00925,B01,2026-05-19,Maintenance,3507.88
OC00926,B03,2025-12-07,Staff Salary,17132.62
OC00927,B02,2026-12-29,Maintenance,3953.27
OC00928,B07,2025-08-31,Utilities,6326.38
OC00929,B02,2025-10-08,Utilities,4040.85
OC00930,B03,2025-12-31,Staff Salary,28676.26
OC00931,B03,2026-01-16,Staff Salary,20716.91
OC00932,B02,2025-04-30,Other Operating Cost,4922.34
OC00933,B01,2026-06-14,Staff Salary,26512.75
OC00934,B05,2025-10-14,Rent,15302.01
OC00935,B08,2027-01-01,Staff Salary,16403.81
OC00936,B02,2025-04-22,Packaging,5314.13
OC00937,B01,2025-12-08,Other Operating Cost,5632.79
OC00938,B04,2025-07-01,Other Operating Cost,3114.3
OC00939,B04,2025-06-09,Utilities,5521.49
OC00940,B02,2025-08-05,Other Operating Cost,3902.91
OC00941,B03,2026-10-26,Other Operating Cost,5190.24
OC00942,B02,2026-07-02,Utilities,8800.22
OC00943,B04,2026-07-04,Rent,17417.26
OC00944,B08,2026-01-08,Maintenance,3705.76
OC00945,B06,2026-10-06,Utilities,5823.15
OC00946,B05,2026-10-19,Other Operating Cost,7611.84
OC00947,B06,2027-01-01,Staff Salary,27193.22
OC00948,B06,2026-12-25,Rent,15114.09
OC00949,B06,2025-08-05,Other Operating Cost,3981.29
OC00950,B06,2026-02-17,Packaging,5970.48
OC00951,B05,2026-06-21,Maintenance,4005.43
OC00952,B08,2026-09-04,Staff Salary,26934.62
OC00953,B04,2025-05-21,Rent,12075.66
OC00954,B02,2026-11-25,Packaging,5081.14
OC00955,B07,2025-08-24,Staff Salary,23243.46
OC00956,B03,2025-11-28,Other Operating Cost,5006.19
OC00957,B04,2025-02-13,Staff Salary,25742.19
OC00958,B06,2025-08-09,Utilities,3319.08
OC00959,B07,2026-07-22,Staff Salary,24522.74
OC00960,B04,2025-01-29,Other Operating Cost,4368.7
OC00961,B03,2026-01-03,Staff Salary,24354.21
OC00962,B06,2026-06-01,Utilities,5724.79
OC00963,B05,2025-04-21,Rent,15655.97
OC00964,B08,2025-11-20,Other Operating Cost,5266.53
OC00965,B01,2025-01-05,Utilities,3456.65
OC00966,B02,2025-11-03,Utilities,3702.67
OC00967,B05,2026-04-04,Staff Salary,21610.56
OC00968,B08,2025-01-18,Rent,11736.36
OC00969,B01,2025-11-05,Staff Salary,27076.22
OC00970,B08,2026-08-30,Rent,16291.44
OC00971,B02,2025-01-02,Staff Salary,29140.86
OC00972,B07,2026-01-10,Utilities,2966.56
OC00973,B03,2025-08-14,Maintenance,4162.08
OC00974,B05,2025-10-18,Utilities,3476.36
OC00975,B02,2025-08-23,Utilities,6715.9
OC00976,B08,2026-06-03,Rent,14598.01
OC00977,B05,2026-05-08,Rent,14580.07
OC00978,B07,2026-06-03,Utilities,5348.37
OC00979,B08,2026-12-05,Other Operating Cost,6824.53
OC00980,B05,2025-08-07,Packaging,4959.1
OC00981,B02,2025-12-14,Other Operating Cost,5905.33
OC00982,B01,2025-03-28,Staff Salary,28655.43
OC00983,B05,2026-03-07,Packaging,5570.01
OC00984,B02,2026-07-24,Utilities,6681.66
OC00985,B01,2025-05-07,Maintenance,3629.16
OC00986,B03,2026-05-23,Utilities,6435.15
OC00987,B01,2026-11-07,Staff Salary,24766.9
OC00988,B06,2025-06-07,Staff Salary,22883.24
OC00989,B03,2026-11-15,Staff Salary,29070.35
OC00990,B05,2026-12-12,Packaging,5940.5
OC00991,B01,2025-12-28,Staff Salary,33786.57
OC00992,B08,2026-02-25,Staff Salary,21152.93
OC00993,B02,2026-11-02,Staff Salary,17951.13
OC00994,B07,2025-03-19,Staff Salary,24181.16
OC00995,B08,2026-08-09,Maintenance,5107.53
OC00996,B06,2026-05-06,Staff Salary,19661.73
OC00997,B05,2026-04-19,Staff Salary,17784.5
OC00998,B08,2025-12-28,Staff Salary,17641.35
OC00999,B04,2025-09-07,Other Operating Cost,4377.56
OC01000,B02,2026-07-09,Packaging,5931.8
OC01001,B02,2025-09-09,Maintenance,2269.38
OC01002,B03,2026-03-09,Other Operating Cost,3881.93
OC01003,B01,2025-11-26,Utilities,6611.27
OC01004,B02,2025-07-08,Other Operating Cost,4999.33
OC01005,B06,2025-04-21,Packaging,3913.41
OC01006,B04,2025-07-28,Utilities,5601.18
OC01007,B05,2025-07-22,Rent,15000.77
OC01008,B08,2025-12-15,Other Operating Cost,5372.76
OC01009,B01,2025-05-09,Staff Salary,8232.39
OC01010,B02,2025-06-16,Staff Salary,21120.67
OC01011,B08,2025-01-25,Other Operating Cost,5080.86
OC01012,B01,2025-10-28,Staff Salary,24692.41
OC01013,B06,2026-09-25,Staff Salary,22096.04
OC01014,B04,2026-06-30,Staff Salary,25462.92
OC01015,B05,2025-10-08,Utilities,5821.15
OC01016,B08,2026-11-14,Staff Salary,32731.28
OC01017,B08,2026-11-16,Staff Salary,23226.74
OC01018,B06,2025-01-28,Staff Salary,26234.39
OC01019,B02,2026-11-29,Utilities,6370.94
OC01020,B03,2025-03-30,Maintenance,3580.13
OC01021,B08,2025-01-25,Staff Salary,32793.87
OC01022,B02,2025-10-22,Packaging,4509.38
OC01023,B02,2026-08-16,Packaging,5694.96
OC01024,B04,2026-05-03,Other Operating Cost,4521.56
OC01025,B02,2025-01-12,Packaging,3778.06
OC01026,B02,2025-08-28,Staff Salary,19054.42
OC01027,B07,2025-01-26,Staff Salary,26061.17
OC01028,B05,2025-03-03,Utilities,5197.45
OC01029,B05,2025-02-03,Maintenance,3838.99
OC01030,B08,2025-07-10,Staff Salary,25974.47
OC01031,B06,2025-04-27,Other Operating Cost,5509.96
OC01032,B05,2026-06-27,Other Operating Cost,4901.83
OC01033,B02,2025-01-18,Other Operating Cost,6136.23
OC01034,B04,2026-05-03,Rent,15156.22
OC01035,B03,2025-09-11,Other Operating Cost,7342.11
OC01036,B04,2026-07-24,Utilities,3480.66
OC01037,B04,2026-06-22,Utilities,5694.28
OC01038,B02,2025-06-23,Staff Salary,22094.65
OC01039,B01,2025-07-30,Staff Salary,12163.54
OC01040,B01,2025-11-26,Staff Salary,29901.55
OC01041,B06,2026-03-05,Utilities,4013.87
OC01042,B07,2026-10-04,Other Operating Cost,7262.41
OC01043,B01,2026-06-12,Rent,12719.55
OC01044,B06,2026-04-11,Other Operating Cost,5675.1
OC01045,B05,2025-08-09,Rent,12621.57
OC01046,B05,2026-12-13,Staff Salary,31465.09
OC01047,B04,2025-12-23,Staff Salary,27406.4
OC01048,B08,2026-08-12,Rent,13272.45
OC01049,B05,2026-06-30,Staff Salary,20787.15
OC01050,B08,2025-02-06,Staff Salary,20032.46
OC01051,B02,2025-12-10,Rent,17860.27
OC01052,B05,2026-11-04,Staff Salary,23264.37
OC01053,B05,2026-01-24,Staff Salary,24637.23
OC01054,B02,2026-07-12,Maintenance,5870.96
OC01055,B03,2026-09-28,Staff Salary,19896.64
OC01056,B01,2025-03-18,Utilities,6295.63
OC01057,B07,2025-04-09,Packaging,5073.71
OC01058,B01,2025-05-30,Staff Salary,22619.35
OC01059,B05,2026-12-08,Other Operating Cost,8106.11
OC01060,B05,2025-06-07,Staff Salary,20073.55
OC01061,B08,2026-05-20,Rent,18549.39
OC01062,B03,2025-06-17,Maintenance,3333.79
OC01063,B07,2026-09-07,Staff Salary,32073.51
OC01064,B02,2025-05-09,Maintenance,3967.71
OC01065,B03,2025-02-20,Utilities,6180.08
OC01066,B02,2025-11-26,Rent,11404.86
OC01067,B08,2026-08-24,Staff Salary,19172.76
OC01068,B05,2026-10-14,Utilities,5707.7
OC01069,B08,2026-08-13,Rent,17817.09
OC01070,B07,2025-04-04,Other Operating Cost,4179.3
OC01071,B02,2026-01-18,Maintenance,3775.56
OC01072,B04,2026-01-16,Staff Salary,22533.0
OC01073,B02,2025-12-20,Rent,19097.2
OC01074,B07,2026-12-23,Staff Salary,24683.44
OC01075,B08,2025-04-16,Staff Salary,21411.91
OC01076,B07,2026-08-02,Utilities,6088.72
OC01077,B01,2025-12-20,Staff Salary,25461.05
OC01078,B02,2026-12-09,Maintenance,2655.87
OC01079,B02,2025-06-09,Staff Salary,23226.38
OC01080,B06,2026-11-24,Packaging,3953.89
OC01081,B05,2026-09-02,Rent,17920.31
OC01082,B04,2026-09-09,Staff Salary,23547.63
OC01083,B07,2025-07-20,Packaging,5910.15
OC01084,B08,2025-11-24,Rent,10382.3
OC01085,B08,2025-03-19,Rent,18140.39
OC01086,B05,2025-09-19,Staff Salary,21673.04
OC01087,B05,2026-02-08,Utilities,7164.56
OC01088,B01,2025-02-15,Rent,11877.33
OC01089,B02,2026-04-05,Other Operating Cost,7278.16
OC01090,B04,2026-10-04,Rent,20503.29
OC01091,B07,2026-04-29,Utilities,5671.11
OC01092,B02,2025-03-10,Utilities,6729.24
OC01093,B01,2026-05-19,Staff Salary,34345.05
OC01094,B08,2025-10-16,Maintenance,3083.06
OC01095,B08,2025-05-26,Packaging,2310.56
OC01096,B07,2026-08-22,Staff Salary,21030.54
OC01097,B02,2026-03-17,Staff Salary,23322.03
OC01098,B06,2026-04-07,Rent,21215.74
OC01099,B04,2026-01-01,Packaging,5329.96
OC01100,B03,2026-02-23,Packaging,5540.28
OC01101,B08,2025-12-03,Staff Salary,28182.74
OC01102,B08,2026-04-06,Utilities,7001.38
OC01103,B02,2025-09-20,Packaging,4623.57
OC01104,B07,2026-04-01,Rent,13752.0
OC01105,B02,2025-09-29,Staff Salary,17067.9
OC01106,B08,2026-06-14,Staff Salary,25519.99
OC01107,B02,2026-03-16,Maintenance,3831.9
OC01108,B03,2026-10-25,Utilities,5463.62
OC01109,B03,2025-08-30,Utilities,4101.78
OC01110,B03,2025-06-17,Staff Salary,30511.74
OC01111,B08,2025-01-29,Staff Salary,21253.75
OC01112,B02,2026-08-02,Staff Salary,17484.85
OC01113,B01,2026-04-21,Maintenance,5604.27
OC01114,B02,2025-09-18,Maintenance,3176.0
OC01115,B02,2026-03-01,Staff Salary,23865.99
OC01116,B05,2025-08-23,Other Operating Cost,6329.28
OC01117,B02,2026-09-06,Other Operating Cost,5477.01
OC01118,B01,2025-09-24,Maintenance,3281.9
OC01119,B03,2025-10-27,Staff Salary,24400.3
OC01120,B01,2026-07-28,Rent,16220.19
OC01121,B02,2026-06-19,Rent,13205.11
OC01122,B06,2025-01-10,Staff Salary,27383.76
OC01123,B03,2025-07-18,Maintenance,5040.53
OC01124,B01,2025-03-04,Staff Salary,17934.59
OC01125,B01,2026-12-15,Rent,16098.73
OC01126,B06,2025-03-01,Other Operating Cost,4737.98
OC01127,B04,2026-11-13,Other Operating Cost,2397.53
OC01128,B06,2026-06-06,Rent,14086.37
OC01129,B08,2026-09-26,Staff Salary,18546.0
OC01130,B02,2026-08-27,Staff Salary,28551.32
OC01131,B05,2025-02-28,Staff Salary,24778.41
OC01132,B06,2025-11-06,Utilities,1017.39
OC01133,B07,2026-09-07,Packaging,6511.25
OC01134,B02,2025-09-30,Other Operating Cost,4699.56
OC01135,B02,2026-07-13,Staff Salary,39196.76
OC01136,B04,2025-05-21,Other Operating Cost,6002.56
OC01137,B04,2026-10-09,Rent,19769.39
OC01138,B06,2025-05-13,Rent,16614.18
OC01139,B02,2025-12-27,Staff Salary,28577.97
OC01140,B08,2025-01-15,Rent,11482.47
OC01141,B05,2025-01-09,Packaging,4471.71
OC01142,B05,2026-08-03,Maintenance,5953.85
OC01143,B03,2025-08-23,Other Operating Cost,4971.34
OC01144,B08,2025-04-09,Packaging,4388.49
OC01145,B01,2026-06-20,Maintenance,4673.45
OC01146,B02,2026-06-07,Utilities,5332.13
OC01147,B06,2025-12-30,Staff Salary,24934.53
OC01148,B08,2025-10-25,Utilities,6080.38
OC01149,B06,2025-02-18,Utilities,4532.5
OC01150,B04,2025-07-15,Other Operating Cost,5192.33
OC01151,B08,2026-06-24,Other Operating Cost,4597.98
OC01152,B03,2025-04-21,Rent,21201.4
OC01153,B01,2025-04-01,Staff Salary,20891.0
OC01154,B02,2026-09-20,Staff Salary,17498.29
OC01155,B01,2025-06-25,Staff Salary,14891.7
OC01156,B08,2025-04-20,Packaging,4417.52
OC01157,B01,2025-08-10,Staff Salary,18247.76
OC01158,B03,2025-03-09,Packaging,2372.57
OC01159,B08,2026-01-12,Staff Salary,19228.44
OC01160,B02,2025-04-29,Maintenance,3798.54
OC01161,B02,2026-12-07,Staff Salary,28443.32
OC01162,B01,2026-02-19,Maintenance,5323.56
OC01163,B05,2026-12-29,Staff Salary,19614.77
OC01164,B05,2025-06-15,Staff Salary,21368.24
OC01165,B02,2025-10-05,Other Operating Cost,3982.36
OC01166,B08,2026-04-24,Utilities,6028.41
OC01167,B08,2025-01-30,Rent,21363.58
OC01168,B01,2025-03-23,Maintenance,3579.18
OC01169,B07,2026-05-02,Staff Salary,21688.36
OC01170,B07,2026-11-06,Staff Salary,22140.9
OC01171,B02,2025-01-24,Rent,19220.67
OC01172,B03,2025-02-20,Rent,17948.93
OC01173,B03,2025-03-27,Maintenance,3643.27
OC01174,B03,2025-08-08,Other Operating Cost,4827.52
OC01175,B05,2026-05-20,Rent,18726.44
OC01176,B01,2026-10-22,Rent,16885.61
OC01177,B07,2025-07-01,Staff Salary,26632.99
OC01178,B04,2026-12-28,Utilities,5738.51
OC01179,B01,2026-08-11,Maintenance,4024.12
OC01180,B05,2026-03-26,Rent,11907.67
OC01181,B07,2025-06-14,Staff Salary,27271.83
OC01182,B04,2026-07-13,Utilities,5554.24
OC01183,B03,2025-11-01,Other Operating Cost,3548.06
OC01184,B05,2025-12-05,Other Operating Cost,5319.92
OC01185,B05,2026-06-08,Utilities,6301.41
OC01186,B05,2025-11-15,Other Operating Cost,4775.7
OC01187,B06,2025-05-20,Rent,19305.33
OC01188,B04,2025-05-18,Utilities,2912.25
OC01189,B06,2026-05-28,Rent,18227.95
OC01190,B05,2025-05-19,Packaging,5421.9
OC01191,B03,2025-10-16,Packaging,3374.27
OC01192,B02,2026-02-25,Other Operating Cost,5926.77
OC01193,B02,2025-02-03,Utilities,7665.85
OC01194,B08,2025-06-22,Maintenance,4042.74
OC01195,B03,2025-02-27,Rent,13313.98
OC01196,B07,2026-04-12,Rent,16831.85
OC01197,B05,2026-02-23,Utilities,3310.79
OC01198,B03,2026-01-23,Utilities,4371.21
OC01199,B03,2026-12-03,Packaging,5693.84
OC01200,B01,2025-10-29,Packaging,4007.92
OC01201,,2025-05-30,Staff Salary,12395.88
OC01202,B06,2025-03-09,Staff Salary,28352.53
OC01203,B05,2025-03-11,Packaging,6168.61
OC01204,B05,2026-06-14,Staff Salary,19190.07
OC01205,B03,2025-07-23,Other Operating Cost,5224.45
OC01206,B02,2025-01-25,Maintenance,3760.91
OC01207,B05,2026-07-28,Packaging,4095.63
OC01208,B06,2025-07-28,Other Operating Cost,5076.06
OC01209,B02,2025-10-08,Packaging,3737.34
OC01210,B05,2025-12-15,Staff Salary,16072.86
OC01211,B01,2025-02-09,Staff Salary,29282.14
OC01212,B02,2026-10-14,Utilities,5813.15
OC01213,B04,2026-02-14,Staff Salary,21030.06
OC01214,B02,2025-04-03,Maintenance,5594.52
OC01215,B06,2025-10-27,Other Operating Cost,7081.84
OC01216,B04,2025-08-26,Other Operating Cost,4359.41
OC01217,B08,2026-10-30,Utilities,6670.99
OC01218,B05,2025-05-11,Rent,16684.61
OC01219,B05,2025-05-07,Staff Salary,23948.93
OC01220,B02,2026-01-24,Packaging,4607.13
OC01221,B07,2025-01-16,Staff Salary,20078.03
OC01222,B05,2026-09-13,Rent,15683.44
OC01223,B06,2025-04-25,Packaging,3868.51
OC01224,B07,2026-05-12,Rent,12557.47
OC01225,B02,2026-10-21,Staff Salary,25988.69
OC01226,B04,2025-07-24,Packaging,4738.96
OC01227,B04,2026-11-11,Utilities,5081.07
OC01228,B04,2026-08-23,Rent,16409.51
OC01229,B04,2025-07-21,Staff Salary,20320.5
OC01230,B06,2025-07-18,Staff Salary,22354.07
OC01231,B02,2025-08-22,Staff Salary,15706.56
OC01232,B08,2025-07-07,Staff Salary,23593.95
OC01233,B05,2025-01-05,Other Operating Cost,3996.63
OC01234,B05,2025-03-13,Rent,12536.92
OC01235,B08,2026-12-02,Staff Salary,20162.62
OC01236,B03,2025-01-10,Rent,19606.04
OC01237,B05,2025-04-25,Other Operating Cost,5457.04
OC01238,B03,2025-06-03,Rent,14755.01
OC01239,B05,2026-11-15,Utilities,3567.79
OC01240,B02,2025-04-08,Utilities,4793.4
OC01241,B03,2026-05-06,Maintenance,4746.5
OC01242,,2026-09-20,Packaging,4733.12
OC01243,B03,2026-11-04,Rent,8948.09
OC01244,B02,2026-05-21,Rent,15600.23
OC01245,B07,2026-06-28,Rent,15268.19
OC01246,B01,2026-11-05,Other Operating Cost,5052.08
OC01247,B01,2026-08-08,Staff Salary,18217.26
OC01248,B04,2026-04-14,Staff Salary,14141.32
OC01249,B03,2026-08-16,Maintenance,3657.31
OC01250,B05,2026-04-27,Staff Salary,26456.12
OC01251,B07,2026-06-18,Rent,13638.05
OC01252,B06,2025-02-17,Rent,13565.45
OC01253,B02,2025-03-25,Rent,10488.32
OC01254,B05,2025-09-28,Maintenance,4676.34
OC01255,B05,2026-10-07,Rent,20165.65
OC01256,B01,2026-10-21,Rent,23958.41
OC01257,B02,2025-09-25,Staff Salary,23904.53
OC01258,B06,2026-06-27,Packaging,5359.21
OC01259,B01,2025-10-13,Packaging,6764.07
OC01260,B05,2026-07-18,Utilities,5224.51
OC01261,B02,2026-09-04,Staff Salary,27949.12
OC01262,B08,2025-10-09,Staff Salary,20145.01
OC01263,B02,2026-11-15,Utilities,5912.04
OC01264,B05,2025-11-12,Staff Salary,16174.17
OC01265,B02,2025-11-24,Maintenance,3727.58
OC01266,B04,2026-02-07,Utilities,6039.5
OC01267,B01,2026-04-10,Maintenance,3446.2
OC01268,B02,2025-07-20,Staff Salary,29987.6
OC01269,B04,2025-07-04,Maintenance,4353.25
OC01270,B02,2026-10-22,Packaging,4354.04
OC01271,B05,2026-11-14,Other Operating Cost,4888.38
OC01272,B06,2025-03-11,Utilities,4143.49
OC01273,B05,2025-05-06,Packaging,3230.37
OC01274,B02,2025-12-06,Rent,13323.78
OC01275,B01,2026-02-28,Utilities,4481.02
OC01276,B07,2026-06-18,Other Operating Cost,4486.02
OC01277,B08,2026-11-16,Utilities,6253.59
OC01278,B01,2026-06-07,Maintenance,3739.47
OC01279,B01,2025-06-29,Maintenance,4798.65
OC01280,B02,2026-12-12,Staff Salary,23302.7
OC01281,B06,2026-05-17,Rent,18582.65
OC01282,B02,2025-10-01,Rent,11103.69
OC01283,B06,2026-06-15,Utilities,4752.35
OC01284,B01,2026-04-01,Utilities,5417.02
OC01285,B08,2026-07-05,Packaging,5067.29
OC01286,B03,2025-03-20,Packaging,4320.98
OC01287,B01,2025-08-28,Other Operating Cost,5297.62
OC01288,B04,2026-12-01,Rent,18808.73
OC01289,B07,2025-10-15,Staff Salary,22582.16
OC01290,B05,2025-11-10,Packaging,5757.88
OC01291,B07,2025-03-03,Staff Salary,19798.47
OC01292,B02,2026-12-25,Utilities,6607.64
OC01293,B05,2025-07-25,Other Operating Cost,4543.57
OC01294,B08,2026-03-11,Packaging,5977.75
OC01295,B07,2025-05-26,Utilities,6209.71
OC01296,B06,2026-10-19,Utilities,6604.48
OC01297,B08,2025-07-17,Maintenance,3018.69
OC01298,B08,2026-10-01,Other Operating Cost,4008.66
OC01299,B03,2025-08-19,Packaging,4275.05
OC01300,B02,2025-05-23,Staff Salary,19855.97
OC01301,B03,2025-05-19,Staff Salary,24472.6
OC01302,B08,2025-12-28,Rent,14783.78
OC01303,B02,2026-09-19,Staff Salary,27054.57
OC01304,B05,2025-12-20,Utilities,7186.48
OC01305,B05,2025-11-04,Utilities,5454.23
OC01306,B08,2025-10-22,Rent,18545.57
OC01307,B02,2025-10-14,Other Operating Cost,4777.96
OC01308,B06,2026-11-23,Utilities,6943.63
OC01309,B03,2026-03-29,Rent,14478.26
OC01310,B08,2026-04-06,Rent,12491.29
OC01311,B05,2025-01-19,Utilities,6758.91
OC01312,B05,2025-03-14,Staff Salary,22223.11
OC01313,B04,2026-02-11,Other Operating Cost,4401.22
OC01314,B07,2025-09-29,Utilities,5349.03
OC01315,B02,2025-04-25,Staff Salary,23086.45
OC01316,B02,2025-10-09,Maintenance,4974.21
OC01317,B03,2026-11-29,Maintenance,4303.83
OC01318,B02,2025-05-16,Rent,16747.14
OC01319,B04,2025-08-26,Staff Salary,27085.97
OC01320,B08,2026-02-14,Rent,12196.06
OC01321,B06,2026-09-07,Maintenance,4292.73
OC01322,B08,2025-01-04,Rent,19329.77
OC01323,B02,2025-06-29,Staff Salary,16247.54
OC01324,B08,2026-07-27,Utilities,6558.73
OC01325,B03,2025-12-21,Maintenance,3537.99
OC01326,B05,2025-05-30,Staff Salary,32562.86
OC01327,B04,2026-07-22,Rent,12437.51
OC01328,B01,2026-06-20,Rent,11885.22
OC01329,B03,2025-07-06,Rent,10991.12
OC01330,B02,2025-08-16,Utilities,3823.37
OC01331,B02,2026-07-31,Staff Salary,22776.39
OC01332,B08,2025-03-27,Maintenance,3711.39
OC01333,B06,2025-11-27,Maintenance,5625.59
OC01334,B05,2026-04-27,Rent,18666.59
OC01335,B01,2025-08-13,Staff Salary,27761.35
OC01336,B03,2025-05-23,Staff Salary,20081.53
OC01337,B03,2026-11-15,Staff Salary,21003.15
OC01338,B02,2026-12-31,Staff Salary,28237.78
OC01339,B05,2026-01-09,Utilities,4224.69
OC01340,B06,2025-12-05,Utilities,4337.88
OC01341,B07,2025-11-16,Maintenance,4194.79
OC01342,B05,2026-02-19,Rent,11330.31
OC01343,B07,2026-10-18,Rent,20691.98
OC01344,B08,2025-09-13,Utilities,4191.28
OC01345,B05,2025-01-12,Rent,13927.59
OC01346,B05,2025-05-10,Maintenance,3320.07
OC01347,B05,2026-06-01,Utilities,4862.38
OC01348,B05,2026-07-07,Packaging,6369.04
OC01349,B01,2025-06-10,Maintenance,5220.95
OC01350,B02,2026-12-13,Maintenance,3800.53
OC01351,B05,2025-11-13,Staff Salary,31916.16
OC01352,B05,2026-06-19,Other Operating Cost,5607.28
OC01353,B04,2026-07-08,Staff Salary,25094.92
OC01354,B08,2026-04-09,Other Operating Cost,4619.73
OC01355,B08,2025-09-03,Rent,17272.63
OC01356,B02,2026-03-12,Other Operating Cost,4814.14
OC01357,B08,2026-02-18,Staff Salary,25855.68
OC01358,B06,2026-03-26,Staff Salary,26576.76
OC01359,B05,2026-11-14,Maintenance,4870.75
OC01360,B07,2025-10-30,Staff Salary,26803.55
OC01361,B03,2026-05-07,Packaging,4481.67
OC01362,B02,2025-12-10,Maintenance,3858.61
OC01363,B08,2026-06-19,Maintenance,5516.52
OC01364,B06,2025-09-19,Packaging,4922.21
OC01365,B04,2025-06-22,Packaging,4611.71
OC01366,B03,2025-11-25,Packaging,4682.76
OC01367,B07,2026-10-09,Rent,16697.43
OC01368,B06,2026-02-10,Rent,13560.7
OC01369,B02,2025-02-21,Staff Salary,22119.9
OC01370,B06,2025-11-22,Staff Salary,13382.11
OC01371,B03,2026-10-08,Staff Salary,24604.78
OC01372,B02,2025-04-12,Staff Salary,14935.8
OC01373,B08,2026-09-24,Staff Salary,30469.66
OC01374,B05,2025-04-23,Other Operating Cost,4561.66
OC01375,B07,2026-05-17,Maintenance,4950.19
OC01376,B04,2026-05-06,Maintenance,3991.6
OC01377,B08,2025-01-17,Utilities,5203.51
OC01378,B05,2025-06-25,Other Operating Cost,3827.52
OC01379,B05,2026-07-27,Staff Salary,23332.65
OC01380,B07,2026-02-02,Staff Salary,28891.57
OC01381,B01,2025-07-11,Staff Salary,25141.62
OC01382,B04,2025-05-19,Staff Salary,28657.74
OC01383,B06,2026-06-20,Rent,14473.78
OC01384,B01,2026-05-24,Staff Salary,31483.87
OC01385,B03,2026-07-07,Utilities,8908.57
OC01386,B07,2025-09-27,Staff Salary,17319.46
OC01387,B04,2026-07-16,Staff Salary,20221.39
OC01388,B08,2025-08-01,Utilities,5338.28
OC01389,B04,2025-04-25,Other Operating Cost,5220.42
OC01390,B06,2025-10-03,Staff Salary,18800.46
OC01391,B08,2025-07-10,Staff Salary,25262.17
OC01392,B03,2026-12-18,Staff Salary,26473.1
OC01393,B03,2025-12-28,Staff Salary,29959.81
OC01394,B07,2026-12-12,Packaging,5722.08
OC01395,B05,2025-08-12,Other Operating Cost,4990.92
OC01396,B08,2026-09-25,Rent,16930.76
OC01397,B04,2025-06-29,Packaging,3130.39
OC01398,B04,2026-09-29,Staff Salary,39038.3
OC01399,B03,2025-11-20,Rent,16527.09
OC01400,B01,2025-05-15,Staff Salary,16710.19
OC01401,B04,2026-10-23,Staff Salary,17026.76
OC01402,B06,2026-02-11,Packaging,2082.36
OC01403,B03,2026-08-29,Rent,16880.79
OC01404,B02,2025-06-22,Rent,13437.18
OC01405,B03,2025-10-03,Rent,15796.05
OC01406,B03,2026-05-06,Staff Salary,25402.72
OC01407,B04,2026-04-30,Packaging,5297.63
OC01408,B04,2025-09-26,Staff Salary,26060.29
OC01409,B02,2026-10-03,Utilities,6381.45
OC01410,B02,2026-01-05,Rent,16367.21
OC01411,B03,2025-04-17,Staff Salary,26057.76
OC01412,B05,2026-06-18,Rent,12137.36
OC01413,B06,2025-01-21,Packaging,5840.45
OC01414,B03,2026-03-09,Packaging,3433.67
OC01415,B05,2025-11-09,Packaging,4259.7
OC01416,B04,2026-07-13,Rent,16641.17
OC01417,B05,2026-07-29,Rent,20450.87
OC01418,B02,2025-01-28,Rent,19355.27
OC01419,B02,2026-12-09,Packaging,3651.26
OC01420,B07,2026-02-04,Staff Salary,23171.71
OC01421,B04,2025-04-15,Utilities,6853.81
OC01422,B03,2026-11-21,Other Operating Cost,6711.9
OC01423,B01,2025-01-17,Staff Salary,19199.48
OC01424,B04,2026-07-22,Other Operating Cost,6150.17
OC01425,B02,2026-04-14,Staff Salary,24743.11
OC01426,B07,2026-06-02,Utilities,5488.49
OC01427,B03,2026-08-10,Staff Salary,16223.46
OC01428,B01,2026-03-04,Utilities,4446.69
OC01429,B02,2025-11-18,Other Operating Cost,6699.48
OC01430,B04,2026-06-25,Staff Salary,23780.08
OC01431,B01,2025-04-07,Rent,18425.97
OC01432,B05,2025-12-12,Staff Salary,20126.2
OC01433,B04,2026-11-19,Staff Salary,30167.27
OC01434,B01,2025-10-02,Packaging,4332.69
OC01435,B05,2025-08-21,Staff Salary,27050.88
OC01436,B05,2026-03-21,Maintenance,3692.16
OC01437,B01,2026-04-19,Rent,13538.1
OC01438,B05,2025-07-03,Maintenance,5007.77
OC01439,B01,2026-07-14,Staff Salary,38846.05
OC01440,B06,2025-12-29,Maintenance,5011.49
OC01441,B08,2025-06-13,Other Operating Cost,4656.5
OC01442,B01,2025-01-03,Maintenance,5700.56
OC01443,B03,2025-04-06,Staff Salary,23972.74
OC01444,B02,2025-11-29,Utilities,6456.57
OC01445,B05,2025-03-22,Rent,15477.56
OC01446,B04,2026-10-11,Staff Salary,22236.79
OC01447,B02,2026-08-19,Other Operating Cost,6625.09
OC01448,B08,2026-12-17,Rent,18107.31
OC01449,B02,2026-07-19,Maintenance,3267.77
OC01450,B08,2025-05-30,Other Operating Cost,5745.84
OC01451,B01,2025-05-12,Other Operating Cost,6190.15
OC01452,B04,2026-07-28,Staff Salary,19759.06
OC01453,B05,2026-07-12,Other Operating Cost,4437.66
OC01454,B07,2025-06-06,Other Operating Cost,5133.02
OC01455,B05,2025-07-30,Packaging,3663.43
OC01456,B02,2025-03-12,Rent,13208.16
OC01457,B03,2026-11-03,Other Operating Cost,2559.3
OC01458,B01,2025-01-11,Other Operating Cost,5148.99
OC01459,B07,2026-12-17,Maintenance,3392.15
OC01460,B04,2026-02-27,Staff Salary,18282.28
OC01461,B04,2025-06-10,Rent,12660.19
OC01462,B05,2026-11-16,Other Operating Cost,5662.95
OC01463,B04,2025-02-22,Rent,15196.5
OC01464,B07,2025-02-05,Rent,20436.98
OC01465,B03,2026-07-04,Maintenance,3559.83
OC01466,B05,2025-04-12,Rent,14455.78
OC01467,B02,2025-04-19,Other Operating Cost,5867.7
OC01468,B08,2025-07-17,Rent,20862.14
OC01469,B06,2025-06-15,Packaging,2984.22
OC01470,B07,2026-11-20,Packaging,5069.66
OC01471,B01,2025-12-25,Utilities,7265.23
OC01472,B05,2026-08-05,Staff Salary,28190.45
OC01473,B05,2025-09-27,Packaging,5664.13
OC01474,B01,2026-01-30,Staff Salary,27032.01
OC01475,B01,2026-02-13,Rent,19730.39
OC01476,B05,2026-09-15,Rent,21145.22
OC01477,B04,2026-12-12,Other Operating Cost,5966.12
OC01478,B02,2025-03-12,Other Operating Cost,4116.41
OC01479,B01,2026-07-13,Maintenance,3275.42
OC01480,B03,2025-08-25,Utilities,5661.82
OC01481,B02,2026-12-21,Other Operating Cost,6885.94
OC01482,B01,2025-07-19,Staff Salary,24706.86
OC01483,B05,2026-01-15,Staff Salary,26132.52
OC01484,B01,2025-02-19,Packaging,4820.66
OC01485,B01,2025-04-29,Staff Salary,19434.25
OC01486,B04,2025-08-07,Staff Salary,26758.08
OC01487,B08,2025-02-27,Packaging,5676.52
OC01488,B06,2026-12-20,Utilities,5389.83
OC01489,B08,2026-03-16,Utilities,5015.42
OC01490,B01,2025-08-01,Other Operating Cost,7217.17
OC01491,B01,2025-10-28,Other Operating Cost,3838.85
OC01492,B06,2026-01-06,Other Operating Cost,6325.18
OC01493,B03,2025-04-09,Packaging,4781.15
OC01494,B08,2025-08-10,Rent,14456.71
OC01495,B05,2025-11-05,Rent,17155.0
OC01496,B04,2026-08-19,Staff Salary,25472.79
OC01497,B01,2026-12-08,Maintenance,4262.44
OC01498,B01,2025-10-29,Maintenance,5425.92
OC01499,B01,2025-11-24,Other Operating Cost,4272.02
OC01500,B03,2026-06-28,Packaging,4449.12
OC01501,B05,2025-10-11,Other Operating Cost,3537.21
OC01502,B02,2025-03-18,Utilities,6793.3
OC01503,B05,2025-06-02,Other Operating Cost,4079.92
OC01504,B08,2026-11-03,Maintenance,4421.33
OC01505,B06,2026-12-08,Packaging,6087.78
OC01506,B08,2026-02-12,Other Operating Cost,5751.89
OC01507,B04,2026-03-27,Staff Salary,19883.02
OC01508,B08,2025-12-08,Utilities,6611.64
OC01509,B01,2025-01-21,Rent,17672.02
OC01510,B06,2026-06-03,Rent,21994.53
OC01511,B05,2025-09-09,Rent,10823.9
OC01512,B08,2025-07-28,Maintenance,3686.48
OC01513,B07,2026-06-29,Maintenance,4830.63
OC01514,B08,2026-09-08,Utilities,6055.06
OC01515,B07,2026-10-24,Utilities,6542.85
OC01516,B05,2025-04-28,Packaging,4024.39
OC01517,B06,2025-06-09,Staff Salary,20456.46
OC01518,B02,2026-01-14,Packaging,5442.09
OC01519,B01,2026-08-19,Other Operating Cost,5542.21
OC01520,B06,2026-01-02,Utilities,5281.35
OC01521,B03,2025-12-15,Staff Salary,21465.8
OC01522,B05,2025-06-26,Packaging,5364.03
OC01523,B05,2025-10-30,Staff Salary,23321.52
OC01524,B01,2025-06-03,Staff Salary,26925.86
OC01525,B03,2025-02-14,Packaging,3652.33
OC01526,B03,2026-01-17,Packaging,4674.32
OC01527,B03,2025-05-09,Rent,16382.09
OC01528,B04,2026-12-30,Maintenance,4060.44
OC01529,B06,2025-08-21,Maintenance,2473.13
OC01530,B02,2025-06-06,Staff Salary,13289.04
OC01531,B06,2025-06-18,Rent,12250.25
OC01532,B04,2025-08-31,Maintenance,5608.33
OC01533,,2025-08-04,Staff Salary,28087.3
OC01534,B06,2026-05-16,Rent,18222.57
OC01535,B07,2025-11-23,Packaging,3223.57
OC01536,B08,2026-06-17,Maintenance,3420.88
OC01537,B07,2026-02-24,Maintenance,5334.79
OC01538,B05,2025-05-17,Maintenance,2379.17
OC01539,B03,2026-07-11,Staff Salary,29209.94
OC01540,B08,2025-08-29,Staff Salary,27037.45
OC01541,B02,2026-06-11,Maintenance,3724.57
OC01542,B01,2026-09-14,Rent,18378.4
OC01543,B03,2026-11-11,Other Operating Cost,2477.42
OC01544,B02,2025-01-01,Utilities,5963.64
OC01545,B03,2026-02-17,Staff Salary,18849.75
OC01546,B08,2026-01-23,Other Operating Cost,4929.32
OC01547,B01,2025-07-28,Staff Salary,28002.73
OC01548,B05,2026-08-14,Other Operating Cost,3824.57
OC01549,B03,2025-09-09,Maintenance,4068.84
OC01550,B01,2025-07-01,Other Operating Cost,7357.13
OC01551,B01,2026-05-06,Packaging,5972.2
OC01552,B05,2026-08-01,Staff Salary,17168.25
OC01553,B05,2026-11-26,Staff Salary,21319.08
OC01554,B08,2026-05-11,Maintenance,3825.12
OC01555,B07,2025-01-22,Maintenance,3221.54
OC01556,B03,2025-01-23,Maintenance,5058.75
OC01557,B01,2025-07-21,Utilities,5639.59
OC01558,B02,2026-11-16,Rent,8261.16
OC01559,B05,2026-04-29,Maintenance,4268.93
OC01560,B02,2026-02-12,Maintenance,4201.75
OC01561,B01,2025-07-02,Utilities,8517.99
OC01562,B02,2026-04-30,Staff Salary,15901.52
OC01563,B08,2026-01-18,Rent,13119.72
OC01564,B05,2025-02-19,Utilities,5990.87
OC01565,B05,2025-01-14,Staff Salary,14148.13
OC01566,B05,2026-03-30,Other Operating Cost,4196.31
OC01567,B02,2025-01-05,Staff Salary,25088.01
OC01568,B03,2026-10-18,Maintenance,3196.99
OC01569,B08,2026-06-09,Staff Salary,27266.99
OC01570,B01,2026-08-24,Maintenance,4642.8
OC01571,B05,2025-04-04,Utilities,4990.56
OC01572,B07,2025-05-24,Staff Salary,16013.61
OC01573,B02,2026-01-03,Staff Salary,19228.85
OC01574,B03,2026-08-03,Maintenance,4624.55
OC01575,B06,2025-04-20,Utilities,6429.54
OC01576,B01,2025-11-29,Other Operating Cost,5756.9
OC01577,B01,2025-04-09,Utilities,6821.83
OC01578,B08,2026-10-31,Rent,15307.85
OC01579,B03,2025-06-25,Staff Salary,13651.51
OC01580,B08,2026-01-24,Maintenance,3493.22
OC01581,B06,2025-04-13,Other Operating Cost,4097.98
OC01582,B04,2026-02-25,Rent,14609.33
OC01583,B01,2025-07-25,Other Operating Cost,5804.16
OC01584,B06,2025-12-10,Utilities,3637.58
OC01585,B03,2025-10-29,Other Operating Cost,6613.4
OC01586,B01,2025-01-12,Packaging,3128.56
OC01587,B05,2026-04-04,Staff Salary,26021.62
OC01588,B03,2025-04-21,Rent,14580.88
OC01589,B07,2026-07-02,Packaging,4916.01
OC01590,B04,2026-01-21,Staff Salary,13814.21
OC01591,B06,2026-06-03,Other Operating Cost,3850.86
OC01592,B03,2025-01-03,Packaging,4077.23
OC01593,B05,2026-04-02,Staff Salary,22926.01
OC01594,B01,2026-11-03,Utilities,6588.6
OC01595,B03,2025-02-25,Rent,16082.4
OC01596,B05,2025-03-09,Utilities,4482.78
OC01597,B03,2025-10-04,Staff Salary,23112.54
OC01598,B02,2025-01-24,Staff Salary,19478.1
OC01599,B03,2026-04-27,Rent,11783.81
OC01600,B02,2026-02-01,Utilities,5581.81
OC01601,B03,2025-01-02,Staff Salary,25463.78
OC01602,B04,2025-12-18,Rent,16235.75
OC01603,B05,2026-08-09,Staff Salary,23628.58
OC01604,B02,2026-11-08,Utilities,5926.86
OC01605,B05,2026-08-19,Other Operating Cost,7415.62
OC01606,B03,2025-07-10,Rent,14485.19
OC01607,B03,2026-11-20,Staff Salary,16829.56
OC01608,B08,2025-02-05,Staff Salary,23810.21
OC01609,B02,2026-07-12,Rent,17954.23
OC01610,B04,2026-08-25,Staff Salary,25879.27
OC01611,B04,2025-05-02,Packaging,3285.68
OC01612,B05,2026-03-20,Other Operating Cost,5912.27
OC01613,B04,2026-12-31,Staff Salary,23582.93
OC01614,B01,2025-01-05,Staff Salary,33721.91
OC01615,B02,2026-10-16,Packaging,4087.28
OC01616,B03,2025-04-08,Staff Salary,26305.32
OC01617,B05,2026-03-04,Other Operating Cost,3088.14
OC01618,B06,2025-09-26,Staff Salary,28095.03
OC01619,B05,2026-05-29,Rent,10774.01
OC01620,B08,2025-01-02,Rent,18294.27
OC01621,B01,2025-04-23,Utilities,6084.52
OC01622,B06,2025-04-14,Utilities,4676.17
OC01623,B07,2025-07-20,Other Operating Cost,4927.8
OC01624,B02,2026-07-17,Staff Salary,22489.29
OC01625,B04,2026-07-03,Staff Salary,28652.49
OC01626,,2026-11-23,Packaging,3210.06
OC01627,B06,2025-01-23,Other Operating Cost,5322.02
OC01628,B02,2025-11-30,Staff Salary,24426.28
OC01629,B06,2025-07-21,Maintenance,4019.13
OC01630,B07,2025-03-08,Rent,21172.36
OC01631,B03,2025-08-02,Rent,19605.06
OC01632,B02,2026-05-01,Utilities,6500.76
OC01633,B02,2025-07-29,Staff Salary,14639.9
OC01634,B07,2025-11-14,Rent,14433.88
OC01635,B05,2026-01-06,Other Operating Cost,6059.33
OC01636,B05,2026-01-06,Staff Salary,19955.15
OC01637,B05,2026-08-24,Staff Salary,26220.7
OC01638,B03,2025-07-25,Utilities,6926.3
OC01639,B06,2025-06-08,Maintenance,3039.7
OC01640,B02,2025-02-13,Utilities,5469.62
OC01641,B02,2025-03-28,Utilities,5094.76
OC01642,B02,2026-12-08,Other Operating Cost,5796.03
OC01643,B02,2026-05-13,Other Operating Cost,4642.18
OC01644,B05,2025-03-12,Rent,18409.24
OC01645,B02,2025-07-11,Utilities,6504.21
OC01646,B01,2025-11-18,Maintenance,3554.36
OC01647,B07,2025-10-21,Other Operating Cost,4038.84
OC01648,B06,2026-06-21,Packaging,4848.99
OC01649,B07,2025-10-20,Utilities,7518.73
OC01650,B02,2026-03-11,Utilities,5929.55
OC01651,B01,2026-06-01,Maintenance,3748.9
OC01652,B05,2025-01-02,Staff Salary,21584.72
OC01653,B05,2026-02-18,Staff Salary,12391.84
OC01654,B02,2026-05-18,Staff Salary,21914.57
OC01655,B03,2025-04-02,Packaging,6123.2
OC01656,B04,2026-10-29,Other Operating Cost,5494.38
OC01657,B07,2025-03-18,Staff Salary,17010.12
OC01658,B01,2025-06-02,Staff Salary,16652.43
OC01659,B03,2025-11-12,Other Operating Cost,5939.91
OC01660,B01,2025-10-25,Other Operating Cost,4709.7
OC01661,B04,2026-09-23,Staff Salary,22024.65
OC01662,B02,2026-02-21,Staff Salary,16730.92
OC01663,B08,2026-06-28,Staff Salary,16254.2
OC01664,B08,2026-08-26,Maintenance,4931.3
OC01665,B02,2026-06-11,Other Operating Cost,5398.28
OC01666,B02,2025-10-23,Staff Salary,27909.12
OC01667,B02,2026-07-05,Staff Salary,28727.78
OC01668,B06,2025-11-02,Staff Salary,22490.88
OC01669,B02,2026-06-03,Staff Salary,24933.08
OC01670,B06,2026-03-31,Packaging,3213.87
OC01671,B01,2025-07-05,Rent,13752.04
OC01672,B03,2026-08-29,Staff Salary,20836.0
OC01673,B02,2025-03-14,Maintenance,3205.9
OC01674,B03,2025-11-11,Staff Salary,24733.63
OC01675,B02,2025-08-08,Packaging,5607.06
OC01676,B05,2026-12-17,Rent,14223.94
OC01677,B08,2025-11-28,Rent,8771.96
OC01678,B03,2025-07-08,Staff Salary,26632.21
OC01679,B05,2025-09-15,Packaging,4836.26
OC01680,B03,2025-09-29,Staff Salary,29224.12
OC01681,B02,2026-06-20,Staff Salary,16795.09
OC01682,B05,2026-03-22,Staff Salary,23893.32
OC01683,B01,2026-02-08,Utilities,7433.31
OC01684,B03,2026-12-25,Rent,13280.3
OC01685,B02,2026-06-29,Maintenance,4611.07
OC01686,B01,2026-11-15,Staff Salary,26274.2
OC01687,B08,2025-09-11,Staff Salary,17169.09
OC01688,B05,2025-01-25,Rent,14442.88
OC01689,B03,2025-12-21,Other Operating Cost,6432.08
OC01690,B01,2026-12-05,Utilities,6824.87
OC01691,B05,2026-04-23,Staff Salary,23334.12
OC01692,B04,2026-12-10,Staff Salary,15164.07
OC01693,B03,2026-01-13,Staff Salary,26445.16
OC01694,B03,2025-03-15,Other Operating Cost,3922.3
OC01695,B06,2025-06-05,Rent,10009.92
OC01696,B02,2026-05-23,Staff Salary,27604.15
OC01697,B05,2026-07-30,Packaging,6303.5
OC01698,B02,2025-10-28,Maintenance,4872.59
OC01699,B04,2026-08-04,Staff Salary,27606.01
OC01700,B01,2026-02-25,Other Operating Cost,4048.15
OC01701,B08,2026-09-17,Packaging,5768.43
OC01702,B08,2025-06-08,Staff Salary,21144.92
OC01703,B02,2026-09-01,Maintenance,3203.88
OC01704,B02,2026-02-14,Staff Salary,25540.98
OC01705,B05,2026-03-09,Packaging,5132.36
OC01706,B05,2026-07-09,Rent,18683.77
OC01707,B04,2025-01-20,Maintenance,3689.63
OC01708,B01,2025-11-03,Utilities,5716.29
OC01709,B06,2026-11-03,Utilities,6304.64
OC01710,B02,2025-04-30,Staff Salary,26258.11
OC01711,B07,2026-02-16,Rent,15345.65
OC01712,B05,2025-05-21,Staff Salary,19249.05
OC01713,B04,2025-07-07,Other Operating Cost,4793.24
OC01714,B07,2025-03-02,Staff Salary,16942.92
OC01715,B08,2025-10-10,Utilities,4979.1
OC01716,B05,2025-08-11,Staff Salary,27868.35
OC01717,B02,2025-04-17,Staff Salary,26614.63
OC01718,B05,2026-03-01,Staff Salary,20875.74
OC01719,B08,2025-03-26,Maintenance,3314.59
OC01720,B02,2026-04-17,Staff Salary,24371.19
OC01721,B01,2026-06-28,Utilities,6312.48
OC01722,B01,2025-07-22,Rent,17431.19
OC01723,B02,2025-01-29,Maintenance,4370.21
OC01724,B04,2025-08-07,Staff Salary,14297.32
OC01725,B03,2026-02-27,Staff Salary,23056.16
OC01726,B04,2025-05-11,Other Operating Cost,4766.47
OC01727,B07,2026-11-23,Staff Salary,32138.36
OC01728,B02,2026-11-25,Staff Salary,35653.05
OC01729,B01,2026-01-24,Staff Salary,17801.64
OC01730,B02,2025-08-16,Utilities,5306.9
OC01731,B01,2025-05-24,Packaging,4803.79
OC01732,B08,2025-11-25,Rent,16239.08
OC01733,B08,2026-10-06,Maintenance,3149.43
OC01734,B01,2025-10-16,Packaging,3706.9
OC01735,B03,2026-02-13,Rent,14659.62
OC01736,B01,2026-11-10,Maintenance,2511.14
OC01737,B05,2025-04-02,Maintenance,4642.44
OC01738,B08,2025-12-28,Other Operating Cost,3201.13
OC01739,B06,2026-08-24,Maintenance,5753.0
OC01740,B03,2025-01-05,Rent,18687.83
OC01741,B05,2025-06-12,Staff Salary,18002.55
OC01742,B08,2026-10-29,Other Operating Cost,4969.73
OC01743,B05,2026-11-27,Staff Salary,28248.81
OC01744,B08,2025-01-14,Staff Salary,23247.35
OC01745,B01,2026-07-22,Other Operating Cost,4936.75
OC01746,B05,2025-11-13,Other Operating Cost,5583.91
OC01747,B06,2026-01-08,Rent,18800.44
OC01748,B08,2025-04-05,Staff Salary,25745.95
OC01749,B06,2026-11-14,Staff Salary,23888.56
OC01750,B03,2026-08-06,Other Operating Cost,5430.06
OC01751,B03,2026-12-11,Staff Salary,22315.31
OC01752,B02,2026-03-13,Maintenance,3834.96
OC01753,B01,2025-03-04,Staff Salary,24262.63
OC01754,B02,2026-06-15,Rent,12015.73
OC01755,B01,2025-11-16,Staff Salary,19375.39
OC01756,B01,2026-12-04,Rent,16059.61
OC01757,B06,2025-03-27,Packaging,4487.28
OC01758,B04,2025-08-03,Staff Salary,20362.5
OC01759,B05,2025-02-19,Packaging,3244.0
OC01760,B03,2026-08-03,Maintenance,4255.86
OC01761,B02,2026-09-25,Maintenance,4572.41
OC01762,B05,2025-02-27,Utilities,5047.55
OC01763,B02,2026-08-10,Staff Salary,28492.14
OC01764,B01,2025-11-29,Packaging,2177.56
OC01765,B02,2026-10-23,Staff Salary,26786.43
OC01766,B05,2026-07-05,Maintenance,5399.76
OC01767,B05,2025-07-27,Other Operating Cost,5213.85
OC01768,B01,2026-04-01,Rent,12573.73
OC01769,B02,2026-01-10,Utilities,5153.78
OC01770,B03,2025-04-26,Other Operating Cost,5230.16
OC01771,B06,2025-08-30,Maintenance,3142.5
OC01772,B04,2026-03-10,Maintenance,4648.48
OC01773,B06,2026-09-11,Utilities,4948.95
OC01774,B02,2026-04-01,Other Operating Cost,6496.46
OC01775,B03,2025-04-23,Staff Salary,12136.92
OC01776,B03,2026-05-27,Utilities,5418.5
OC01777,B04,2026-05-12,Packaging,5052.35
OC01778,B05,2025-02-25,Packaging,5427.07
OC01779,B07,2025-03-26,Other Operating Cost,5661.63
OC01780,B01,2026-02-23,Maintenance,4303.37
OC01781,B05,2026-12-05,Rent,21764.88
OC01782,B08,2026-07-21,Packaging,6315.39
OC01783,B06,2026-01-14,Staff Salary,25388.17
OC01784,B08,2025-03-23,Utilities,5572.32
OC01785,B05,2025-03-23,Staff Salary,18795.18
OC01786,B01,2025-06-29,Maintenance,4524.7
OC01787,B04,2025-10-08,Other Operating Cost,3591.68
OC01788,B01,2026-10-08,Rent,16040.68
OC01789,B01,2025-04-07,Utilities,4584.0
OC01790,B04,2026-05-24,Staff Salary,34232.23
OC01791,B03,2026-06-04,Staff Salary,12071.53
OC01792,B06,2026-12-26,Rent,15638.95
OC01793,B07,2025-12-26,Staff Salary,18072.52
OC01794,B08,2025-12-31,Maintenance,4156.21
OC01795,B02,2026-04-20,Other Operating Cost,5321.91
OC01796,B01,2026-02-22,Staff Salary,27059.36
OC01797,B05,2025-08-04,Utilities,8209.87
OC01798,B08,2026-10-02,Rent,21074.08
OC01799,B03,2026-11-19,Rent,15605.5
OC01800,B07,2026-06-29,Utilities,5617.84
OC01801,B03,2026-08-30,Utilities,6705.86
OC01802,B01,2025-05-21,Staff Salary,18335.94
OC01803,B02,2026-07-12,Other Operating Cost,5315.8
OC01804,B02,2026-12-24,Maintenance,4389.94
OC01805,B08,2025-01-30,Staff Salary,31769.24
OC01806,B06,2025-01-18,Utilities,5411.03
OC01807,B02,2026-11-11,Packaging,6305.96
OC01808,B05,2025-12-16,Rent,16303.52
OC01809,B04,2026-08-17,Rent,18553.05
OC01810,B05,2026-09-21,Staff Salary,26973.65
OC01811,B05,2025-01-29,Packaging,4327.82
OC01812,B08,2025-05-20,Maintenance,3080.22
OC01813,B02,2025-05-29,Maintenance,3512.82
OC01814,B02,2026-04-20,Maintenance,4065.41
OC01815,B01,2026-06-12,Rent,20688.13
OC01816,B03,2026-02-25,Staff Salary,22762.05
OC01817,B01,2025-05-10,Utilities,7378.87
OC01818,B02,2026-02-03,Utilities,5984.68
OC01819,B02,2026-06-01,Rent,16570.98
OC01820,B08,2026-04-20,Rent,13416.06
OC01821,B02,2026-10-26,Other Operating Cost,5905.16
OC01822,B08,2026-03-28,Staff Salary,32567.75
OC01823,B07,2025-11-14,Staff Salary,27385.44
OC01824,B06,2026-05-10,Utilities,6520.76
OC01825,B04,2026-05-01,Rent,14989.71
OC01826,B01,2026-06-15,Rent,9675.71
OC01827,B08,2026-01-04,Staff Salary,22555.33
OC01828,B04,2026-09-04,Packaging,5997.85
OC01829,B02,2025-01-23,Rent,19249.49
OC01830,B05,2026-02-18,Maintenance,4203.71
OC01831,B03,2025-12-08,Packaging,5340.0
OC01832,B01,2026-06-18,Staff Salary,24539.75
OC01833,B02,2026-02-17,Packaging,4200.14
OC01834,B08,2025-11-28,Rent,11431.56
OC01835,B03,2025-11-28,Utilities,4052.55
OC01836,B08,2025-10-30,Staff Salary,25242.75
OC01837,B02,2025-02-19,Utilities,6228.97
OC01838,B06,2025-07-17,Maintenance,5282.05
OC01839,B03,2026-10-29,Packaging,7250.87
OC01840,B08,2025-11-30,Rent,15105.96
OC01841,B04,2025-03-29,Maintenance,3662.82
OC01842,B03,2025-12-13,Staff Salary,19309.13
OC01843,B04,2025-02-13,Rent,9520.29
OC01844,B03,2025-11-09,Staff Salary,22701.4
OC01845,B02,2025-10-20,Packaging,6683.82
OC01846,B04,2025-01-03,Staff Salary,27594.98
OC01847,B06,2026-06-09,Staff Salary,14855.97
OC01848,B02,2026-03-26,Other Operating Cost,6555.57
OC01849,B01,2025-07-27,Other Operating Cost,7503.83
OC01850,B01,2025-09-27,Other Operating Cost,3862.56
OC01851,B04,2026-01-21,Utilities,5578.89
OC01852,B03,2025-07-09,Other Operating Cost,7168.97
OC01853,B05,2026-03-29,Utilities,5352.99
OC01854,B01,2025-11-10,Staff Salary,15940.25
OC01855,B08,2026-03-08,Staff Salary,19173.0
OC01856,B04,2025-08-29,Maintenance,3743.16
OC01857,B02,2026-12-22,Staff Salary,30917.43
OC01858,B01,2026-05-09,Maintenance,3957.62
OC01859,B06,2025-04-20,Staff Salary,25264.91
OC01860,B08,2025-05-31,Packaging,4908.38
OC01861,B07,2026-08-26,Other Operating Cost,6379.2
OC01862,B03,2025-04-12,Staff Salary,22997.68
OC01863,B05,2025-07-29,Other Operating Cost,5736.41
OC01864,B02,2025-01-29,Utilities,6927.89
OC01865,B05,2026-10-09,Staff Salary,37677.94
OC01866,B04,2026-07-11,Maintenance,4044.49
OC01867,B08,2025-06-06,Other Operating Cost,6377.76
OC01868,B01,2025-09-29,Utilities,7263.56
OC01869,B02,2026-06-22,Utilities,4499.78
OC01870,B02,2026-08-23,Staff Salary,22373.02
OC01871,B07,2026-12-06,Utilities,6437.29
OC01872,B06,2026-10-09,Utilities,8135.44
OC01873,B01,2025-12-16,Staff Salary,21658.83
OC01874,B07,2026-02-22,Packaging,2472.15
OC01875,B07,2026-09-03,Other Operating Cost,6227.02
OC01876,B01,2025-11-19,Maintenance,4181.16
OC01877,B06,2026-07-09,Rent,14426.72
OC01878,B03,2026-12-07,Staff Salary,21686.03
OC01879,B05,2026-10-11,Maintenance,4700.19
OC01880,B01,2025-11-04,Other Operating Cost,5628.15
OC01881,B01,2026-03-28,Other Operating Cost,4659.34
OC01882,B02,2026-12-28,Packaging,5299.6
OC01883,B05,2026-01-05,Utilities,5281.03
OC01884,B04,2026-07-23,Packaging,5721.44
OC01885,B01,2026-07-02,Other Operating Cost,4799.55
OC01886,B01,2026-05-29,Staff Salary,17584.54
OC01887,B08,2025-07-02,Rent,19406.99
OC01888,B02,2026-03-14,Maintenance,3526.91
OC01889,B04,2026-04-14,Maintenance,2765.75
OC01890,B03,2025-04-25,Staff Salary,24435.57
OC01891,B02,2025-01-23,Staff Salary,20061.68
OC01892,B08,2026-08-25,Maintenance,5466.82
OC01893,B02,2025-08-31,Maintenance,3544.53
OC01894,B02,2026-11-11,Other Operating Cost,3431.13
OC01895,B08,2026-05-13,Packaging,6394.82
OC01896,B08,2026-08-15,Rent,15053.08
OC01897,B02,2025-08-20,Staff Salary,29635.78
OC01898,B05,2025-12-24,Staff Salary,23594.68
OC01899,B05,2025-06-26,Utilities,6560.19
OC01900,B08,2025-10-07,Packaging,3962.9
OC01901,B03,2026-10-01,Maintenance,5305.99
OC01902,B02,2025-08-11,Staff Salary,26752.4
OC01903,B01,2026-04-13,Maintenance,3314.79
OC01904,B05,2025-12-14,Utilities,5676.16
OC01905,B04,2025-06-16,Other Operating Cost,4209.51
OC01906,B08,2026-08-15,Utilities,4820.56
OC01907,B04,2026-11-04,Staff Salary,28267.4
OC01908,B08,2025-11-08,Staff Salary,28104.04
OC01909,B02,2026-08-05,Staff Salary,23691.87
OC01910,B02,2026-10-30,Other Operating Cost,5501.75
OC01911,B02,2025-07-01,Other Operating Cost,4970.26
OC01912,B08,2025-04-08,Staff Salary,20216.39
OC01913,B04,2026-05-01,Utilities,3832.41
OC01914,B02,2025-11-04,Maintenance,5113.44
OC01915,B03,2025-04-13,Staff Salary,20149.46
OC01916,B03,2025-08-30,Other Operating Cost,5764.23
OC01917,B01,2025-07-05,Utilities,5126.14
OC01918,B01,2025-12-26,Staff Salary,33941.94
OC01919,B02,2026-10-29,Rent,19003.89
OC01920,B02,2025-05-25,Maintenance,4095.45
OC01921,B08,2026-07-19,Staff Salary,22852.74
OC01922,B05,2025-03-04,Rent,20081.42
OC01923,B02,2025-03-10,Staff Salary,27476.72
OC01924,B01,2025-09-06,Other Operating Cost,5510.69
OC01925,B05,2026-11-28,Staff Salary,32798.16
OC01926,B02,2026-06-07,Packaging,5484.44
OC01927,B02,2025-05-12,Staff Salary,22698.98
OC01928,B05,2026-07-20,Maintenance,5109.66
OC01929,B08,2026-03-09,Packaging,2612.99
OC01930,B08,2025-12-07,Staff Salary,26224.36
OC01931,B01,2026-06-22,Staff Salary,24797.2
OC01932,B06,2026-10-15,Utilities,9622.32
OC01933,B01,2026-08-03,Packaging,5407.84
OC01934,B06,2026-10-31,Rent,13288.47
OC01935,B04,2025-01-05,Rent,7994.61
OC01936,B07,2025-11-18,Staff Salary,21949.43
OC01937,B02,2025-08-28,Maintenance,4075.07
OC01938,B01,2025-03-07,Packaging,3874.58
OC01939,B05,2026-09-13,Maintenance,5591.11
OC01940,B04,2025-03-14,Packaging,3316.65
OC01941,B05,2025-11-12,Maintenance,4305.07
OC01942,B01,2026-07-05,Maintenance,4424.28
OC01943,B03,2026-08-31,Packaging,6133.9
OC01944,B08,2025-10-29,Other Operating Cost,5147.38
OC01945,B03,2026-01-05,Other Operating Cost,4823.78
OC01946,B05,2026-10-26,Staff Salary,21607.65
OC01947,B08,2026-11-04,Other Operating Cost,3935.23
OC01948,B08,2025-10-09,Staff Salary,14365.1
OC01949,B05,2025-03-21,Packaging,3314.57
OC01950,B08,2025-07-19,Staff Salary,19142.38
OC01951,B08,2025-07-17,Maintenance,4500.93
OC01952,B06,2025-01-29,Packaging,3928.56
OC01953,B08,2026-12-13,Rent,12240.97
OC01954,B06,2026-03-11,Other Operating Cost,5844.07
OC01955,B07,2025-06-25,Staff Salary,29269.4
OC01956,B03,2025-03-31,Utilities,4356.2
OC01957,B01,2026-04-28,Rent,14682.41
OC01958,B08,2026-07-21,Packaging,4923.4
OC01959,B02,2025-11-19,Rent,15562.47
OC01960,B05,2026-03-21,Staff Salary,17624.4
OC01961,B04,2026-07-05,Rent,22426.6
OC01962,B06,2025-01-12,Staff Salary,21941.91
OC01963,B06,2025-03-19,Maintenance,2096.22
OC01964,B03,2026-12-30,Packaging,6387.04
OC01965,B08,2025-03-30,Rent,12875.49
OC01966,B03,2025-08-28,Maintenance,2581.42
OC01967,B05,2025-05-02,Staff Salary,16895.51
OC01968,B07,2026-06-20,Staff Salary,22830.04
OC01969,B01,2025-12-17,Staff Salary,32021.87
OC01970,B02,2026-01-14,Maintenance,4569.83
OC01971,B02,2026-03-04,Staff Salary,19210.09
OC01972,B08,2025-10-13,Staff Salary,22680.27
OC01973,B03,2025-09-02,Staff Salary,29018.22
OC01974,B07,2026-05-23,Packaging,3018.17
OC01975,B05,2025-10-06,Staff Salary,31597.95
OC01976,B08,2025-10-10,Maintenance,3940.38
OC01977,B05,2026-07-11,Rent,15670.63
OC01978,B06,2025-07-09,Packaging,4313.05
OC01979,B03,2026-01-04,Staff Salary,31627.94
OC01980,B04,2026-09-26,Utilities,6798.37
OC01981,B06,2026-08-05,Maintenance,5986.49
OC01982,B03,2026-08-06,Packaging,5508.44
OC01983,B05,2025-08-21,Rent,16476.09
OC01984,B02,2026-08-06,Staff Salary,25590.15
OC01985,B02,2026-05-04,Rent,22493.5
OC01986,B02,2026-04-17,Maintenance,3423.14
OC01987,B02,2025-06-03,Maintenance,3451.79
OC01988,B03,2026-05-19,Other Operating Cost,4409.51
OC01989,B05,2026-07-25,Maintenance,3916.81
OC01990,B02,2025-04-06,Packaging,4523.18
OC01991,B08,2025-02-21,Other Operating Cost,4822.01
OC01992,B04,2026-03-15,Utilities,3905.39
OC01993,B04,2026-04-06,Staff Salary,21376.29
OC01994,B03,2026-02-21,Rent,17715.45
OC01995,B08,2026-07-14,Maintenance,5065.83
OC01996,B07,2025-05-08,Rent,23543.18
OC01997,B07,2025-02-02,Packaging,4739.6
OC01998,B01,2026-05-29,Staff Salary,23355.92
OC01999,B04,2026-02-18,Staff Salary,20819.09
OC02000,B08,2026-07-18,Staff Salary,23085.42
OC02001,B02,2026-02-11,Rent,17515.29
OC02002,B05,2025-05-06,Staff Salary,22136.77
OC02003,B05,2026-11-02,Other Operating Cost,5584.11
OC02004,B08,2025-09-18,Staff Salary,17192.24
OC02005,B05,2026-02-10,Staff Salary,25292.07
OC02006,B01,2025-01-23,Rent,13618.97
OC02007,B02,2025-02-16,Staff Salary,31493.35
OC02008,B02,2026-03-07,Packaging,3023.5
OC02009,B02,2025-05-23,Other Operating Cost,6120.52
OC02010,B03,2025-08-01,Staff Salary,16072.68
OC02011,B02,2025-10-23,Utilities,4950.18
OC02012,B01,2026-12-24,Packaging,4342.57
OC02013,B02,2025-10-26,Utilities,4046.79
OC02014,B02,2025-01-02,Rent,12793.12
OC02015,B04,2025-09-30,Packaging,3359.38
OC02016,B08,2026-09-21,Rent,15932.14
OC02017,B03,2025-11-15,Utilities,4338.46
OC02018,B08,2026-12-31,Utilities,5714.09
OC02019,B02,2025-01-10,Staff Salary,30646.67
OC02020,B01,2025-10-13,Packaging,5747.71
OC02021,B07,2025-04-25,Other Operating Cost,5344.12
OC02022,B06,2026-04-05,Maintenance,4094.58
OC02023,B03,2025-05-30,Maintenance,4573.04
OC02024,B08,2026-12-17,Packaging,3848.68
OC02025,B01,2025-02-06,Other Operating Cost,4914.79
OC02026,B02,2026-09-18,Staff Salary,19577.08
OC02027,B02,2025-03-10,Staff Salary,20950.86
OC02028,B03,2026-01-24,Other Operating Cost,4134.62
OC02029,B02,2025-12-16,Maintenance,2860.51
OC02030,B02,2025-08-23,Packaging,5049.07
OC02031,B07,2025-06-12,Packaging,5074.54
OC02032,B07,2025-08-15,Staff Salary,27917.84
OC02033,B05,2025-02-15,Packaging,4087.49
OC02034,B02,2025-07-04,Utilities,5896.64
OC02035,B03,2026-04-30,Staff Salary,18053.27
OC02036,B04,2026-09-03,Other Operating Cost,1999.77
OC02037,B05,2026-09-22,Maintenance,3982.61
OC02038,B04,2026-06-28,Staff Salary,26117.69
OC02039,B01,2025-11-30,Staff Salary,26792.24
OC02040,B03,2026-05-22,Rent,13433.44
OC02041,B07,2026-04-17,Staff Salary,17073.53
OC02042,,2026-06-10,Staff Salary,22885.13
OC02043,B07,2026-04-02,Staff Salary,14780.62
OC02044,B07,2026-11-08,Maintenance,5133.55
OC02045,,2026-10-10,Rent,21436.77
OC02046,B07,2026-01-01,Staff Salary,31520.05
OC02047,B08,2025-12-10,Rent,15186.59
OC02048,B06,2026-02-03,Other Operating Cost,4978.17
OC02049,B03,2026-12-30,Staff Salary,27457.23
OC02050,B01,2026-07-20,Rent,14497.6
OC02051,B01,2025-12-08,Maintenance,4986.38
OC02052,B08,2026-11-15,Staff Salary,24441.85
OC02053,B05,2025-03-09,Staff Salary,21718.75
OC02054,B07,2025-09-21,Packaging,5097.7
OC02055,B05,2025-04-07,Rent,19830.01
OC02056,B02,2026-12-28,Staff Salary,26065.68
OC02057,B03,2026-01-11,Maintenance,3817.39
OC02058,B08,2025-01-04,Maintenance,3401.34
OC02059,B04,2026-07-03,Other Operating Cost,4244.56
OC02060,B05,2026-10-01,Utilities,6875.57
OC02061,B06,2026-10-26,Rent,14158.24
OC02062,B04,2025-09-18,Staff Salary,28161.3
OC02063,B01,2025-12-26,Other Operating Cost,5680.27
OC02064,B03,2026-10-13,Staff Salary,31258.72
OC02065,B07,2026-06-14,Staff Salary,16018.32
OC02066,B08,2025-04-28,Rent,21538.48
OC02067,B06,2026-08-30,Utilities,4986.04
OC02068,B01,2026-08-31,Utilities,7781.98
OC02069,B01,2026-12-03,Staff Salary,23112.0
OC02070,B08,2025-11-03,Other Operating Cost,5647.66
OC02071,B03,2026-03-25,Packaging,7040.73
OC02072,B01,2026-07-23,Utilities,3936.67
OC02073,B05,2026-02-02,Staff Salary,17959.77
OC02074,B02,2026-07-26,Utilities,7540.5
OC02075,B08,2026-03-21,Other Operating Cost,4631.52
OC02076,B05,2025-09-09,Staff Salary,14778.11
OC02077,B03,2025-12-18,Staff Salary,17740.12
OC02078,B01,2026-09-02,Other Operating Cost,5210.07
OC02079,B08,2025-12-04,Rent,15705.99
OC02080,B02,2025-09-23,Staff Salary,20502.96
OC02081,B05,2026-03-03,Staff Salary,24039.32
OC02082,B02,2025-11-06,Staff Salary,28696.72
OC02083,B02,2026-07-19,Rent,17777.67
OC02084,B08,2025-09-06,Maintenance,4492.86
OC02085,B08,2025-12-18,Other Operating Cost,2428.3
OC02086,B04,2026-10-15,Other Operating Cost,5617.46
OC02087,B02,2026-02-07,Utilities,5674.56
OC02088,B02,2026-07-22,Maintenance,3962.7
OC02089,B07,2025-03-10,Staff Salary,25424.85
OC02090,B08,2026-10-30,Rent,22196.27
OC02091,B06,2026-02-14,Staff Salary,26812.55
OC02092,B02,2026-05-04,Utilities,3648.69
OC02093,B02,2026-07-31,Maintenance,3435.35
OC02094,B01,2025-12-14,Maintenance,3015.78
OC02095,B05,2026-07-21,Packaging,5884.02
OC02096,B01,2025-01-22,Staff Salary,19606.67
OC02097,B07,2025-08-16,Packaging,4992.45
OC02098,B07,2025-08-12,Maintenance,3522.77
OC02099,B02,2025-01-14,Staff Salary,20333.34
OC02100,B05,2026-06-13,Staff Salary,25896.25
OC02101,B05,2026-03-16,Rent,17117.27
OC02102,B04,2025-09-18,Staff Salary,20074.25
OC02103,B08,2026-11-14,Utilities,4615.14
OC02104,B02,2025-07-04,Utilities,6459.29
OC02105,B04,2025-11-20,Maintenance,4781.95
OC02106,B03,2026-10-10,Utilities,5330.37
OC02107,B02,2026-09-09,Rent,20311.62
OC02108,B06,2025-11-26,Staff Salary,15139.48
OC02109,B04,2025-04-23,Staff Salary,27761.02
OC02110,B03,2026-04-25,Other Operating Cost,4606.18
OC02111,B02,2025-02-01,Maintenance,4634.35
OC02112,B06,2026-12-20,Other Operating Cost,4308.23
OC02113,B02,2026-11-20,Staff Salary,30420.03
OC02114,B06,2026-04-18,Packaging,3009.27
OC02115,B07,2026-03-19,Staff Salary,26602.25
OC02116,B03,2025-12-20,Staff Salary,16681.59
OC02117,B05,2026-02-05,Utilities,5772.95
OC02118,B02,2025-11-26,Packaging,5434.57
OC02119,B04,2025-01-03,Other Operating Cost,3473.7
OC02120,B08,2026-12-13,Staff Salary,27236.71
OC02121,B06,2026-03-30,Packaging,4197.48
OC02122,B02,2026-10-06,Utilities,5697.46
OC02123,B05,2026-09-11,Utilities,5221.71
OC02124,B01,2026-11-19,Staff Salary,23819.11
OC02125,B07,2025-01-12,Other Operating Cost,6294.62
OC02126,B04,2026-09-26,Staff Salary,21471.67
OC02127,B06,2025-10-03,Other Operating Cost,5085.46
OC02128,B03,2026-05-09,Utilities,5739.91
OC02129,B05,2026-01-15,Rent,7073.88
OC02130,B05,2026-05-20,Packaging,4529.14
OC02131,B01,2025-10-04,Other Operating Cost,5415.98
OC02132,B02,2025-01-18,Rent,10148.0
OC02133,B08,2026-08-23,Packaging,4275.25
OC02134,B07,2025-11-21,Staff Salary,33555.4
OC02135,B02,2025-06-08,Staff Salary,21819.81
OC02136,B02,2025-08-16,Staff Salary,25103.97
OC02137,B01,2025-05-01,Maintenance,4579.08
OC02138,B07,2025-11-29,Utilities,5678.85
OC02139,B04,2025-08-08,Other Operating Cost,4406.66
OC02140,B01,2025-05-26,Packaging,4139.63
OC02141,B06,2025-02-28,Packaging,3777.75
OC02142,B03,2025-12-24,Staff Salary,27198.03
OC02143,B02,2025-12-22,Maintenance,4253.17
OC02144,B04,2026-03-28,Maintenance,4379.56
OC02145,B07,2025-12-27,Staff Salary,13253.06
OC02146,B02,2025-03-02,Maintenance,5245.57
OC02147,B06,2026-12-13,Packaging,5290.82
OC02148,B01,2026-01-06,Maintenance,3626.01
OC02149,B07,2026-08-19,Staff Salary,21786.99
OC02150,B02,2026-11-20,Other Operating Cost,7234.48
OC02151,B01,2026-06-12,Staff Salary,12798.74
OC02152,B02,2025-11-26,Rent,13797.56
OC02153,B08,2025-04-26,Rent,18826.48
OC02154,B02,2025-04-11,Staff Salary,21527.14
OC02155,B02,2025-11-10,Utilities,5352.6
OC02156,B05,2026-03-17,Utilities,7105.15
OC02157,B02,2025-05-29,Staff Salary,20036.32
OC02158,B01,2026-10-15,Packaging,5501.54
OC02159,B08,2026-09-06,Maintenance,4446.72
OC02160,B06,2025-04-27,Other Operating Cost,4551.8
OC02161,B06,2026-12-07,Rent,18648.49
OC02162,B02,2026-10-03,Rent,8878.42
OC02163,B05,2025-01-09,Packaging,3405.6
OC02164,B01,2026-02-15,Staff Salary,20671.11
OC02165,B02,2026-05-21,Staff Salary,21734.19
OC02166,B07,2026-12-20,Staff Salary,17537.14
OC02167,B01,2026-11-08,Packaging,4745.13
OC02168,B02,2025-02-19,Maintenance,4498.52
OC02169,B05,2026-10-06,Staff Salary,29498.87
OC02170,B08,2025-05-08,Staff Salary,22812.48
OC02171,B05,2025-09-12,Packaging,1994.99
OC02172,B02,2025-12-06,Packaging,3503.51
OC02173,B05,2025-11-16,Staff Salary,15725.53
OC02174,B08,2026-08-03,Rent,21238.49
OC02175,B02,2026-02-04,Rent,16518.32
OC02176,B02,2026-04-05,Other Operating Cost,5615.03
OC02177,B02,2026-05-12,Staff Salary,15472.93
OC02178,B08,2026-01-23,Staff Salary,22869.67
OC02179,B03,2026-06-18,Staff Salary,17385.91
OC02180,B02,2026-03-23,Other Operating Cost,3792.06
OC02181,B08,2025-08-24,Utilities,2950.7
OC02182,B03,2025-10-14,Utilities,6343.55
OC02183,B04,2026-08-16,Rent,15773.38
OC02184,B06,2026-12-20,Staff Salary,27760.5
OC02185,B02,2026-10-28,Packaging,4808.85
OC02186,B03,2025-01-12,Staff Salary,20008.99
OC02187,B04,2025-12-02,Utilities,4149.1
OC02188,,2026-06-22,Maintenance,2542.45
OC02189,B05,2026-05-04,Packaging,3605.84
OC02190,B01,2025-05-16,Rent,12075.51
OC02191,B02,2025-03-26,Other Operating Cost,6249.41
OC02192,B05,2026-08-28,Staff Salary,19313.74
OC02193,B06,2025-10-03,Packaging,4787.36
OC02194,B01,2026-04-22,Rent,16194.86
OC02195,B03,2026-07-27,Staff Salary,24407.33
OC02196,B02,2026-05-18,Staff Salary,17312.95
OC02197,B02,2026-10-13,Other Operating Cost,5291.05
OC02198,B03,2025-05-08,Other Operating Cost,5615.35
OC02199,B02,2025-01-27,Utilities,4121.89
OC02200,B02,2025-02-06,Staff Salary,23275.11
OC02201,B06,2026-02-12,Packaging,3275.41
OC02202,B04,2025-02-03,Other Operating Cost,3218.15
OC02203,B03,2025-08-17,Rent,15162.06
OC02204,B07,2025-11-11,Rent,13674.98
OC02205,B05,2026-10-15,Other Operating Cost,5918.16
OC02206,B03,2025-09-10,Maintenance,5342.14
OC02207,B06,2025-05-10,Rent,12933.53
OC02208,B03,2026-05-28,Staff Salary,23844.48
OC02209,B06,2025-07-21,Maintenance,5967.65
OC02210,B03,2026-06-15,Rent,17516.4
OC02211,B04,2025-09-03,Staff Salary,19817.97
OC02212,B06,2026-06-22,Staff Salary,21735.48
OC02213,B04,2025-12-09,Staff Salary,28110.55
OC02214,B02,2026-11-09,Rent,20932.0
OC02215,B02,2025-12-23,Staff Salary,18857.09
OC02216,B08,2025-05-21,Staff Salary,24492.43
OC02217,B05,2025-02-23,Staff Salary,26987.21
OC02218,B01,2025-02-11,Packaging,4661.58
OC02219,B05,2025-06-19,Rent,14914.12
OC02220,B06,2026-08-20,Rent,13379.79
OC02221,B06,2025-12-03,Staff Salary,23205.92
OC02222,B02,2025-11-21,Maintenance,4199.83
OC02223,B02,2026-07-09,Staff Salary,20746.78
OC02224,B07,2026-02-17,Staff Salary,21751.54
OC02225,B05,2025-08-17,Staff Salary,17871.96
OC02226,B01,2026-03-28,Rent,20673.4
OC02227,B04,2026-03-04,Packaging,5984.46
OC02228,B01,2025-09-06,Utilities,4291.15
OC02229,B06,2026-06-17,Packaging,3280.98
OC02230,B08,2026-05-02,Utilities,5113.39
OC02231,B01,2025-04-28,Staff Salary,17503.58
OC02232,B02,2026-08-11,Maintenance,4375.76
OC02233,B03,2026-11-11,Utilities,5257.86
OC02234,B02,2025-03-12,Other Operating Cost,6327.13
OC02235,B07,2026-08-02,Utilities,6974.02
OC02236,B08,2025-12-25,Packaging,3038.05
OC02237,B06,2025-10-12,Staff Salary,20396.94
OC02238,B05,2026-08-09,Packaging,5738.99
OC02239,B01,2026-02-11,Utilities,4536.37
OC02240,B01,2025-08-16,Staff Salary,34188.82
OC02241,B07,2026-07-20,Packaging,6680.21
OC02242,B06,2026-09-12,Staff Salary,39314.33
OC02243,B04,2025-07-07,Utilities,6579.28
OC02244,B06,2025-07-08,Other Operating Cost,6880.85
OC02245,B01,2026-04-29,Maintenance,4041.37
OC02246,B02,2026-10-05,Staff Salary,26190.41
OC02247,B02,2026-10-19,Maintenance,5506.1
OC02248,B01,2026-02-13,Rent,18028.01
OC02249,B07,2025-07-14,Staff Salary,21194.88
OC02250,B06,2025-08-30,Other Operating Cost,6296.29
OC02251,B05,2026-07-05,Staff Salary,29105.53
OC02252,B02,2025-04-28,Utilities,4584.56
OC02253,B02,2025-11-01,Utilities,5433.17
OC02254,B02,2026-03-14,Rent,15551.44
OC02255,B06,2026-06-22,Staff Salary,25777.84
OC02256,B04,2026-11-29,Utilities,5340.54
OC02257,B08,2025-08-28,Staff Salary,26985.89
OC02258,B04,2026-03-12,Packaging,6232.48
OC02259,B06,2026-11-18,Staff Salary,29239.07
OC02260,B06,2026-03-30,Other Operating Cost,5985.11
OC02261,B01,2026-12-16,Staff Salary,32321.02
OC02262,B01,2026-11-21,Other Operating Cost,4449.92
OC02263,B02,2026-02-09,Other Operating Cost,4202.02
OC02264,B01,2026-07-18,Rent,20556.28
OC02265,B05,2026-09-05,Packaging,3613.31
OC02266,B02,2025-09-18,Staff Salary,26127.32
OC02267,B01,2025-07-30,Staff Salary,25487.76
OC02268,B02,2025-05-23,Packaging,2924.41
OC02269,B02,2025-03-28,Utilities,8264.76
OC02270,B08,2026-03-01,Rent,15452.47
OC02271,B05,2026-02-15,Staff Salary,19951.69
OC02272,B07,2025-01-07,Staff Salary,18286.16
OC02273,B02,2025-03-05,Packaging,1838.47
OC02274,B01,2026-03-09,Staff Salary,22421.68
OC02275,B05,2026-07-04,Maintenance,4540.09
OC02276,B02,2025-07-09,Staff Salary,20616.07
OC02277,B02,2025-10-24,Maintenance,4442.4
OC02278,B02,2026-10-05,Staff Salary,25263.79
OC02279,B04,2026-08-27,Staff Salary,26974.18
OC02280,B03,2025-10-17,Packaging,5892.08
OC02281,B02,2026-12-05,Staff Salary,15313.58
OC02282,B06,2026-10-02,Packaging,3114.34
OC02283,B08,2025-04-12,Staff Salary,17968.77
OC02284,B01,2025-08-20,Rent,16816.44
OC02285,B04,2026-02-09,Utilities,6669.79
OC02286,B05,2026-11-23,Staff Salary,36470.22
OC02287,B07,2026-04-11,Utilities,4225.94
OC02288,B06,2026-07-14,Rent,18178.54
OC02289,B07,2026-06-21,Staff Salary,28801.1
OC02290,B05,2025-05-18,Maintenance,5065.16
OC02291,B02,2025-06-01,Packaging,6215.46
OC02292,B04,2026-02-09,Rent,12822.77
OC02293,B05,2025-09-16,Other Operating Cost,3276.6
OC02294,B02,2026-04-24,Packaging,5861.53
OC02295,B03,2025-12-18,Other Operating Cost,6805.94
OC02296,B08,2026-08-07,Other Operating Cost,5291.33
OC02297,B08,2025-07-07,Utilities,5237.05
OC02298,B08,2025-12-31,Packaging,5139.83
OC02299,B05,2025-07-19,Staff Salary,17281.13
OC02300,B01,2025-04-02,Utilities,5423.02
OC02301,B08,2026-04-06,Maintenance,2585.2
OC02302,B08,2026-07-18,Maintenance,3839.28
OC02303,B06,2025-01-22,Staff Salary,22796.72
OC02304,B03,2026-01-18,Packaging,4303.11
OC02305,B02,2026-09-07,Staff Salary,24986.19
OC02306,B05,2026-03-07,Packaging,4917.77
OC02307,B07,2025-01-01,Staff Salary,19551.52
OC02308,B05,2025-06-01,Rent,14434.34
OC02309,B05,2025-12-04,Utilities,6029.55
OC02310,B05,2025-11-01,Staff Salary,17472.17
OC02311,B01,2026-04-11,Other Operating Cost,5186.63
OC02312,B05,2026-01-19,Other Operating Cost,3659.77
OC02313,B02,2025-08-14,Maintenance,3455.17
OC02314,B03,2025-10-16,Staff Salary,25816.36
OC02315,B05,2026-01-25,Other Operating Cost,5213.0
OC02316,B02,2025-12-05,Utilities,3505.87
OC02317,,2025-01-17,Packaging,5652.07
OC02318,B08,2026-01-28,Staff Salary,22219.3
OC02319,B05,2025-12-04,Packaging,4543.92
OC02320,B05,2026-09-21,Maintenance,4494.03
OC02321,B02,2025-10-05,Rent,14749.06
OC02322,B01,2026-06-29,Maintenance,3566.4
OC02323,B07,2025-10-10,Other Operating Cost,5307.52
OC02324,B08,2026-02-13,Packaging,4914.12
OC02325,B06,2025-09-23,Staff Salary,26765.88
OC02326,B02,2025-06-26,Other Operating Cost,5160.05
OC02327,B04,2026-01-03,Maintenance,4160.27
OC02328,B08,2025-02-03,Packaging,3223.05
OC02329,B01,2026-04-11,Staff Salary,17953.51
OC02330,B03,2025-07-16,Utilities,4826.45
OC02331,B02,2026-06-28,Utilities,5373.29
OC02332,B03,2026-02-12,Rent,16432.72
OC02333,B05,2026-07-31,Rent,7838.93
OC02334,B03,2025-02-28,Maintenance,3041.98
OC02335,B07,2026-12-30,Other Operating Cost,5729.57
OC02336,B07,2026-06-20,Rent,6983.04
OC02337,B06,2026-01-04,Rent,16710.19
OC02338,B01,2025-01-29,Rent,22935.3
OC02339,B03,2025-06-30,Staff Salary,19339.46
OC02340,B02,2025-03-06,Rent,9904.77
OC02341,B07,2026-11-15,Staff Salary,25965.32
OC02342,B06,2026-07-02,Other Operating Cost,7743.87
OC02343,B05,2026-08-11,Other Operating Cost,6642.43
OC02344,B08,2026-05-20,Rent,13419.44
OC02345,B04,2026-07-15,Staff Salary,22803.87
OC02346,B05,2026-06-26,Utilities,4821.09
OC02347,B08,2026-10-31,Utilities,7751.35
OC02348,B01,2025-04-18,Staff Salary,16590.38
OC02349,B08,2026-07-11,Staff Salary,27867.63
OC02350,B02,2025-09-24,Staff Salary,18483.92
OC02351,B08,2026-06-29,Other Operating Cost,3783.84
OC02352,B03,2026-12-02,Staff Salary,26818.15
OC02353,B06,2025-03-02,Other Operating Cost,4849.54
OC02354,B01,2025-06-29,Staff Salary,24442.69
OC02355,B05,2026-10-18,Staff Salary,40048.22
OC02356,B01,2025-07-13,Utilities,4314.13
OC02357,B03,2026-09-25,Maintenance,4438.4
OC02358,B03,2026-04-13,Staff Salary,13641.36
OC02359,B04,2025-07-30,Rent,16157.11
OC02360,B05,2025-02-04,Maintenance,4421.3
OC02361,B07,2025-06-30,Maintenance,4153.51
OC02362,B02,2025-05-01,Other Operating Cost,4177.36
OC02363,B01,2026-05-06,Staff Salary,24873.92
OC02364,B06,2026-02-25,Utilities,5323.08
OC02365,B06,2026-03-29,Maintenance,4176.05
OC02366,B05,2026-10-28,Other Operating Cost,7465.72
OC02367,B03,2026-05-23,Maintenance,3476.04
OC02368,B01,2026-06-02,Staff Salary,25781.85
OC02369,B06,2025-03-10,Packaging,3547.98
OC02370,B03,2026-12-17,Staff Salary,24196.65
OC02371,B03,2025-09-15,Staff Salary,14112.9
OC02372,B07,2026-09-22,Other Operating Cost,5236.55
OC02373,B07,2026-04-12,Other Operating Cost,6291.59
OC02374,B03,2026-11-22,Other Operating Cost,7489.62
OC02375,B08,2026-03-08,Packaging,4306.69
OC02376,B08,2026-05-26,Staff Salary,17685.05
OC02377,B07,2025-12-14,Other Operating Cost,6051.58
OC02378,B08,2025-04-20,Rent,9039.02
OC02379,B05,2025-03-15,Rent,15444.25
OC02380,B05,2026-03-17,Staff Salary,21297.36
OC02381,B08,2025-12-20,Rent,9442.08
OC02382,B03,2025-09-16,Staff Salary,24541.17
OC02383,B07,2026-02-05,Rent,11752.5
OC02384,B06,2025-10-23,Rent,21967.97
OC02385,B05,2025-11-11,Rent,15887.32
OC02386,B08,2025-01-05,Other Operating Cost,4041.92
OC02387,B08,2025-02-12,Staff Salary,21308.08
OC02388,B03,2025-03-09,Staff Salary,24700.26
OC02389,B04,2025-03-03,Other Operating Cost,4907.16
OC02390,B07,2025-10-22,Maintenance,3231.06
OC02391,B02,2026-04-03,Other Operating Cost,5095.65
OC02392,B05,2026-07-07,Utilities,6253.05
OC02393,B08,2026-04-08,Packaging,5349.84
OC02394,B05,2025-01-24,Rent,16937.67
OC02395,B04,2026-07-26,Packaging,7103.73
OC02396,B03,2026-12-09,Maintenance,5644.04
OC02397,B03,2026-12-31,Rent,22894.93
OC02398,B01,2026-01-20,Other Operating Cost,4040.3
OC02399,B05,2025-04-17,Other Operating Cost,6641.44
OC02400,B07,2026-06-29,Other Operating Cost,6660.47
OC02401,B07,2026-04-06,Packaging,4121.67
OC02402,B04,2026-09-16,Rent,18319.38
OC02403,B07,2025-11-18,Rent,10093.24
OC02404,B03,2025-07-24,Rent,16348.3
OC02405,B07,2026-01-09,Utilities,6250.28
OC02406,B06,2026-08-12,Utilities,6674.95
OC02407,B05,2025-07-17,Rent,13358.22
OC02408,B05,2025-08-19,Staff Salary,19471.43
OC02409,B02,2025-02-11,Staff Salary,32934.07
OC02410,B03,2026-02-26,Packaging,5054.5
OC02411,B03,2025-01-31,Packaging,4230.63
OC02412,B02,2025-04-12,Rent,20479.61
OC02413,B07,2026-01-30,Staff Salary,9914.98
OC02414,B02,2026-02-16,Rent,11450.19
OC02415,B08,2026-05-14,Staff Salary,21583.02
OC02416,B05,2026-02-16,Packaging,3758.8
OC02417,B03,2025-10-12,Maintenance,3775.61
OC02418,B03,2025-07-19,Other Operating Cost,4794.59
OC02419,B07,2025-10-01,Maintenance,3927.11
OC02420,B05,2025-10-15,Staff Salary,22012.32
OC02421,B08,2025-04-14,Rent,18771.23
OC02422,B01,2025-04-27,Other Operating Cost,4586.53
OC02423,B03,2026-01-26,Utilities,4069.98
OC02424,B02,2026-12-05,Packaging,4340.12
OC02425,B05,2026-03-01,Maintenance,4502.82
OC02426,B01,2025-12-23,Other Operating Cost,4092.39
OC02427,B05,2026-12-31,Maintenance,5169.55
OC02428,B01,2026-03-29,Maintenance,4653.94
OC02429,B05,2026-01-31,Packaging,5626.5
OC02430,B03,2026-07-01,Utilities,7555.35
OC02431,B06,2025-10-29,Rent,12060.22
OC02432,B08,2025-09-05,Maintenance,4972.88
OC02433,B01,2025-08-09,Maintenance,4481.75
OC02434,B05,2026-04-23,Maintenance,3467.37
OC02435,B04,2026-10-24,Utilities,5500.75
OC02436,B04,2026-07-11,Utilities,6837.14
OC02437,B08,2026-12-05,Other Operating Cost,3939.94
OC02438,B02,2025-02-28,Packaging,4747.34
OC02439,B08,2025-11-30,Utilities,3836.86
OC02440,B08,2025-08-10,Packaging,4378.37
OC02441,B04,2025-10-09,Other Operating Cost,4755.5
OC02442,B07,2026-08-09,Other Operating Cost,7542.31
OC02443,B02,2025-05-19,Utilities,5247.59
OC02444,B08,2026-09-12,Staff Salary,27009.13
OC02445,B05,2025-07-20,Staff Salary,20249.36
OC02446,B03,2025-06-01,Other Operating Cost,4438.61
OC02447,B05,2025-04-08,Rent,14448.91
OC02448,B03,2026-08-09,Staff Salary,21857.19
OC02449,B06,2025-06-01,Staff Salary,20570.42
OC02450,B07,2026-07-28,Packaging,2975.65
OC02451,B06,2025-06-27,Packaging,3012.62
OC02452,B01,2026-08-26,Staff Salary,26282.54
OC02453,B06,2026-01-26,Staff Salary,19909.66
OC02454,B01,2025-09-20,Utilities,3888.05
OC02455,B05,2025-12-25,Packaging,5164.47
OC02456,B02,2026-08-26,Staff Salary,26388.85
OC02457,B06,2025-04-18,Other Operating Cost,6126.38
OC02458,B01,2025-06-02,Staff Salary,18173.23
OC02459,B01,2026-12-28,Maintenance,3621.36
OC02460,B02,2026-03-23,Staff Salary,24385.65
OC02461,B01,2025-07-11,Packaging,5480.55
OC02462,B04,2025-07-30,Staff Salary,22198.79
OC02463,B01,2025-06-12,Maintenance,4070.05
OC02464,B03,2026-01-14,Rent,7740.0
OC02465,B05,2025-11-15,Staff Salary,31874.15
OC02466,B01,2026-10-12,Utilities,7187.67
OC02467,B01,2025-09-13,Utilities,2637.86
OC02468,B07,2025-04-29,Rent,16652.71
OC02469,B08,2026-10-31,Packaging,4347.72
OC02470,B08,2025-02-01,Utilities,4663.83
OC02471,B03,2026-03-19,Maintenance,4652.07
OC02472,B05,2025-04-18,Staff Salary,22570.91
OC02473,B07,2026-06-12,Maintenance,3706.85
OC02474,B05,2026-07-16,Other Operating Cost,6545.57
OC02475,B05,2025-04-20,Staff Salary,18187.85
OC02476,B01,2025-03-06,Staff Salary,32652.04
OC02477,B01,2025-11-20,Staff Salary,23311.48
OC02478,B05,2026-05-18,Packaging,3703.38
OC02479,B08,2025-05-12,Rent,14761.49
OC02480,B04,2026-04-16,Utilities,6224.23
OC02481,B03,2026-03-23,Maintenance,5069.91
OC02482,B01,2026-04-04,Staff Salary,17829.52
OC02483,B07,2025-08-21,Packaging,3002.68
OC02484,B06,2026-06-23,Utilities,3664.36
OC02485,B08,2025-10-07,Other Operating Cost,4588.48
OC02486,B03,2025-07-06,Packaging,3897.33
OC02487,B07,2025-03-10,Utilities,3332.6
OC02488,B08,2026-11-27,Maintenance,5085.22
OC02489,B01,2025-03-18,Rent,9471.17
OC02490,B07,2025-04-26,Rent,15980.85
OC02491,B06,2025-06-12,Packaging,5012.78
OC02492,B08,2025-02-14,Utilities,3908.44
OC02493,B04,2026-03-31,Rent,20392.29
OC02494,B06,2025-10-04,Staff Salary,24825.67
OC02495,B04,2025-12-30,Packaging,3846.3
OC02496,B01,2025-06-06,Utilities,3895.72
OC02497,B08,2026-10-07,Other Operating Cost,5376.13
OC02498,B06,2026-06-05,Utilities,6855.18
OC02499,B07,2025-07-07,Utilities,5688.43
OC02500,B02,2025-07-05,Packaging,5861.34
OC02501,B05,2026-10-10,Other Operating Cost,6079.46
OC02502,B02,2026-10-27,Utilities,5882.6
OC02503,B05,2026-06-29,Rent,20292.02
OC02504,B03,2025-12-06,Utilities,5367.73
OC02505,B02,2026-11-10,Packaging,5992.39
OC02506,B05,2025-11-12,Maintenance,3883.41
OC02507,B03,2026-03-09,Maintenance,4296.16
OC02508,B02,2025-08-12,Rent,20534.2
OC02509,B05,2026-02-28,Maintenance,4950.51
OC02510,B03,2025-09-20,Rent,14421.44
OC02511,B04,2025-06-26,Utilities,7279.54
OC02512,B07,2026-08-29,Staff Salary,16124.28
OC02513,B07,2026-01-02,Packaging,4257.68
OC02514,B05,2026-08-29,Staff Salary,22199.06
OC02515,B01,2025-05-20,Other Operating Cost,5352.62
OC02516,B03,2025-05-17,Staff Salary,25900.99
OC02517,B01,2025-07-30,Utilities,7298.05
OC02518,B06,2026-03-10,Other Operating Cost,6856.05
OC02519,B03,2025-05-26,Other Operating Cost,4038.67
OC02520,B08,2025-09-15,Rent,17369.57
OC02521,B05,2025-09-16,Maintenance,5411.77
OC02522,B02,2026-01-27,Staff Salary,18799.14
OC02523,B08,2026-06-13,Staff Salary,20683.37
OC02524,B03,2026-04-24,Utilities,4304.74
OC02525,B02,2026-10-11,Staff Salary,16800.61
OC02526,B03,2025-08-07,Rent,19423.45
OC02527,B07,2025-03-24,Other Operating Cost,1605.68
OC02528,B04,2025-05-05,Rent,17510.68
OC02529,B05,2026-08-20,Packaging,5684.84
OC02530,B05,2025-07-02,Other Operating Cost,6109.2
OC02531,B04,2025-06-26,Utilities,6062.8
OC02532,B03,2026-11-03,Other Operating Cost,5943.42
OC02533,B07,2026-02-14,Staff Salary,11141.33
OC02534,B02,2026-08-10,Staff Salary,27040.53
OC02535,B05,2025-10-23,Rent,14085.27
OC02536,B03,2026-10-28,Other Operating Cost,6523.56
OC02537,B02,2025-03-31,Maintenance,4125.98
OC02538,B02,2025-07-24,Rent,19051.88
OC02539,B08,2025-10-15,Rent,13677.51
OC02540,B07,2026-05-22,Maintenance,4225.31
OC02541,B08,2025-10-09,Staff Salary,29375.46
OC02542,B05,2026-03-25,Utilities,5834.66
OC02543,B03,2026-09-11,Utilities,7146.87
OC02544,B05,2025-02-05,Rent,12897.02
OC02545,B08,2026-04-06,Other Operating Cost,5666.12
OC02546,B01,2025-09-23,Maintenance,3259.39
OC02547,B08,2026-01-20,Staff Salary,14666.16
OC02548,B05,2026-02-07,Other Operating Cost,4977.12
OC02549,B08,2026-12-14,Utilities,7494.29
OC02550,B02,2026-10-08,Utilities,5071.1
OC02551,B05,2026-10-19,Rent,11762.54
OC02552,B05,2025-12-16,Other Operating Cost,4469.23
OC02553,B06,2026-11-11,Staff Salary,35815.58
OC02554,B01,2026-10-10,Utilities,5807.82
OC02555,B05,2025-09-02,Other Operating Cost,5050.65
OC02556,B08,2026-05-04,Other Operating Cost,5354.5
OC02557,B07,2026-10-18,Utilities,7146.56
OC02558,B05,2026-10-27,Staff Salary,21001.02
OC02559,B01,2025-07-03,Staff Salary,20776.03
OC02560,B03,2026-05-13,Other Operating Cost,6901.48
OC02561,B04,2026-10-20,Rent,16343.75
OC02562,B02,2025-12-27,Maintenance,4210.38
OC02563,B06,2025-07-01,Staff Salary,25945.74
OC02564,B08,2026-10-29,Packaging,4623.48
OC02565,B01,2025-09-24,Maintenance,3582.82
OC02566,B06,2025-02-01,Rent,20261.07
OC02567,B02,2026-11-16,Maintenance,4570.23
OC02568,B03,2026-07-22,Staff Salary,36129.76
OC02569,B01,2025-05-15,Rent,13190.04
OC02570,B05,2026-09-08,Utilities,5264.44
OC02571,B03,2025-05-06,Staff Salary,31585.47
OC02572,B08,2025-09-08,Utilities,6137.32
OC02573,B01,2026-08-28,Packaging,5684.0
OC02574,B07,2025-02-02,Rent,14323.33
OC02575,B01,2026-06-18,Maintenance,3646.2
OC02576,B07,2026-06-28,Staff Salary,22779.67
OC02577,B03,2025-12-11,Maintenance,4155.79
OC02578,B01,2026-10-05,Staff Salary,23220.13
OC02579,B01,2026-11-04,Other Operating Cost,5296.03
OC02580,B03,2026-12-26,Utilities,9169.6
OC02581,B01,2025-06-10,Other Operating Cost,6154.69
OC02582,B08,2026-04-29,Maintenance,2859.4
OC02583,B02,2025-08-12,Maintenance,3975.77
OC02584,B01,2025-05-22,Packaging,4469.3
OC02585,B07,2026-12-18,Maintenance,4874.88
OC02586,B08,2025-09-24,Rent,18472.76
OC02587,B02,2026-06-09,Staff Salary,25844.71
OC02588,B01,2025-07-11,Utilities,7236.06
OC02589,B08,2026-06-16,Staff Salary,15304.49
OC02590,B07,2025-01-08,Staff Salary,25883.96
OC02591,B07,2026-12-06,Staff Salary,27171.44
OC02592,B04,2025-12-04,Rent,15652.73
OC02593,B01,2025-12-17,Other Operating Cost,6139.38
OC02594,B04,2025-11-02,Staff Salary,21221.84
OC02595,B01,2025-11-18,Maintenance,4684.34
OC02596,B03,2025-03-31,Utilities,5297.42
OC02597,B02,2025-04-01,Rent,15828.41
OC02598,B03,2025-07-17,Packaging,3846.18
OC02599,B03,2026-05-14,Rent,15132.06
OC02600,B05,2026-03-10,Rent,8830.39
OC02601,B03,2026-02-25,Staff Salary,29640.14
OC02602,B04,2025-01-18,Maintenance,4905.42
OC02603,B06,2026-05-01,Staff Salary,27273.84
OC02604,B06,2026-07-10,Rent,14501.5
OC02605,B05,2026-01-18,Staff Salary,24951.95
OC02606,B02,2026-04-26,Staff Salary,19012.43
OC02607,B01,2025-03-13,Staff Salary,32195.37
OC02608,B04,2026-11-06,Utilities,7539.37
OC02609,B02,2026-06-05,Utilities,4854.52
OC02610,B03,2026-06-30,Staff Salary,24928.49
OC02611,B02,2025-11-21,Packaging,5652.82
OC02612,B02,2025-04-16,Staff Salary,25038.49
OC02613,B06,2025-09-25,Other Operating Cost,3897.69
OC02614,B08,2025-04-06,Utilities,6659.61
OC02615,B05,2026-05-26,Staff Salary,23762.89
OC02616,B01,2026-03-15,Staff Salary,31919.56
OC02617,B06,2025-11-17,Maintenance,4958.92
OC02618,B05,2025-12-28,Packaging,4164.14
OC02619,B03,2025-06-12,Other Operating Cost,2570.35
OC02620,B08,2026-12-17,Rent,20809.18
OC02621,B03,2025-04-07,Staff Salary,25047.14
OC02622,B06,2025-08-23,Rent,18582.04
OC02623,B06,2025-01-22,Packaging,5188.09
OC02624,B07,2025-12-25,Packaging,4612.08
OC02625,B03,2026-10-21,Maintenance,5509.18
OC02626,B05,2026-08-26,Staff Salary,23082.21
OC02627,B06,2026-04-08,Staff Salary,26188.31
OC02628,B04,2025-09-21,Packaging,3124.8
OC02629,B02,2026-06-24,Staff Salary,17569.27
OC02630,B01,2026-07-14,Other Operating Cost,5299.54
OC02631,B05,2025-12-29,Packaging,4152.78
OC02632,B03,2026-06-05,Other Operating Cost,5793.6
OC02633,B04,2025-09-28,Staff Salary,22537.39
OC02634,B05,2025-08-03,Maintenance,3407.63
OC02635,B02,2025-04-21,Staff Salary,26071.85
OC02636,B05,2025-08-23,Packaging,5567.71
OC02637,B06,2026-12-30,Packaging,4535.68
OC02638,B04,2026-06-23,Packaging,3847.99
OC02639,B01,2026-05-31,Utilities,5466.4
OC02640,B02,2025-02-11,Rent,18156.69
OC02641,B04,2026-10-23,Utilities,6653.4
OC02642,B01,2026-12-09,Other Operating Cost,3385.07
OC02643,B08,2026-09-04,Staff Salary,21261.92
OC02644,B07,2026-05-30,Staff Salary,24207.21
OC02645,B07,2025-03-26,Staff Salary,29449.07
OC02646,B01,2026-07-18,Staff Salary,25548.57
OC02647,B02,2025-12-28,Maintenance,4575.55
OC02648,B04,2025-12-18,Utilities,5750.94
OC02649,B04,2026-04-30,Rent,14831.65
OC02650,B04,2025-04-10,Rent,19248.23
OC02651,B05,2026-08-26,Utilities,4602.84
OC02652,B05,2025-09-25,Rent,12720.51
OC02653,B05,2026-08-19,Packaging,5155.64
OC02654,B05,2026-07-11,Rent,17201.05
OC02655,B05,2025-10-22,Other Operating Cost,5274.5
OC02656,B03,2026-04-21,Packaging,2814.73
OC02657,B06,2025-11-21,Staff Salary,16859.17
OC02658,B01,2026-08-06,Utilities,7120.38
OC02659,B08,2025-06-17,Other Operating Cost,5746.93
OC02660,B08,2025-07-19,Maintenance,5074.61
OC02661,B08,2025-01-27,Rent,10781.66
OC02662,B03,2025-12-29,Packaging,3766.72
OC02663,B02,2025-07-23,Utilities,4567.45
OC02664,B03,2025-05-14,Utilities,4826.8
OC02665,B05,2026-08-22,Staff Salary,17620.58
OC02666,B08,2026-04-01,Maintenance,5690.77
OC02667,B03,2025-09-06,Packaging,3035.0
OC02668,B05,2025-07-08,Staff Salary,27213.81
OC02669,B08,2025-02-22,Utilities,4809.54
OC02670,B06,2025-05-07,Maintenance,4352.78
OC02671,B02,2025-03-16,Other Operating Cost,5648.05
OC02672,B02,2026-02-06,Other Operating Cost,4177.69
OC02673,B07,2026-06-10,Rent,10261.14
OC02674,B05,2026-07-29,Other Operating Cost,5523.95
OC02675,B01,2026-08-22,Rent,19085.58
OC02676,B05,2026-08-26,Rent,19868.87
OC02677,B06,2025-08-22,Other Operating Cost,6128.72
OC02678,B05,2026-04-27,Utilities,5377.2
OC02679,B02,2025-03-15,Utilities,7123.69
OC02680,B02,2025-06-28,Packaging,5064.88
OC02681,B04,2025-07-22,Staff Salary,16536.11
OC02682,B06,2026-11-21,Maintenance,5849.21
OC02683,B03,2025-07-10,Packaging,5419.68
OC02684,B06,2025-05-12,Rent,16482.55
OC02685,B05,2026-12-07,Rent,15682.1
OC02686,B05,2025-07-07,Other Operating Cost,4493.78
OC02687,B04,2025-11-18,Rent,13382.38
OC02688,B07,2026-12-19,Other Operating Cost,5585.43
OC02689,B05,2025-11-01,Packaging,4818.77
OC02690,B04,2025-08-31,Utilities,5554.56
OC02691,B02,2025-03-11,Staff Salary,18328.35
OC02692,B02,2025-11-17,Staff Salary,25355.57
OC02693,B06,2025-06-09,Staff Salary,26178.57
OC02694,B07,2026-04-09,Utilities,7213.51
OC02695,B06,2025-09-15,Staff Salary,18937.27
OC02696,B01,2026-07-26,Staff Salary,23307.13
OC02697,B02,2026-05-25,Rent,16504.88
OC02698,B08,2026-08-01,Packaging,4546.67
OC02699,B01,2025-02-01,Staff Salary,24819.01
OC02700,B02,2026-10-15,Staff Salary,36038.77
OC02701,B05,2025-11-29,Other Operating Cost,3882.03
OC02702,B02,2026-11-02,Maintenance,3877.87
OC02703,B05,2026-11-26,Other Operating Cost,6611.92
OC02704,B07,2026-10-16,Maintenance,3075.9
OC02705,B05,2025-07-14,Other Operating Cost,5120.78
OC02706,B03,2026-05-28,Staff Salary,23483.55
OC02707,B03,2025-03-23,Staff Salary,18753.86
OC02708,B02,2025-05-29,Other Operating Cost,4719.9
OC02709,B01,2025-05-16,Staff Salary,22382.69
OC02710,B03,2026-10-24,Rent,24528.67
OC02711,B05,2025-08-04,Maintenance,4278.86
OC02712,B08,2025-09-22,Utilities,5021.81
OC02713,B02,2026-11-01,Rent,21161.89
OC02714,B08,2026-01-21,Packaging,4824.39
OC02715,B02,2025-06-08,Other Operating Cost,5598.93
OC02716,B06,2026-09-10,Rent,14427.68
OC02717,B07,2025-09-18,Other Operating Cost,5631.23
OC02718,B03,2025-04-09,Staff Salary,22390.72
OC02719,B07,2025-08-08,Rent,14221.54
OC02720,B04,2025-12-25,Other Operating Cost,5626.04
OC02721,B03,2026-10-21,Staff Salary,29279.79
OC02722,B06,2026-05-24,Staff Salary,18097.15
OC02723,B08,2025-01-07,Rent,13195.14
OC02724,B05,2026-09-24,Other Operating Cost,4599.71
OC02725,B08,2025-08-12,Staff Salary,31609.85
OC02726,B07,2027-01-01,Staff Salary,25628.69
OC02727,B02,2026-04-21,Packaging,5613.52
OC02728,B03,2026-05-08,Staff Salary,25437.98
OC02729,B01,2025-07-04,Other Operating Cost,5240.7
OC02730,B04,2026-01-17,Other Operating Cost,2986.33
OC02731,B07,2026-04-28,Rent,12762.97
OC02732,B01,2026-09-02,Other Operating Cost,6611.83
OC02733,B06,2026-04-25,Staff Salary,14839.67
OC02734,B02,2026-04-07,Other Operating Cost,5061.54
OC02735,B01,2026-12-27,Rent,16130.93
OC02736,B04,2025-10-30,Rent,17027.6
OC02737,B04,2025-09-19,Utilities,5899.12
OC02738,B02,2025-06-25,Other Operating Cost,3567.22
OC02739,B02,2025-03-24,Rent,16119.4
OC02740,B08,2025-05-28,Staff Salary,9757.92
OC02741,B07,2026-10-30,Packaging,2646.81
OC02742,B08,2025-04-11,Packaging,6267.16
OC02743,B05,2026-10-22,Maintenance,5407.89
OC02744,B01,2026-11-28,Rent,19654.49
OC02745,B03,2025-08-27,Rent,22645.85
OC02746,B08,2026-12-18,Maintenance,2665.82
OC02747,B01,2025-06-18,Staff Salary,20321.94
OC02748,B06,2026-09-14,Staff Salary,28134.95
OC02749,B06,2025-01-17,Packaging,3115.13
OC02750,B08,2025-10-05,Rent,21814.94
OC02751,B08,2026-11-03,Maintenance,3870.36
OC02752,B07,2025-03-28,Rent,17378.21
OC02753,B03,2026-02-05,Other Operating Cost,4987.02
OC02754,B06,2026-05-04,Rent,15483.06
OC02755,B05,2026-05-23,Staff Salary,20302.78
OC02756,B05,2025-10-29,Staff Salary,15601.73
OC02757,B05,2026-02-05,Utilities,6674.89
OC02758,B05,2025-05-08,Staff Salary,17822.66
OC02759,B04,2025-10-16,Rent,15871.3
OC02760,B02,2025-04-17,Rent,15880.01
OC02761,B05,2025-03-13,Staff Salary,23111.59
OC02762,B08,2025-09-21,Rent,14990.24
OC02763,B05,2026-12-10,Staff Salary,29076.92
OC02764,B01,2025-10-03,Staff Salary,22344.37
OC02765,B05,2026-11-02,Utilities,6577.33
OC02766,B04,2026-06-30,Maintenance,4470.27
OC02767,B02,2026-08-02,Utilities,6181.95
OC02768,B07,2025-06-26,Packaging,4455.03
OC02769,B02,2025-04-14,Rent,15704.36
OC02770,B08,2026-12-09,Maintenance,4310.33
OC02771,B05,2025-08-07,Rent,18509.44
OC02772,B04,2025-09-23,Rent,15465.04
OC02773,B05,2026-10-28,Utilities,6199.0
OC02774,B05,2026-06-22,Packaging,3538.63
OC02775,B07,2025-04-11,Other Operating Cost,4889.18
OC02776,B02,2025-05-25,Packaging,5086.45
OC02777,B06,2025-01-17,Other Operating Cost,6284.9
OC02778,B01,2025-10-19,Staff Salary,8239.7
OC02779,B05,2026-07-24,Staff Salary,11301.62
OC02780,B02,2026-03-23,Staff Salary,18896.56
OC02781,B08,2025-10-15,Staff Salary,19144.19
OC02782,B03,2025-01-31,Rent,11617.67
OC02783,B02,2025-08-11,Packaging,5070.6
OC02784,B07,2025-03-14,Packaging,5767.12
OC02785,B04,2026-12-08,Utilities,5872.58
OC02786,B05,2026-01-08,Other Operating Cost,4647.32
OC02787,B01,2026-11-19,Packaging,5336.93
OC02788,B08,2026-12-19,Utilities,6564.61
OC02789,B05,2026-12-13,Maintenance,3896.97
OC02790,B05,2026-02-06,Packaging,3522.6
OC02791,B02,2026-07-30,Packaging,3767.02
OC02792,B05,2026-08-28,Other Operating Cost,6676.63
OC02793,B08,2026-06-06,Staff Salary,27094.06
OC02794,B03,2026-05-17,Packaging,5893.57
OC02795,B05,2025-12-17,Rent,21040.02
OC02796,B02,2025-02-07,Packaging,5731.72
OC02797,B02,2026-01-02,Staff Salary,28638.81
OC02798,B05,2026-01-26,Packaging,3242.51
OC02799,B06,2025-10-09,Packaging,6029.96
OC02800,B01,2025-08-29,Packaging,4502.18
OC02801,B03,2025-02-02,Staff Salary,20007.42
OC02802,B08,2026-08-08,Utilities,7474.37
OC02803,B08,2026-02-22,Packaging,4667.96
OC02804,B01,2025-10-03,Other Operating Cost,3168.16
OC02805,B01,2026-08-18,Utilities,8136.55
OC02806,B01,2025-04-02,Rent,11799.08
OC02807,B07,2025-01-10,Staff Salary,17125.23
OC02808,B01,2026-09-10,Staff Salary,25624.13
OC02809,B02,2025-07-12,Staff Salary,16945.76
OC02810,B06,2025-06-15,Utilities,4259.22
OC02811,B06,2026-11-24,Maintenance,4900.13
OC02812,B07,2025-11-04,Maintenance,3537.87
OC02813,B01,2025-03-22,Rent,11481.72
OC02814,B03,2025-08-22,Staff Salary,25084.37
OC02815,B02,2026-12-23,Utilities,3099.39
OC02816,B08,2025-10-18,Packaging,5230.93
OC02817,B05,2025-11-26,Staff Salary,8745.62
OC02818,B01,2026-05-23,Maintenance,2040.14
OC02819,B08,2025-01-23,Staff Salary,21632.79
OC02820,B07,2026-06-10,Maintenance,4793.14
OC02821,B08,2026-12-01,Rent,16418.72
OC02822,B07,2025-12-16,Packaging,5490.12
OC02823,B07,2026-01-06,Other Operating Cost,5551.99
OC02824,B02,2025-09-15,Rent,14539.58
OC02825,B05,2025-12-12,Maintenance,3916.42
OC02826,B05,2026-07-19,Packaging,5111.98
OC02827,B01,2025-03-21,Packaging,6672.57
OC02828,B04,2025-04-17,Staff Salary,20787.85
OC02829,B07,2025-05-13,Rent,13772.42
OC02830,B01,2025-11-25,Staff Salary,24460.03
OC02831,B03,2026-11-16,Other Operating Cost,5820.75
OC02832,B05,2025-07-11,Packaging,4332.11
OC02833,B06,2025-03-20,Other Operating Cost,4862.33
OC02834,B01,2025-10-04,Packaging,5288.94
OC02835,B01,2025-04-17,Utilities,3750.22
OC02836,B03,2026-06-14,Other Operating Cost,5800.35
OC02837,B01,2025-02-21,Staff Salary,30289.06
OC02838,B02,2025-06-14,Utilities,5843.2
OC02839,B08,2025-11-30,Other Operating Cost,4890.44
OC02840,B08,2026-06-05,Staff Salary,24397.65
OC02841,B02,2025-12-26,Other Operating Cost,3674.8
OC02842,B02,2026-12-19,Staff Salary,23735.21
OC02843,B08,2026-03-05,Staff Salary,29365.92
OC02844,B05,2026-12-26,Rent,16258.2
OC02845,B04,2026-01-12,Staff Salary,21952.37
OC02846,B01,2025-07-26,Other Operating Cost,4754.35
OC02847,B02,2026-12-07,Maintenance,5069.25
OC02848,B05,2025-05-18,Maintenance,5291.27
OC02849,B08,2025-09-07,Rent,13481.75
OC02850,B03,2026-11-08,Utilities,4937.69
OC02851,B06,2026-02-16,Rent,14157.94
OC02852,B01,2026-05-31,Utilities,4432.38
OC02853,B07,2026-10-16,Maintenance,5844.01
OC02854,B04,2025-06-20,Staff Salary,15753.05
OC02855,B01,2026-08-15,Other Operating Cost,5176.98
OC02856,B01,2026-07-18,Utilities,8383.4
OC02857,B07,2025-08-03,Other Operating Cost,4520.62
OC02858,B06,2025-06-12,Packaging,4725.16
OC02859,B08,2026-01-15,Staff Salary,22943.4
OC02860,B04,2026-03-03,Packaging,5627.14
OC02861,B04,2026-06-25,Staff Salary,27126.37
OC02862,B06,2026-03-23,Staff Salary,24919.83
OC02863,B03,2026-11-04,Packaging,4041.1
OC02864,B04,2026-01-23,Maintenance,3298.16
OC02865,B02,2025-11-30,Maintenance,4596.48
OC02866,B04,2025-09-08,Staff Salary,25909.65
OC02867,B07,2025-12-24,Staff Salary,29226.75
OC02868,B07,2025-08-14,Other Operating Cost,5276.45
OC02869,B04,2025-07-23,Utilities,7005.54
OC02870,B06,2025-07-12,Utilities,4735.92
OC02871,B03,2026-05-14,Staff Salary,22562.75
OC02872,B06,2026-12-15,Rent,18263.3
OC02873,B08,2026-05-06,Staff Salary,19393.76
OC02874,B07,2025-03-20,Other Operating Cost,3929.77
OC02875,B03,2026-04-18,Rent,14747.1
OC02876,B05,2026-02-13,Maintenance,4438.45
OC02877,B03,2025-04-25,Packaging,4462.74
OC02878,B06,2026-12-27,Other Operating Cost,4941.2
OC02879,B04,2026-10-09,Other Operating Cost,7433.3
OC02880,B03,2025-02-25,Other Operating Cost,3843.81
OC02881,B05,2025-06-03,Staff Salary,20484.89
OC02882,B06,2025-03-06,Rent,12079.39
OC02883,B04,2026-09-09,Staff Salary,17163.32
OC02884,B07,2025-01-19,Rent,10681.91
OC02885,B02,2025-10-07,Rent,19554.84
OC02886,B08,2025-03-04,Staff Salary,21079.13
OC02887,B07,2025-01-01,Utilities,5830.28
OC02888,B08,2026-12-01,Packaging,4949.62
OC02889,B01,2026-11-07,Packaging,6167.08
OC02890,B02,2025-09-17,Staff Salary,25193.52
OC02891,B06,2025-06-29,Rent,15607.59
OC02892,B03,2025-10-27,Rent,12441.45
OC02893,B01,2025-08-11,Staff Salary,24178.91
OC02894,B03,2025-09-08,Staff Salary,16692.52
OC02895,B05,2025-05-26,Maintenance,3849.73
OC02896,B04,2025-07-20,Utilities,4210.34
OC02897,B04,2025-03-26,Other Operating Cost,3721.22
OC02898,B01,2026-10-06,Maintenance,5730.02
OC02899,B08,2025-08-10,Rent,16907.73
OC02900,B02,2025-04-22,Packaging,2926.23
OC02901,B02,2025-03-03,Maintenance,3595.01
OC02902,B06,2026-04-17,Packaging,4017.75
OC02903,B05,2026-08-02,Packaging,2714.41
OC02904,B02,2026-11-19,Other Operating Cost,5838.04
OC02905,B05,2025-12-25,Maintenance,3234.28
OC02906,B05,2026-06-09,Staff Salary,32112.73
OC02907,B04,2025-09-09,Utilities,5262.95
OC02908,B05,2026-05-30,Rent,9376.86
OC02909,B06,2026-09-05,Utilities,6105.76
OC02910,B04,2025-04-19,Packaging,3700.52
OC02911,B06,2025-10-14,Utilities,7695.19
OC02912,B05,2026-02-04,Utilities,6464.44
OC02913,B05,2026-12-24,Maintenance,4076.89
OC02914,B03,2026-10-30,Rent,16321.79
OC02915,B02,2025-05-19,Rent,10799.82
OC02916,B01,2026-12-12,Other Operating Cost,4853.75
OC02917,B02,2026-12-02,Maintenance,3958.87
OC02918,B02,2026-03-18,Staff Salary,25587.0
OC02919,B01,2026-04-01,Packaging,4238.49
OC02920,B08,2025-06-29,Staff Salary,31058.39
OC02921,B03,2026-06-15,Staff Salary,26030.31
OC02922,B05,2026-10-10,Rent,13033.24
OC02923,B02,2026-07-22,Maintenance,5063.89
OC02924,B08,2025-03-03,Staff Salary,28186.93
OC02925,B05,2026-03-28,Packaging,2635.41
OC02926,B08,2026-04-05,Staff Salary,24167.37
OC02927,B07,2026-03-20,Staff Salary,19621.27
OC02928,B05,2025-04-06,Rent,16340.16
OC02929,B07,2026-05-03,Other Operating Cost,5200.64
OC02930,B02,2025-02-19,Other Operating Cost,2934.3
OC02931,B06,2026-07-13,Packaging,5422.11
OC02932,B03,2025-05-10,Packaging,2983.96
OC02933,B05,2025-09-28,Other Operating Cost,5217.92
OC02934,B08,2025-06-21,Staff Salary,20432.26
OC02935,B04,2026-10-07,Rent,13506.03
OC02936,B08,2025-04-26,Maintenance,4752.7
OC02937,B07,2025-01-02,Rent,11079.79
OC02938,B02,2025-02-20,Maintenance,3076.68
OC02939,B07,2025-09-26,Staff Salary,14056.17
OC02940,B07,2026-12-13,Packaging,5422.48
OC02941,B01,2025-11-02,Packaging,4384.8
OC02942,B06,2025-05-18,Rent,14826.59
OC02943,B04,2026-01-01,Packaging,5668.81
OC02944,B01,2026-10-12,Utilities,7964.63
OC02945,B03,2025-12-15,Utilities,4541.86
OC02946,B06,2025-05-04,Staff Salary,24857.22
OC02947,B06,2025-06-15,Rent,14077.64
OC02948,B01,2026-04-18,Rent,10432.52
OC02949,B06,2026-08-23,Staff Salary,28505.84
OC02950,B02,2025-04-13,Staff Salary,17713.74
OC02951,B05,2025-11-07,Staff Salary,17025.13
OC02952,B07,2025-08-30,Staff Salary,18103.92
OC02953,B04,2025-08-15,Maintenance,4035.01
OC02954,B08,2025-08-28,Staff Salary,23177.4
OC02955,B08,2026-04-23,Staff Salary,23532.01
OC02956,B08,2026-02-05,Staff Salary,18837.69
OC02957,B06,2026-07-06,Utilities,6199.25
OC02958,B01,2026-10-30,Rent,20286.34
OC02959,B08,2025-06-16,Utilities,5427.96
OC02960,B03,2025-10-23,Other Operating Cost,6145.28
OC02961,B05,2026-02-24,Staff Salary,32699.81
OC02962,B02,2026-01-25,Other Operating Cost,5663.79
OC02963,B07,2025-02-03,Staff Salary,25742.08
OC02964,B03,2026-12-06,Staff Salary,30525.27
OC02965,B02,2026-12-16,Utilities,4534.53
OC02966,B05,2026-09-28,Rent,9539.85
OC02967,B06,2025-02-16,Other Operating Cost,5441.0
OC02968,B07,2025-05-07,Staff Salary,23834.55
OC02969,B07,2025-10-14,Staff Salary,18249.31
OC02970,B05,2026-02-15,Maintenance,4498.41
OC02971,B01,2025-09-26,Packaging,4352.65
OC02972,B05,2026-01-14,Maintenance,5053.88
OC02973,B01,2025-06-19,Utilities,5093.96
OC02974,B08,2026-10-29,Staff Salary,24203.8
OC02975,B06,2026-04-17,Staff Salary,20697.46
OC02976,B08,2026-06-08,Other Operating Cost,4902.0
OC02977,B08,2025-10-13,Staff Salary,28394.39
OC02978,B02,2025-10-25,Utilities,6055.58
OC02979,B01,2025-07-06,Utilities,4665.27
OC02980,B08,2025-09-28,Utilities,5402.47
OC02981,B02,2025-07-30,Maintenance,4947.98
OC02982,B05,2025-05-13,Rent,18718.87
OC02983,B07,2025-12-08,Other Operating Cost,4490.69
OC02984,B03,2026-07-02,Staff Salary,22856.62
OC02985,B06,2025-01-30,Maintenance,3786.01
OC02986,B03,2026-08-15,Staff Salary,28967.67
OC02987,B02,2026-10-25,Maintenance,3413.84
OC02988,B06,2025-04-04,Utilities,5751.57
OC02989,B02,2026-06-21,Staff Salary,19949.14
OC02990,B06,2025-12-12,Utilities,5135.32
OC02991,B03,2026-01-26,Utilities,4612.18
OC02992,B02,2025-10-08,Packaging,3164.46
OC02993,B07,2026-09-14,Utilities,4943.22
OC02994,B04,2026-02-24,Rent,18641.58
OC02995,B05,2025-10-01,Utilities,5824.65
OC02996,B03,2026-02-27,Utilities,3310.8
OC02997,B04,2026-10-18,Maintenance,6190.13
OC02998,B02,2026-05-26,Staff Salary,24440.79
OC02999,B06,2025-06-29,Maintenance,3256.73
